Category level 1,Category level 2,Category level 3,Item,2000-01,2000-02,2000-03,2000-04,2000-05,2000-06,2000-07,2000-08,2000-09,2000-10,2000-11,2000-12,2001-01,2001-02,2001-03,2001-04,2001-05,2001-06,2001-07,2001-08,2001-09,2001-10,2001-11,2001-12,2002-01,2002-02,2002-03,2002-04,2002-05,2002-06,2002-07,2002-08,2002-09,2002-10,2002-11,2002-12,2003-01,2003-02,2003-03,2003-04,2003-05,2003-06,2003-07,2003-08,2003-09,2003-10,2003-11,2003-12,2004-01,2004-02,2004-03,2004-04,2004-05,2004-06,2004-07,2004-08,2004-09,2004-10,2004-11,2004-12,2005-01,2005-02,2005-03,2005-04,2005-05,2005-06,2005-07,2005-08,2005-09,2005-10,2005-11,2005-12,2006-01,2006-02,2006-03,2006-04,2006-05,2006-06,2006-07,2006-08,2006-09,2006-10,2006-11,2006-12,2007-01,2007-02,2007-03,2007-04,2007-05,2007-06,2007-07,2007-08,2007-09,2007-10,2007-11,2007-12,2008-01,2008-02,2008-03,2008-04,2008-05,2008-06,2008-07,2008-08,2008-09,2008-10,2008-11,2008-12,2009-01,2009-02,2009-03,2009-04,2009-05,2009-06,2009-07,2009-08,2009-09,2009-10,2009-11,2009-12,2010-01,2010-02,2010-03,2010-04,2010-05,2010-06,2010-07,2010-08,2010-09,2010-10,2010-11,2010-12,2011-01,2011-02,2011-03,2011-04,2011-05,2011-06,2011-07,2011-08,2011-09,2011-10,2011-11,2011-12,2012-01,2012-02,2012-03,2012-04,2012-05,2012-06,2012-07,2012-08,2012-09,2012-10,2012-11,2012-12,2013-01,2013-02,2013-03,2013-04,2013-05,2013-06,2013-07,2013-08,2013-09,2013-10,2013-11,2013-12,2014-01,2014-02,2014-03,2014-04,2014-05,2014-06,2014-07,2014-08,2014-09,2014-10,2014-11,2014-12,2015-01,2015-02,2015-03,2015-04,2015-05,2015-06,2015-07,2015-08,2015-09,2015-10,2015-11,2015-12,2016-01,2016-02,2016-03,2016-04,2016-05,2016-06,2016-07,2016-08,2016-09,2016-10,2016-11,2016-12,2017-01,2017-02,2017-03,2017-04,2017-05,2017-06,2017-07,2017-08,2017-09,2017-10,2017-11,2017-12,2018-01,2018-02,2018-03,2018-04,2018-05,2018-06,2018-07,2018-08,2018-09,2018-10,2018-11,2018-12,2019-01,2019-02,2019-03,2019-04,2019-05,2019-06,2019-07,2019-08,2019-09,2019-10,2019-11,2019-12,2020-01,2020-02,2020-03,2020-04,2020-05,2020-06,2020-07,2020-08,2020-09,2020-10,2020-11,2020-12,2021-01,2021-02,2021-03,2021-04,2021-05,2021-06,2021-07,2021-08,2021-09,2021-10,2021-11,2021-12,2022-01,2022-02,2022-03,2022-04,2022-05,2022-06,2022-07,2022-08,2022-09,2022-10,2022-11,2022-12,2023-01,2023-02,2023-03,2023-04,2023-05,2023-06,2023-07,2023-08,2023-09,2023-10,2023-11,2023-12,2024-01,2024-02,2024-03,2024-04,2024-05,2024-06,2024-07,2024-08,2024-09,2024-10,2024-11,2024-12,2025-01,2025-02,2025-03,2025-04,2025-05,2025-06,2025-07,2025-08,2025-09,2025-10,2025-11
-,-,-,Household number distribution (sampling rate adjustment),10000.0,10000.0,10000.0,10000.0,10000.0,10000.0,10000.0,10000.0,10000.0,10000.0,10000.0,10000.0,10000.0,10000.0,10000.0,10000.0,10000.0,10000.0,10000.0,10000.0,10000.0,10000.0,10000.0,10000.0,10000.0,10000.0,10000.0,10000.0,10000.0,10000.0,10000.0,10000.0,10000.0,10000.0,10000.0,10000.0,10000.0,10000.0,10000.0,10000.0,10000.0,10000.0,10000.0,10000.0,10000.0,10000.0,10000.0,10000.0,10000.0,10000.0,10000.0,10000.0,10000.0,10000.0,10000.0,10000.0,10000.0,10000.0,10000.0,10000.0,10000.0,10000.0,10000.0,10000.0,10000.0,10000.0,10000.0,10000.0,10000.0,10000.0,10000.0,10000.0,10000.0,10000.0,10000.0,10000.0,10000.0,10000.0,10000.0,10000.0,10000.0,10000.0,10000.0,10000.0,10000.0,10000.0,10000.0,10000.0,10000.0,10000.0,10000.0,10000.0,10000.0,10000.0,10000.0,10000.0,10000.0,10000.0,10000.0,10000.0,10000.0,10000.0,10000.0,10000.0,10000.0,10000.0,10000.0,10000.0,10000.0,10000.0,10000.0,10000.0,10000.0,10000.0,10000.0,10000.0,10000.0,10000.0,10000.0,10000.0,10000.0,10000.0,10000.0,10000.0,10000.0,10000.0,10000.0,10000.0,10000.0,10000.0,10000.0,10000.0,10000.0,10000.0,10000.0,10000.0,10000.0,10000.0,10000.0,10000.0,10000.0,10000.0,10000.0,10000.0,10000.0,10000.0,10000.0,10000.0,10000.0,10000.0,10000.0,10000.0,10000.0,10000.0,10000.0,10000.0,10000.0,10000.0,10000.0,10000.0,10000.0,10000.0,10000.0,10000.0,10000.0,10000.0,10000.0,10000.0,10000.0,10000.0,10000.0,10000.0,10000.0,10000.0,10000.0,10000.0,10000.0,10000.0,10000.0,10000.0,10000.0,10000.0,10000.0,10000.0,10000.0,10000.0,10000.0,10000.0,10000.0,10000.0,10000.0,10000.0,10000.0,10000.0,10000.0,10000.0,10000.0,10000.0,10000.0,10000.0,10000.0,10000.0,10000.0,10000.0,10000.0,10000.0,10000.0,10000.0,10000.0,10000.0,10000.0,10000.0,10000.0,10000.0,10000.0,10000.0,10000.0,10000.0,10000.0,10000.0,10000.0,10000.0,10000.0,10000.0,10000.0,10000.0,10000.0,10000.0,10000.0,10000.0,10000.0,10000.0,10000.0,10000.0,10000.0,10000.0,10000.0,10000.0,10000.0,10000.0,10000.0,10000.0,10000.0,10000.0,10000.0,10000.0,10000.0,10000.0,10000.0,10000.0,10000.0,10000.0,10000.0,10000.0,10000.0,10000.0,10000.0,10000.0,10000.0,10000.0,10000.0,10000.0,10000.0,10000.0,10000.0,10000.0,10000.0,10000.0,10000.0,10000.0,10000.0,10000.0,10000.0,10000.0,10000.0,10000.0,10000.0,10000.0,10000.0,10000.0,10000.0,10000.0,10000.0,10000.0,10000.0,10000.0,10000.0,10000.0,10000.0,10000.0,10000.0,10000.0,10000.0,10000.0,10000.0,10000.0,10000.0,10000.0,10000.0,10000.0,10000.0,10000.0,10000.0,10000.0,10000.0,10000.0,10000.0,10000.0,10000.0,10000.0,10000.0
-,-,-,Total number of households,7887.0,7942.0,7934.0,7922.0,7928.0,7917.0,7907.0,7908.0,7917.0,7937.0,7914.0,7933.0,7888.0,7887.0,7907.0,7927.0,7948.0,7924.0,7907.0,7909.0,7910.0,7908.0,7914.0,7924.0,7857.0,7877.0,7915.0,7894.0,7932.0,7926.0,7914.0,7893.0,7914.0,7933.0,7905.0,7932.0,7850.0,7879.0,7917.0,7911.0,7922.0,7925.0,7921.0,7913.0,7912.0,7930.0,7917.0,7943.0,7875.0,7898.0,7890.0,7884.0,7916.0,7911.0,7892.0,7915.0,7885.0,7883.0,7887.0,7911.0,7826.0,7878.0,7862.0,7881.0,7915.0,7901.0,7893.0,7910.0,7905.0,7913.0,7897.0,7909.0,7840.0,7853.0,7859.0,7838.0,7890.0,7864.0,7845.0,7868.0,7816.0,7866.0,7828.0,7881.0,7781.0,7785.0,7837.0,7831.0,7844.0,7850.0,7847.0,7811.0,7833.0,7852.0,7832.0,7862.0,7748.0,7815.0,7828.0,7825.0,7813.0,7830.0,7819.0,7797.0,7838.0,7809.0,7826.0,7865.0,7757.0,7790.0,7862.0,7837.0,7858.0,7821.0,7790.0,7839.0,7847.0,7846.0,7822.0,7870.0,7801.0,7827.0,7829.0,7793.0,7806.0,7802.0,7775.0,7810.0,7833.0,7842.0,7834.0,7857.0,7790.0,7808.0,7474.0,7475.0,7552.0,7597.0,7656.0,7699.0,7725.0,7757.0,7781.0,7796.0,7754.0,7774.0,7784.0,7757.0,7798.0,7801.0,7804.0,7812.0,7782.0,7802.0,7784.0,7798.0,7722.0,7764.0,7770.0,7801.0,7788.0,7806.0,7761.0,7803.0,7826.0,7783.0,7764.0,7818.0,7729.0,7746.0,7810.0,7733.0,7770.0,7791.0,7720.0,7789.0,7788.0,7775.0,7823.0,7810.0,7761.0,7779.0,7763.0,7778.0,7786.0,7768.0,7731.0,7795.0,7803.0,7795.0,7749.0,7751.0,7762.0,7759.0,7724.0,7703.0,7735.0,7709.0,7656.0,7657.0,7697.0,7708.0,7699.0,7720.0,7673.0,7714.0,7689.0,7719.0,7735.0,7706.0,7710.0,7738.0,7729.0,7737.0,7678.0,7671.0,7596.0,7654.0,7656.0,7662.0,7648.0,7649.0,7648.0,7671.0,7617.0,7620.0,7600.0,7639.0,7555.0,7572.0,7581.0,7541.0,7548.0,7553.0,7501.0,7479.0,7517.0,7470.0,7466.0,7481.0,7443.0,7475.0,7489.0,7534.0,7430.0,7489.0,7521.0,7557.0,7535.0,7532.0,7506.0,7540.0,7485.0,7485.0,7425.0,7459.0,7459.0,7401.0,7370.0,7397.0,7378.0,7407.0,7411.0,7416.0,7353.0,7315.0,7369.0,7357.0,7391.0,7348.0,7307.0,7339.0,7369.0,7324.0,7308.0,7315.0,7207.0,7185.0,7240.0,7228.0,7284.0,7256.0,7231.0,7254.0,7267.0,7309.0,7300.0,7348.0,7258.0,7294.0,7243.0,7199.0,7223.0,7212.0,7213.0,7236.0,7238.0,7202.0,7272.0,7251.0,7147.0,7273.0,7263.0,7302.0,7325.0,7285.0,7260.0,7256.0,7270.0,7232.0,7239.0
-,-,-,Household members (people),3.32,3.32,3.32,3.32,3.31,3.31,3.31,3.31,3.31,3.3,3.3,3.29,3.29,3.29,3.29,3.29,3.28,3.28,3.28,3.28,3.28,3.28,3.28,3.28,3.26,3.25,3.25,3.25,3.24,3.24,3.24,3.24,3.24,3.24,3.24,3.23,3.24,3.23,3.23,3.23,3.22,3.22,3.22,3.21,3.21,3.21,3.21,3.21,3.21,3.21,3.2,3.19,3.2,3.2,3.19,3.19,3.18,3.19,3.18,3.18,3.18,3.18,3.18,3.18,3.17,3.18,3.17,3.17,3.17,3.17,3.17,3.17,3.16,3.16,3.16,3.16,3.16,3.16,3.16,3.16,3.16,3.16,3.16,3.15,3.15,3.15,3.15,3.15,3.15,3.15,3.15,3.14,3.14,3.14,3.13,3.13,3.13,3.13,3.13,3.14,3.13,3.13,3.13,3.13,3.12,3.12,3.12,3.12,3.12,3.11,3.11,3.11,3.11,3.11,3.11,3.1,3.1,3.1,3.1,3.1,3.09,3.09,3.09,3.09,3.09,3.09,3.09,3.09,3.09,3.09,3.08,3.08,3.08,3.09,3.09,3.09,3.09,3.09,3.08,3.08,3.08,3.08,3.07,3.07,3.07,3.07,3.08,3.07,3.07,3.07,3.07,3.06,3.06,3.06,3.06,3.06,3.06,3.06,3.06,3.06,3.05,3.05,3.05,3.05,3.05,3.05,3.04,3.05,3.04,3.04,3.04,3.04,3.04,3.03,3.03,3.03,3.03,3.03,3.03,3.03,3.02,3.03,3.02,3.02,3.02,3.02,3.02,3.01,3.01,3.01,3.01,3.01,3.0,3.0,3.0,3.0,2.99,2.99,2.99,2.99,2.99,2.99,2.98,2.98,2.98,2.98,2.98,2.97,2.98,2.98,2.98,2.98,2.98,2.98,2.98,2.98,2.98,2.97,2.97,2.97,2.97,2.97,2.98,2.98,2.97,2.98,2.98,2.98,2.98,2.98,2.97,2.97,2.97,2.97,2.96,2.96,2.96,2.96,2.96,2.96,2.96,2.96,2.96,2.96,2.96,2.95,2.95,2.95,2.95,2.94,2.94,2.95,2.94,2.94,2.94,2.93,2.93,2.93,2.93,2.93,2.93,2.93,2.93,2.92,2.92,2.92,2.92,2.91,2.91,2.91,2.91,2.91,2.91,2.91,2.9,2.9,2.9,2.9,2.9,2.9,2.9,2.9,2.9,2.89,2.89,2.89,2.89,2.89,2.89,2.89,2.89,2.88,2.88,2.88,2.88,2.88,2.88,2.88,2.88,2.88,2.88,2.88,2.88,2.88,2.87,2.87,2.87,2.87,2.87,2.87,2.87
-,-,-,Number of people under 18 years old (persons),0.74,0.75,0.75,0.75,0.75,0.74,0.74,0.74,0.74,0.73,0.72,0.73,0.72,0.72,0.72,0.71,0.71,0.71,0.71,0.71,0.71,0.71,0.71,0.7,0.69,0.7,0.69,0.69,0.7,0.7,0.7,0.7,0.71,0.71,0.7,0.69,0.69,0.69,0.68,0.67,0.68,0.68,0.67,0.68,0.68,0.68,0.67,0.68,0.68,0.68,0.68,0.68,0.69,0.68,0.68,0.68,0.67,0.67,0.67,0.67,0.66,0.65,0.64,0.65,0.64,0.65,0.64,0.64,0.64,0.63,0.64,0.63,0.63,0.64,0.64,0.64,0.65,0.65,0.65,0.65,0.65,0.65,0.66,0.66,0.66,0.65,0.64,0.65,0.64,0.63,0.63,0.63,0.63,0.63,0.64,0.64,0.64,0.64,0.64,0.64,0.63,0.64,0.64,0.63,0.64,0.65,0.66,0.66,0.66,0.66,0.66,0.66,0.65,0.65,0.64,0.64,0.65,0.64,0.64,0.64,0.64,0.64,0.63,0.63,0.63,0.63,0.63,0.63,0.63,0.62,0.62,0.62,0.63,0.63,0.63,0.63,0.63,0.63,0.61,0.61,0.61,0.62,0.62,0.64,0.63,0.62,0.62,0.61,0.61,0.6,0.59,0.59,0.58,0.59,0.58,0.6,0.6,0.6,0.59,0.6,0.6,0.58,0.58,0.59,0.59,0.58,0.59,0.59,0.59,0.59,0.58,0.58,0.59,0.59,0.6,0.59,0.6,0.59,0.59,0.59,0.58,0.57,0.57,0.59,0.59,0.58,0.58,0.57,0.57,0.56,0.55,0.55,0.55,0.55,0.55,0.56,0.56,0.55,0.56,0.57,0.57,0.56,0.56,0.56,0.55,0.54,0.54,0.54,0.55,0.55,0.55,0.54,0.55,0.55,0.55,0.55,0.55,0.55,0.55,0.54,0.55,0.55,0.56,0.56,0.56,0.57,0.58,0.59,0.58,0.59,0.59,0.59,0.58,0.57,0.57,0.57,0.58,0.58,0.58,0.58,0.58,0.58,0.57,0.58,0.58,0.57,0.57,0.57,0.56,0.55,0.53,0.53,0.53,0.53,0.53,0.55,0.55,0.54,0.55,0.55,0.56,0.56,0.55,0.55,0.55,0.55,0.54,0.55,0.55,0.54,0.54,0.54,0.54,0.54,0.54,0.54,0.54,0.53,0.52,0.53,0.54,0.53,0.54,0.54,0.54,0.55,0.54,0.55,0.54,0.55,0.55,0.54,0.54,0.55,0.54,0.52,0.53,0.52,0.52,0.52,0.52,0.52,0.52,0.53,0.52,0.52,0.52,0.52,0.52,0.51,0.51
-,-,-,Number of people aged 65 and over (people),0.52,0.53,0.53,0.52,0.52,0.53,0.54,0.53,0.53,0.54,0.55,0.55,0.56,0.57,0.57,0.58,0.57,0.56,0.57,0.57,0.57,0.56,0.55,0.57,0.55,0.57,0.58,0.58,0.58,0.58,0.58,0.59,0.58,0.58,0.58,0.58,0.58,0.59,0.59,0.59,0.59,0.59,0.59,0.59,0.6,0.6,0.61,0.61,0.6,0.6,0.6,0.6,0.59,0.58,0.59,0.6,0.59,0.59,0.59,0.61,0.6,0.62,0.62,0.62,0.63,0.62,0.63,0.63,0.62,0.62,0.62,0.62,0.63,0.62,0.63,0.63,0.64,0.64,0.63,0.64,0.63,0.64,0.64,0.65,0.66,0.66,0.68,0.67,0.68,0.67,0.67,0.68,0.67,0.66,0.66,0.66,0.65,0.65,0.66,0.66,0.66,0.67,0.66,0.66,0.65,0.65,0.64,0.64,0.65,0.65,0.64,0.65,0.65,0.66,0.67,0.67,0.67,0.67,0.67,0.66,0.66,0.65,0.66,0.67,0.68,0.69,0.69,0.68,0.68,0.68,0.67,0.68,0.67,0.68,0.69,0.68,0.69,0.69,0.71,0.71,0.7,0.7,0.7,0.7,0.7,0.71,0.71,0.72,0.72,0.73,0.72,0.73,0.73,0.73,0.73,0.73,0.73,0.74,0.74,0.74,0.74,0.76,0.78,0.77,0.76,0.77,0.78,0.77,0.75,0.76,0.77,0.79,0.79,0.79,0.78,0.79,0.79,0.79,0.79,0.79,0.8,0.81,0.8,0.81,0.82,0.81,0.83,0.83,0.82,0.83,0.81,0.82,0.81,0.82,0.82,0.83,0.84,0.84,0.85,0.85,0.85,0.85,0.85,0.86,0.85,0.85,0.86,0.87,0.86,0.86,0.86,0.86,0.85,0.85,0.85,0.85,0.84,0.84,0.84,0.84,0.84,0.84,0.83,0.82,0.83,0.83,0.82,0.82,0.81,0.82,0.83,0.83,0.83,0.83,0.84,0.83,0.82,0.82,0.82,0.82,0.82,0.83,0.86,0.86,0.85,0.86,0.86,0.86,0.86,0.85,0.86,0.85,0.86,0.86,0.86,0.85,0.85,0.85,0.85,0.85,0.83,0.84,0.84,0.85,0.84,0.85,0.84,0.84,0.84,0.84,0.85,0.85,0.85,0.84,0.83,0.85,0.85,0.85,0.87,0.86,0.85,0.86,0.86,0.85,0.85,0.84,0.85,0.87,0.86,0.85,0.85,0.85,0.85,0.85,0.87,0.86,0.85,0.86,0.86,0.85,0.84,0.84,0.85,0.84,0.84,0.85,0.86,0.87,0.86,0.87,0.88
-,-,-,Number of unemployed people (people),0.41,0.41,0.41,0.41,0.41,0.42,0.42,0.42,0.42,0.42,0.43,0.42,0.43,0.44,0.44,0.45,0.44,0.44,0.44,0.44,0.45,0.44,0.44,0.45,0.43,0.45,0.45,0.46,0.46,0.47,0.47,0.47,0.47,0.47,0.47,0.47,0.47,0.47,0.47,0.46,0.47,0.47,0.48,0.47,0.48,0.48,0.48,0.48,0.47,0.47,0.48,0.48,0.47,0.47,0.48,0.48,0.47,0.47,0.47,0.48,0.48,0.49,0.49,0.5,0.49,0.49,0.5,0.49,0.5,0.49,0.49,0.5,0.51,0.5,0.51,0.51,0.52,0.51,0.51,0.52,0.51,0.51,0.51,0.52,0.53,0.54,0.55,0.54,0.54,0.54,0.54,0.54,0.54,0.53,0.53,0.53,0.53,0.53,0.53,0.53,0.53,0.54,0.52,0.53,0.52,0.52,0.52,0.52,0.52,0.52,0.52,0.53,0.53,0.53,0.54,0.54,0.54,0.54,0.54,0.54,0.53,0.53,0.53,0.54,0.55,0.55,0.56,0.55,0.56,0.55,0.56,0.56,0.55,0.55,0.56,0.56,0.56,0.56,0.58,0.58,0.57,0.58,0.57,0.57,0.56,0.57,0.57,0.58,0.58,0.6,0.59,0.6,0.61,0.6,0.6,0.6,0.6,0.6,0.6,0.6,0.6,0.61,0.62,0.61,0.61,0.61,0.62,0.61,0.6,0.61,0.62,0.63,0.62,0.64,0.63,0.64,0.64,0.65,0.64,0.64,0.64,0.64,0.63,0.63,0.64,0.64,0.65,0.65,0.65,0.64,0.64,0.64,0.63,0.64,0.65,0.65,0.66,0.66,0.66,0.67,0.68,0.68,0.68,0.68,0.68,0.67,0.68,0.68,0.68,0.69,0.7,0.69,0.67,0.67,0.67,0.67,0.66,0.67,0.67,0.66,0.67,0.67,0.65,0.65,0.65,0.65,0.64,0.65,0.64,0.65,0.66,0.66,0.66,0.66,0.67,0.67,0.66,0.66,0.66,0.66,0.65,0.66,0.68,0.68,0.68,0.68,0.68,0.68,0.68,0.67,0.68,0.68,0.68,0.68,0.68,0.67,0.67,0.68,0.68,0.68,0.67,0.68,0.67,0.67,0.67,0.68,0.66,0.67,0.67,0.67,0.67,0.66,0.67,0.67,0.66,0.67,0.66,0.67,0.68,0.68,0.66,0.67,0.68,0.67,0.67,0.67,0.67,0.69,0.68,0.67,0.67,0.67,0.67,0.67,0.68,0.67,0.68,0.68,0.67,0.67,0.65,0.66,0.66,0.66,0.66,0.67,0.66,0.67,0.67,0.68,0.68
-,-,-,Employed personnel (persons),1.51,1.51,1.51,1.52,1.53,1.53,1.52,1.52,1.51,1.52,1.53,1.52,1.51,1.51,1.51,1.52,1.5,1.53,1.52,1.51,1.51,1.49,1.49,1.48,1.48,1.45,1.45,1.46,1.44,1.45,1.44,1.44,1.44,1.44,1.45,1.44,1.44,1.44,1.45,1.45,1.44,1.44,1.44,1.43,1.43,1.43,1.44,1.44,1.43,1.43,1.43,1.42,1.42,1.42,1.41,1.4,1.4,1.41,1.4,1.39,1.41,1.42,1.41,1.41,1.43,1.43,1.43,1.43,1.43,1.42,1.42,1.41,1.41,1.4,1.39,1.4,1.41,1.42,1.43,1.43,1.43,1.41,1.4,1.39,1.37,1.38,1.38,1.39,1.4,1.41,1.41,1.4,1.39,1.39,1.39,1.38,1.38,1.38,1.38,1.4,1.4,1.4,1.41,1.4,1.38,1.38,1.37,1.37,1.37,1.36,1.37,1.37,1.38,1.37,1.37,1.37,1.37,1.37,1.37,1.37,1.37,1.37,1.37,1.37,1.36,1.36,1.35,1.35,1.34,1.36,1.35,1.34,1.33,1.33,1.33,1.32,1.33,1.34,1.34,1.34,1.33,1.32,1.32,1.32,1.32,1.32,1.32,1.33,1.34,1.33,1.33,1.32,1.33,1.33,1.33,1.33,1.33,1.32,1.33,1.34,1.34,1.34,1.33,1.34,1.34,1.34,1.34,1.35,1.35,1.33,1.32,1.33,1.32,1.31,1.31,1.31,1.3,1.29,1.3,1.31,1.32,1.33,1.34,1.36,1.35,1.36,1.36,1.36,1.35,1.35,1.35,1.35,1.36,1.36,1.35,1.36,1.35,1.36,1.35,1.33,1.32,1.32,1.32,1.31,1.31,1.32,1.32,1.32,1.32,1.32,1.3,1.32,1.32,1.33,1.34,1.34,1.34,1.34,1.34,1.36,1.35,1.36,1.36,1.36,1.35,1.35,1.35,1.34,1.34,1.33,1.33,1.33,1.34,1.35,1.35,1.35,1.35,1.35,1.34,1.34,1.34,1.33,1.32,1.33,1.33,1.33,1.33,1.34,1.34,1.35,1.35,1.35,1.35,1.34,1.34,1.34,1.34,1.34,1.32,1.33,1.33,1.33,1.34,1.33,1.33,1.31,1.33,1.33,1.34,1.34,1.34,1.34,1.34,1.33,1.33,1.33,1.34,1.33,1.33,1.35,1.34,1.35,1.34,1.33,1.33,1.32,1.33,1.33,1.34,1.33,1.33,1.33,1.33,1.34,1.33,1.34,1.34,1.34,1.34,1.33,1.34,1.33,1.33,1.32,1.33,1.33,1.35,1.35,1.35,1.35,1.35
-,-,-,Age of household head (years),52.4,52.6,52.7,52.6,52.7,52.6,52.7,52.9,52.8,53.0,53.2,53.2,53.3,53.4,53.4,53.5,53.6,53.6,53.7,53.6,53.7,53.6,53.6,53.7,53.6,53.8,53.9,53.8,53.8,53.7,53.8,53.9,53.8,53.8,53.8,53.9,53.9,53.9,53.9,54.0,54.1,54.0,54.0,54.0,54.1,54.0,54.1,54.1,54.2,54.3,54.3,54.4,54.3,54.4,54.5,54.5,54.4,54.5,54.5,54.6,54.8,55.0,54.9,55.0,55.1,55.0,54.9,54.8,54.8,54.9,54.9,55.1,55.2,55.4,55.4,55.3,55.1,55.1,55.0,55.0,55.0,55.2,55.2,55.4,55.5,55.5,55.7,55.6,55.7,55.7,55.7,55.9,55.8,55.7,55.7,55.7,55.6,55.8,55.9,55.9,55.8,55.7,55.6,55.7,55.5,55.5,55.5,55.6,55.5,55.5,55.4,55.6,55.7,55.8,56.1,56.1,56.1,56.0,56.0,55.9,55.8,55.8,56.0,56.2,56.4,56.6,56.5,56.5,56.4,56.4,56.4,56.3,56.2,56.5,56.6,56.6,56.7,56.7,57.0,57.1,57.0,56.9,57.0,56.9,57.0,57.2,57.2,57.3,57.3,57.5,57.6,57.7,57.8,57.8,57.8,57.7,57.6,57.8,57.9,57.8,57.7,58.0,58.1,58.1,57.9,58.0,58.0,57.9,57.9,58.0,58.2,58.3,58.3,58.2,58.1,58.2,58.3,58.5,58.6,58.7,58.6,58.8,58.7,58.6,58.7,58.8,59.0,58.9,58.9,59.1,59.0,59.1,58.9,59.1,59.1,59.1,59.2,59.2,59.3,59.3,59.3,59.3,59.3,59.5,59.4,59.5,59.6,59.6,59.4,59.5,59.6,59.6,59.5,59.7,59.8,59.7,59.6,59.5,59.2,59.2,59.3,59.3,59.2,59.3,59.4,59.4,59.2,59.1,59.2,59.2,59.2,59.4,59.5,59.6,59.6,59.6,59.5,59.3,59.3,59.4,59.3,59.3,59.5,59.5,59.6,59.8,59.9,59.9,59.9,59.9,60.1,60.1,60.3,60.3,60.4,60.0,60.0,60.1,60.1,60.1,59.9,59.9,59.9,60.2,60.0,60.2,60.1,60.0,60.0,60.2,60.3,60.3,60.2,60.2,60.0,60.1,60.0,60.1,60.4,60.2,60.1,60.4,60.4,60.3,60.3,60.2,60.2,60.2,60.2,60.2,60.0,60.4,60.2,60.2,60.5,60.5,60.4,60.6,60.6,60.6,60.4,60.4,60.6,60.5,60.5,60.6,60.8,61.0,60.7,61.0,61.0
-,-,-,Home ownership rate (%),76.0,76.3,76.2,75.8,76.1,76.0,75.7,75.9,75.8,76.6,77.0,76.8,76.9,76.8,76.8,77.5,77.4,77.5,77.4,77.6,77.4,76.6,76.9,76.4,76.4,76.5,76.0,76.6,76.2,76.4,76.7,77.1,77.7,77.0,76.5,76.8,76.9,76.7,77.2,77.3,77.5,77.2,77.5,77.3,76.8,77.2,77.5,76.6,76.4,76.8,76.4,77.0,77.4,77.5,77.6,77.3,77.5,77.4,77.2,77.7,77.7,78.3,78.1,78.6,78.7,77.8,77.4,77.2,77.1,76.7,76.7,76.8,77.8,77.6,77.6,77.6,77.6,77.9,77.9,78.1,78.6,78.4,78.6,79.1,79.0,79.9,80.1,80.1,80.4,80.1,80.2,80.6,80.9,80.8,80.8,80.7,81.2,80.9,81.1,81.6,82.0,82.0,81.9,81.5,81.2,81.0,80.6,80.4,80.5,80.3,80.0,80.5,80.2,79.6,79.7,80.0,80.1,79.9,80.2,80.5,79.9,79.9,79.6,79.7,79.8,80.1,79.9,80.0,79.9,79.6,79.1,78.7,79.0,79.2,79.2,79.0,78.7,79.1,78.8,78.6,78.2,78.3,79.1,79.8,79.7,80.3,80.6,81.2,81.2,80.9,81.3,82.0,82.5,82.4,82.8,82.4,83.7,83.3,83.5,83.8,83.2,84.0,83.9,83.5,83.6,83.5,83.0,83.2,83.2,83.3,83.3,83.8,83.8,83.5,83.2,83.5,83.3,83.4,83.3,83.6,83.7,83.6,83.8,83.8,84.0,83.8,84.0,83.6,83.8,83.5,83.6,83.5,83.4,84.1,84.5,85.1,85.1,85.6,85.5,85.4,84.7,85.0,85.3,85.4,85.7,85.8,86.1,86.3,86.1,86.1,85.9,85.8,85.8,86.3,86.8,86.4,86.3,86.6,85.6,84.9,84.4,83.9,84.0,83.7,84.3,83.9,84.0,83.8,84.0,84.1,84.9,85.0,84.4,85.1,85.0,85.4,85.0,85.5,86.5,86.1,85.6,85.3,85.7,85.8,85.7,86.0,85.8,85.9,85.8,85.7,85.0,85.1,85.5,84.8,84.4,84.1,84.0,84.5,84.1,84.1,84.1,84.4,84.4,84.1,83.9,84.0,84.4,85.0,84.8,85.3,85.9,86.1,85.8,85.2,85.3,85.4,85.9,86.6,86.7,87.1,86.8,86.8,86.6,86.3,86.5,87.1,87.7,86.8,87.1,86.8,87.1,87.4,87.4,87.7,87.8,87.7,87.9,87.7,87.7,88.0,87.2,86.8,87.0,86.9,86.9,87.0,87.0,87.2,87.6,87.9,88.0
-,-,-,Percentage of households paying rent/ground rent (%),22.1,22.0,22.6,22.2,22.6,22.9,23.0,22.4,22.6,22.8,21.8,23.1,21.8,22.2,21.5,21.4,21.6,21.7,21.7,21.1,21.0,22.0,21.3,22.4,21.6,21.7,21.3,21.6,22.2,21.4,21.8,21.2,20.5,21.4,20.8,22.1,21.1,21.6,21.3,21.3,20.9,21.6,21.5,21.0,21.7,22.0,21.0,22.3,22.0,21.7,22.0,21.5,21.4,21.1,20.4,21.4,21.1,20.8,21.5,21.7,20.9,21.2,20.8,20.0,20.1,21.0,20.4,21.3,21.1,21.3,21.4,21.3,20.1,21.1,20.8,19.9,20.3,20.5,20.3,20.2,19.4,20.0,19.9,19.9,19.4,18.9,18.2,18.6,18.9,19.0,18.6,18.8,17.7,18.2,18.1,18.8,17.7,18.2,18.0,17.5,16.9,17.8,17.4,16.8,17.4,18.0,17.4,18.7,18.0,18.6,19.4,18.6,18.7,19.8,19.1,18.9,18.8,18.8,18.1,18.9,18.7,18.4,18.8,18.7,19.0,18.6,18.4,19.4,19.1,18.8,19.6,20.2,19.2,19.3,19.0,19.5,19.8,19.5,19.5,20.1,20.5,20.3,19.9,19.9,19.2,18.8,18.1,17.7,17.5,17.5,17.0,16.6,15.9,16.0,15.9,16.9,15.4,15.9,15.3,15.6,15.9,15.1,15.1,15.3,15.2,15.2,15.5,16.4,15.9,15.7,15.8,15.7,15.1,15.8,15.7,15.3,15.8,15.6,15.4,15.8,14.9,15.3,15.4,15.7,14.8,15.4,14.9,15.5,14.6,15.0,14.8,15.7,15.4,14.8,14.7,13.9,14.0,13.5,13.3,14.0,14.5,14.5,14.0,14.5,13.7,13.4,13.2,13.1,13.0,13.0,13.3,13.1,12.9,12.8,12.5,13.2,12.6,12.6,13.4,14.0,14.2,14.8,14.6,15.2,14.4,15.4,14.7,15.3,15.0,14.9,13.9,13.4,14.5,14.0,13.9,13.5,13.5,13.4,12.0,13.1,13.1,13.4,13.3,13.2,12.9,13.3,13.6,13.3,13.2,13.3,13.8,13.9,13.5,13.1,14.3,14.5,14.6,14.1,13.8,14.9,14.6,13.9,14.0,14.8,14.6,14.9,13.8,13.4,13.8,13.6,12.7,12.5,12.7,13.2,13.2,13.0,12.6,12.2,11.7,11.5,11.8,11.9,12.1,12.4,11.7,11.7,11.2,11.9,11.8,12.1,11.6,11.9,11.6,11.5,11.1,11.2,11.2,11.6,11.4,11.4,12.2,12.2,12.0,11.9,11.8,12.3,12.1,11.8,11.5,10.8,10.7
-,-,-,consumption expenditure,309621.0,290663.0,335341.0,335276.0,308566.0,297648.0,326480.0,309993.0,296457.0,309193.0,297144.0,391556.0,308912.0,293698.0,339910.0,318509.0,300346.0,286054.0,314251.0,302474.0,283973.0,305653.0,294929.0,359940.0,305221.0,273487.0,330380.0,320228.0,291968.0,289427.0,315699.0,298788.0,295423.0,304989.0,289126.0,356702.0,298734.0,270619.0,321847.0,315074.0,287172.0,291742.0,302444.0,302283.0,287699.0,299754.0,289498.0,355228.0,301275.0,284916.0,322091.0,325593.0,299964.0,283000.0,302616.0,301059.0,284946.0,296794.0,287806.0,345643.0,302145.0,272407.0,319333.0,317844.0,295783.0,284002.0,294764.0,302201.0,288147.0,300146.0,283603.0,346003.0,294617.0,269418.0,313350.0,312872.0,292114.0,280824.0,292328.0,292087.0,273194.0,294693.0,282860.0,340959.0,296472.0,272763.0,313563.0,316163.0,293231.0,280587.0,291632.0,296035.0,281448.0,296984.0,282836.0,351667.0,309826.0,275827.0,312565.0,310695.0,288128.0,281951.0,298366.0,291154.0,281433.0,291504.0,284762.0,336976.0,291440.0,266044.0,310680.0,306340.0,285530.0,277237.0,285078.0,290972.0,277110.0,287789.0,284740.0,337887.0,291918.0,261163.0,319991.0,299996.0,280714.0,276494.0,285274.0,293361.0,275367.0,287433.0,284212.0,327006.0,289191.0,260793.0,291900.0,292559.0,276159.0,265807.0,280046.0,282008.0,270010.0,285605.0,273428.0,328080.0,283124.0,267855.0,303841.0,301948.0,287911.0,269810.0,283295.0,286036.0,266705.0,284238.0,273772.0,325492.0,288934.0,268099.0,316166.0,304382.0,282366.0,269418.0,286098.0,284646.0,280692.0,290676.0,279546.0,334433.0,297070.0,266610.0,345443.0,302141.0,271411.0,272791.0,280293.0,282124.0,275226.0,288579.0,280271.0,332363.0,289847.0,265632.0,317579.0,300480.0,286433.0,268652.0,280471.0,291156.0,274309.0,282401.0,273268.0,318254.0,280973.0,269774.0,300889.0,298520.0,281827.0,261452.0,278067.0,276338.0,267119.0,281961.0,270848.0,318488.0,279249.0,260644.0,297942.0,295929.0,283056.0,268802.0,279197.0,280320.0,268802.0,282872.0,277361.0,322157.0,289703.0,265614.0,301230.0,294439.0,281307.0,267641.0,283387.0,292481.0,271273.0,290396.0,281041.0,329271.0,296345.0,271232.0,309274.0,301136.0,300901.0,276882.0,288026.0,296327.0,300609.0,279671.0,278765.0,321380.0,287173.0,271735.0,292214.0,267922.0,252017.0,273699.0,266897.0,276360.0,269863.0,283508.0,278718.0,315007.0,267760.0,252451.0,309800.0,301043.0,281063.0,260285.0,267710.0,266638.0,265306.0,281996.0,277029.0,317206.0,287801.0,257887.0,307261.0,304510.0,287687.0,276885.0,285313.0,289974.0,280999.0,298006.0,285947.0,328114.0,301646.0,272214.0,312758.0,303076.0,286443.0,275545.0,281736.0,293161.0,282969.0,301974.0,286922.0,329518.0,289467.0,279868.0,318713.0,313300.0,290328.0,280888.0,290931.0,297487.0,287963.0,305819.0,295518.0,352633.0,305521.0,290511.0,339232.0,325717.0,316085.0,295419.0,305694.0,313977.0,303214.0,306872.0,314242.0
1,-,-,food,23.7645,25.2213,23.7746,23.0688,26.385,25.7757,25.6622,28.0613,25.9684,25.7047,25.7848,27.5148,23.5996,24.0853,22.6757,23.276,25.9737,26.2013,25.9643,27.976,26.7888,25.0578,25.3922,28.8912,23.4997,24.8867,23.4064,23.1048,27.0088,26.2536,25.3982,28.3559,25.4764,24.7789,25.9122,28.766,23.6227,24.8608,23.7712,23.0219,26.708,25.3111,25.8891,27.1623,25.3484,24.9675,25.4945,28.2227,23.5595,24.5153,23.1146,21.8457,25.8614,25.664,26.029,26.917,25.4217,25.3492,25.3094,28.2902,23.3279,24.4083,22.9024,22.5906,25.8399,25.2766,26.4323,26.354,25.015,24.8496,25.096,27.8847,23.0941,24.1164,23.2701,22.77,25.6352,25.3529,26.1124,27.2025,25.9728,24.9304,25.2977,28.2782,23.7955,24.228,23.674,22.7484,25.6071,25.7421,25.8418,27.2086,26.0059,24.5478,25.4349,27.7399,22.2809,24.6412,23.956,22.8375,26.1936,25.6321,25.5458,27.6888,25.6708,25.4662,26.1899,28.811,23.8708,24.6177,23.6539,23.0417,26.9492,25.9392,26.2423,27.5178,26.0893,25.5618,25.5394,28.0182,23.9283,24.9365,22.6791,23.119,26.6983,25.3807,26.1601,26.8243,25.6182,25.5684,25.0851,28.7735,23.5567,24.98,24.1483,23.369,26.2791,26.0494,26.7992,27.3896,25.7383,25.578,25.7955,28.511,24.408,25.0225,24.1465,23.2977,25.312,25.8964,26.0273,27.1333,26.1934,25.2025,25.5537,28.8837,23.8951,24.3962,23.6151,23.2067,26.3141,26.8044,26.4381,28.019,25.7688,24.9498,26.0208,28.8868,23.9186,24.9143,22.9022,22.9621,28.126,26.8532,26.9407,28.7834,26.6428,25.7784,26.8965,29.4503,24.6358,25.9144,24.5756,24.3421,27.7643,27.5896,28.05,28.9216,27.6779,27.3576,27.9561,31.4774,26.4655,27.0549,26.3483,25.2378,28.5267,28.6404,28.943,29.9568,27.8082,27.7333,28.091,30.9425,26.3804,26.5769,26.1705,25.5271,28.1686,27.9551,28.4552,29.9829,28.1267,27.2745,27.9203,31.4803,26.5261,26.9914,26.3287,25.6376,27.7725,28.2576,28.015,28.9048,28.2,27.2097,27.3369,30.0072,25.5726,26.3638,25.9647,25.7236,26.9354,27.9729,27.7333,29.0206,26.5774,27.7261,28.1868,31.1448,26.4687,27.773,27.2092,27.5897,31.0582,28.223,29.7081,30.7707,29.1667,28.1749,28.6243,31.5079,27.7301,28.6424,25.6065,25.126,28.1944,29.2341,30.0,30.5328,28.8998,28.2071,28.3328,31.3733,26.3981,27.7854,26.0306,25.2911,28.5261,28.2283,29.0032,29.6402,28.7506,28.238,28.5049,31.2885,26.9031,28.2024,27.0954,27.2423,30.2853,29.5458,31.0674,31.0457,29.981,28.9386,30.111,32.8058,28.8112,29.3253,28.3832,26.7526,30.1421,30.4951,30.4361,32.5204,30.4511,29.3409,30.4672,32.2052,28.7257,29.0481,28.4434,27.4738,29.8034,30.4486,30.6293,32.6275,30.7156,30.7464,30.6834
1,1,-,grains,1.9702,2.379,2.2353,2.228,2.4134,2.462,2.3873,2.3626,2.5741,2.6889,2.4544,2.4975,1.9646,2.1454,2.0732,2.1554,2.316,2.4254,2.336,2.3328,2.7052,2.8002,2.3874,2.6215,1.993,2.3325,2.1351,2.1688,2.4013,2.4469,2.2822,2.309,2.401,2.703,2.4446,2.478,1.9291,2.2552,2.1715,2.1909,2.3961,2.3497,2.4434,2.3104,2.4519,2.9461,2.6142,2.662,2.0659,2.3221,2.2283,2.1521,2.39,2.4731,2.4516,2.373,2.5384,2.777,2.4798,2.4977,1.8991,2.2264,2.0439,2.029,2.2212,2.2334,2.3141,2.1386,2.3714,2.6127,2.2969,2.4295,1.8651,2.0919,2.0236,2.0069,2.1769,2.2527,2.2872,2.1302,2.432,2.6468,2.2711,2.4199,1.8777,2.1103,2.0334,2.0002,2.1686,2.2781,2.32,2.1041,2.4537,2.5739,2.3024,2.3417,1.8349,2.2282,2.1416,2.1021,2.2719,2.3788,2.259,2.2706,2.5196,2.6854,2.5839,2.5595,1.9935,2.2624,2.1904,2.1894,2.4456,2.3878,2.4618,2.3253,2.5575,2.7485,2.4482,2.4603,1.9851,2.2392,2.0557,2.1394,2.3497,2.3737,2.3514,2.153,2.44,2.5752,2.3504,2.4513,1.8977,2.1446,2.4587,2.1117,2.2672,2.3239,2.3821,2.2584,2.4395,2.7517,2.3063,2.4909,2.0083,2.1833,2.1156,2.0967,2.233,2.3791,2.3336,2.2602,2.5129,2.7375,2.3669,2.5276,1.9714,2.1563,2.0682,2.1194,2.3016,2.4546,2.2814,2.2171,2.3506,2.3985,2.2436,2.3221,1.8174,2.1316,2.0218,1.8518,2.2641,2.3007,2.2901,2.2859,2.3588,2.4236,2.2493,2.4196,1.8648,2.1003,1.9794,2.0461,2.1764,2.2948,2.2951,2.147,2.2777,2.6303,2.3062,2.5665,2.0358,2.223,2.1091,2.1178,2.2645,2.3798,2.3404,2.2313,2.351,2.4869,2.3323,2.423,1.9846,2.1332,2.096,2.0992,2.189,2.3024,2.2586,2.2025,2.4241,2.5128,2.345,2.4733,1.9834,2.1791,2.0858,2.124,2.2392,2.3789,2.2683,2.1663,2.4341,2.4997,2.3061,2.3245,1.9349,2.159,2.1211,2.1608,2.1256,2.2945,2.2404,2.1588,2.1909,2.6603,2.289,2.4137,1.973,2.3059,2.4824,2.7071,2.801,2.418,2.5111,2.42,2.5372,2.5273,2.2944,2.573,2.2699,2.3407,2.1233,2.1844,2.3984,2.4781,2.4093,2.4385,2.5013,2.4181,2.259,2.3962,2.0587,2.3165,2.1155,2.1067,2.2,2.2349,2.2645,2.2102,2.3431,2.4211,2.2207,2.3858,2.0196,2.1953,2.085,2.1711,2.294,2.3201,2.3866,2.2834,2.4162,2.4118,2.347,2.5158,2.1723,2.2814,2.2268,2.1756,2.3921,2.4889,2.4542,2.7547,2.6309,2.7408,2.6239,2.6935,2.3426,2.5854,2.5225,2.6971,2.7936,2.8966,2.7053,2.7467,3.2357,3.3431,2.8418
1,1,1,rice,0.7551,1.0043,0.962,0.998,1.0578,1.0633,0.9679,1.0207,1.3044,1.4185,1.1372,1.0323,0.7352,0.8733,0.8805,0.9281,0.9869,1.0246,0.9044,1.0064,1.429,1.5449,1.0823,1.0427,0.7395,0.9613,0.8878,0.9181,0.9991,1.0376,0.8923,0.9435,1.1864,1.446,1.0808,0.9072,0.6698,0.9079,0.892,0.9306,0.9639,0.9474,0.9344,0.9256,1.2016,1.6443,1.2687,1.0638,0.777,0.9585,0.9457,0.9328,1.0081,1.03,0.9306,0.9985,1.2736,1.4441,1.1539,0.9087,0.659,0.8906,0.8108,0.8274,0.8689,0.8591,0.8478,0.8498,1.1404,1.3587,0.9728,0.8847,0.6354,0.7676,0.786,0.7645,0.8226,0.8436,0.8152,0.7816,1.1428,1.3998,0.9305,0.8376,0.6159,0.7849,0.7542,0.7553,0.8018,0.8172,0.7986,0.7671,1.1931,1.293,0.9412,0.8121,0.6116,0.7936,0.7803,0.7737,0.7951,0.8374,0.7276,0.7628,1.1584,1.3207,1.1287,0.8707,0.6252,0.7717,0.7715,0.7955,0.8388,0.8105,0.8156,0.8314,1.1512,1.3069,0.9886,0.7798,0.6217,0.7581,0.7025,0.753,0.8129,0.8264,0.7652,0.7206,1.0629,1.1498,0.9472,0.7709,0.5481,0.6856,0.8684,0.6898,0.7036,0.7355,0.7331,0.7549,1.02,1.3323,0.8254,0.7934,0.6029,0.6993,0.6977,0.722,0.7728,0.8069,0.7466,0.7957,1.1061,1.3577,0.923,0.836,0.633,0.7449,0.7243,0.7638,0.8191,0.8548,0.7574,0.7634,1.0342,1.0624,0.8271,0.7152,0.5234,0.6789,0.7307,0.5411,0.703,0.7196,0.6693,0.7082,0.9334,0.981,0.755,0.6992,0.4654,0.617,0.5803,0.5957,0.6026,0.6387,0.619,0.6062,0.7685,1.096,0.7019,0.7214,0.5065,0.6528,0.6132,0.6308,0.6593,0.6617,0.6509,0.655,0.8539,0.9934,0.7864,0.6876,0.5056,0.6139,0.6041,0.6366,0.6296,0.6667,0.6229,0.6571,0.9248,1.0125,0.7903,0.7102,0.5264,0.6649,0.6032,0.6429,0.6726,0.7316,0.6761,0.6565,0.8637,1.0341,0.7963,0.6211,0.5028,0.6161,0.5927,0.6233,0.5932,0.6505,0.5947,0.5926,0.7768,1.0527,0.7053,0.6354,0.4882,0.6547,0.7296,0.7875,0.7623,0.6869,0.7033,0.6966,0.8905,0.9185,0.6627,0.6479,0.5539,0.6124,0.5923,0.5986,0.6543,0.6673,0.61,0.6709,0.8213,0.839,0.6559,0.5788,0.4826,0.5522,0.5171,0.5313,0.512,0.5435,0.5257,0.528,0.7128,0.8131,0.5648,0.5349,0.4452,0.5235,0.4908,0.5292,0.5505,0.5571,0.5544,0.5529,0.7665,0.7759,0.5998,0.5957,0.4778,0.5456,0.5456,0.5621,0.6524,0.6875,0.6727,0.9402,1.0095,1.1389,0.9235,0.8763,0.78,0.9304,0.9454,1.0887,1.1098,1.1496,0.9771,1.0746,1.6526,1.6828,1.179
1,1,2,bread,0.687,0.8013,0.7431,0.7281,0.7966,0.7909,0.702,0.7039,0.7391,0.7322,0.7374,0.5593,0.6788,0.7348,0.6996,0.7253,0.7744,0.7792,0.6698,0.6959,0.7349,0.7286,0.7409,0.5976,0.7005,0.7949,0.731,0.7401,0.8107,0.7798,0.6956,0.7122,0.7102,0.724,0.7561,0.6204,0.7214,0.793,0.7513,0.7401,0.8284,0.7897,0.7796,0.7364,0.7296,0.7646,0.7693,0.634,0.7462,0.816,0.7777,0.7426,0.8154,0.8127,0.7435,0.7407,0.7633,0.777,0.7613,0.6411,0.6993,0.7746,0.7368,0.718,0.784,0.7637,0.7416,0.6959,0.7364,0.7326,0.7595,0.6194,0.7087,0.7884,0.749,0.7479,0.7997,0.7962,0.7663,0.7289,0.7738,0.7391,0.77,0.6599,0.7377,0.7937,0.7708,0.748,0.8035,0.8158,0.7959,0.7344,0.7525,0.7593,0.7803,0.6378,0.722,0.8447,0.8008,0.7789,0.8521,0.8516,0.7729,0.7889,0.8016,0.8024,0.8175,0.6968,0.7758,0.8698,0.8285,0.822,0.9179,0.8787,0.8556,0.8124,0.8332,0.8419,0.8158,0.7056,0.7725,0.8543,0.7869,0.8227,0.8931,0.8687,0.829,0.767,0.8124,0.8284,0.798,0.7015,0.758,0.8409,0.8763,0.8549,0.9118,0.8724,0.8259,0.8188,0.84,0.8501,0.8532,0.7285,0.8148,0.8744,0.8481,0.819,0.8558,0.8828,0.8288,0.803,0.8429,0.8138,0.8142,0.7069,0.7791,0.8266,0.8008,0.8128,0.8815,0.8923,0.812,0.7855,0.7859,0.7861,0.8149,0.6815,0.748,0.8331,0.7414,0.8122,0.9421,0.886,0.8748,0.8812,0.872,0.859,0.8727,0.7573,0.8277,0.8873,0.8464,0.8736,0.9147,0.9399,0.9088,0.8631,0.8983,0.9228,0.9401,0.8148,0.894,0.9345,0.9106,0.8944,0.9467,0.9593,0.9023,0.8689,0.8816,0.8863,0.8987,0.7777,0.858,0.9116,0.9123,0.886,0.9101,0.9282,0.8625,0.859,0.8906,0.8852,0.8974,0.7977,0.8519,0.8983,0.9103,0.8908,0.9275,0.9348,0.8582,0.8407,0.9308,0.8929,0.9045,0.8121,0.8551,0.9405,0.937,0.9501,0.9216,0.9556,0.9378,0.8966,0.8489,0.9475,0.9467,0.8404,0.8758,0.966,0.9575,1.0003,1.088,0.9291,0.9753,0.9144,0.9334,0.9294,0.9267,0.8524,0.9505,1.0042,0.899,0.9271,0.9809,0.9855,0.9615,0.9541,0.9585,0.9128,0.91,0.8256,0.8808,1.0059,0.9354,0.9241,0.9792,0.961,0.9393,0.9208,0.9327,0.9288,0.9495,0.8372,0.8868,0.9797,0.9445,0.9575,1.0054,1.0118,0.98,0.9384,0.9623,0.9627,1.0072,0.9031,0.9718,1.0223,0.9934,0.9544,1.0002,1.0125,0.9648,0.9644,0.9331,0.9326,0.9597,0.8454,0.8697,0.9277,0.8973,0.9032,0.9422,0.9404,0.9042,0.9001,0.8974,0.948,0.9318
1,1,3,noodles,0.4279,0.4676,0.4419,0.4349,0.4936,0.5429,0.6622,0.5739,0.4571,0.4463,0.4621,0.5006,0.4451,0.4413,0.4113,0.4367,0.4871,0.5541,0.7099,0.567,0.4613,0.4348,0.4516,0.5406,0.4511,0.4753,0.4343,0.4409,0.5192,0.5663,0.6411,0.5884,0.4333,0.4462,0.4849,0.5285,0.4405,0.4578,0.4434,0.452,0.5265,0.5484,0.6699,0.5826,0.4494,0.4507,0.4681,0.5236,0.4418,0.4538,0.4275,0.4106,0.5011,0.5693,0.7174,0.569,0.4274,0.465,0.4566,0.5219,0.4193,0.4398,0.4033,0.3977,0.4753,0.5208,0.6378,0.5073,0.4001,0.4071,0.4337,0.504,0.407,0.4209,0.3903,0.4027,0.4611,0.5288,0.6219,0.5351,0.418,0.4021,0.4394,0.4971,0.4017,0.4088,0.4063,0.4036,0.4652,0.5464,0.6278,0.5121,0.4122,0.4118,0.4458,0.4752,0.3715,0.447,0.4418,0.4419,0.5209,0.5834,0.6646,0.6241,0.4516,0.4549,0.4976,0.5603,0.4625,0.4759,0.4719,0.4642,0.5733,0.5962,0.6903,0.5808,0.4601,0.4837,0.5019,0.5555,0.469,0.4905,0.4522,0.4547,0.5358,0.583,0.6643,0.5727,0.4648,0.4815,0.4813,0.5697,0.4641,0.4824,0.5704,0.4597,0.5468,0.6136,0.7349,0.5837,0.4748,0.4576,0.4999,0.5563,0.4638,0.4753,0.4558,0.4478,0.4998,0.576,0.6604,0.5674,0.4616,0.4503,0.4997,0.5757,0.443,0.4595,0.4349,0.4376,0.4962,0.5994,0.6166,0.5751,0.4254,0.4407,0.4675,0.5239,0.4241,0.479,0.427,0.4011,0.5129,0.5807,0.6397,0.5859,0.4349,0.4564,0.4728,0.5446,0.4357,0.4529,0.4254,0.4559,0.539,0.5911,0.6543,0.5691,0.4816,0.4791,0.5127,0.5851,0.4894,0.4893,0.458,0.4653,0.5294,0.6127,0.6581,0.5866,0.4695,0.4703,0.4866,0.5344,0.4691,0.4585,0.4427,0.4477,0.5162,0.5729,0.6483,0.5551,0.4721,0.4769,0.4947,0.5569,0.4594,0.4766,0.4468,0.4677,0.5155,0.5911,0.6151,0.5525,0.5036,0.4463,0.4672,0.5111,0.4377,0.466,0.4624,0.4622,0.4962,0.5631,0.5888,0.5588,0.4454,0.517,0.4943,0.5483,0.4649,0.5307,0.6245,0.717,0.7575,0.6624,0.6991,0.668,0.5751,0.5351,0.5525,0.6467,0.5807,0.5649,0.4948,0.5318,0.6191,0.6746,0.7052,0.6691,0.5744,0.5266,0.5375,0.5977,0.5334,0.5952,0.5188,0.5235,0.5788,0.601,0.6691,0.6311,0.5527,0.5346,0.5473,0.6321,0.5291,0.5426,0.5068,0.5447,0.5987,0.6119,0.7234,0.6693,0.5552,0.5418,0.5772,0.6373,0.5607,0.5578,0.5397,0.5282,0.6014,0.6426,0.6854,0.6999,0.5487,0.5307,0.5746,0.6032,0.5322,0.5625,0.5271,0.5517,0.5948,0.655,0.685,0.6351,0.5402,0.5576,0.5543
1,1,4,other grains,0.1001,0.106,0.0883,0.0671,0.0658,0.0648,0.0554,0.0645,0.0735,0.0919,0.1178,0.4053,0.1059,0.0957,0.0818,0.065,0.0673,0.0671,0.0519,0.0631,0.0799,0.0919,0.1122,0.4406,0.1019,0.1009,0.082,0.0693,0.0723,0.0632,0.0532,0.0646,0.0707,0.0869,0.1224,0.4219,0.0977,0.0964,0.0848,0.0682,0.0773,0.0641,0.0595,0.0658,0.0713,0.0864,0.1081,0.4406,0.1012,0.0934,0.0773,0.0657,0.0653,0.0611,0.0601,0.0644,0.074,0.0906,0.1081,0.4256,0.1211,0.1215,0.093,0.0862,0.0933,0.0898,0.0868,0.086,0.0944,0.1143,0.1308,0.4217,0.114,0.1154,0.0983,0.0917,0.0935,0.084,0.0838,0.0846,0.0974,0.1055,0.1312,0.4259,0.1224,0.1232,0.1024,0.0936,0.0982,0.0991,0.0981,0.0905,0.0963,0.1101,0.1354,0.4166,0.1301,0.1425,0.1187,0.1075,0.1038,0.1064,0.0942,0.0948,0.108,0.1074,0.1401,0.4315,0.13,0.1451,0.1188,0.1077,0.1156,0.1024,0.1003,0.1007,0.1133,0.1164,0.1419,0.4188,0.1216,0.1363,0.1138,0.109,0.1079,0.0955,0.0929,0.0927,0.0999,0.1155,0.1242,0.4092,0.1279,0.1357,0.1435,0.1073,0.1054,0.1023,0.0882,0.1007,0.1052,0.1117,0.1276,0.4124,0.1268,0.1348,0.1139,0.108,0.1042,0.1134,0.0974,0.094,0.102,0.1154,0.13,0.4089,0.1163,0.1253,0.1085,0.1051,0.1048,0.108,0.0954,0.0931,0.1051,0.1094,0.1338,0.4016,0.1215,0.141,0.123,0.0973,0.1057,0.1147,0.1067,0.1106,0.1184,0.1272,0.1488,0.4188,0.1359,0.1427,0.1272,0.1208,0.1201,0.1254,0.1134,0.1085,0.1294,0.1324,0.1515,0.4449,0.1463,0.1464,0.1273,0.127,0.1292,0.1457,0.1295,0.1212,0.146,0.1369,0.161,0.4232,0.1515,0.1492,0.1366,0.1287,0.1332,0.1343,0.125,0.1313,0.1365,0.1382,0.1622,0.4088,0.1457,0.1397,0.1255,0.1223,0.1237,0.1214,0.1193,0.1166,0.1364,0.1264,0.1384,0.3802,0.1394,0.1364,0.129,0.1255,0.115,0.125,0.1187,0.1107,0.1201,0.143,0.1428,0.3896,0.1442,0.1549,0.1704,0.2023,0.1932,0.1396,0.1334,0.1415,0.1378,0.1443,0.1528,0.426,0.1845,0.1592,0.1369,0.1272,0.1445,0.1502,0.1322,0.1444,0.147,0.1397,0.1556,0.3941,0.1619,0.1632,0.1442,0.1274,0.13,0.1293,0.13,0.1304,0.1452,0.1443,0.1591,0.3816,0.1588,0.1495,0.1429,0.1396,0.1396,0.1397,0.1292,0.1228,0.1318,0.1315,0.1628,0.3796,0.1624,0.1558,0.1481,0.1309,0.1381,0.1463,0.1316,0.1503,0.1393,0.139,0.1665,0.3689,0.1607,0.1652,0.1527,0.1532,0.1468,0.1513,0.1387,0.1373,0.1448,0.1548,0.1766
1,2,-,seafood,2.7534,2.968,2.7638,2.6056,2.8704,2.7438,2.4936,2.7914,2.8028,2.8008,2.9895,4.097,2.6762,2.6715,2.5507,2.5933,2.7821,2.7963,2.5136,2.7606,2.8707,2.8444,2.9794,4.3921,2.6977,2.8652,2.6358,2.5997,2.8798,2.7123,2.4938,2.8294,2.6474,2.5991,2.9008,4.1856,2.5695,2.75,2.6053,2.4756,2.7896,2.5711,2.5634,2.6019,2.5085,2.5234,2.6508,3.9437,2.5253,2.6555,2.4996,2.2359,2.564,2.5049,2.3112,2.4856,2.4903,2.5206,2.5941,3.8219,2.4601,2.5433,2.431,2.281,2.54,2.3975,2.4002,2.3924,2.3759,2.4475,2.6086,3.8872,2.4391,2.5462,2.4273,2.3374,2.4874,2.4863,2.3826,2.4253,2.4678,2.4252,2.6391,3.9087,2.4464,2.5165,2.4592,2.3036,2.5352,2.508,2.4277,2.3876,2.437,2.3799,2.5563,3.6614,2.1693,2.5077,2.372,2.2527,2.4746,2.4047,2.2094,2.3599,2.3309,2.3838,2.5017,3.7201,2.3693,2.3515,2.2789,2.1783,2.3899,2.3601,2.2867,2.3562,2.3128,2.3323,2.4675,3.5846,2.2517,2.364,2.1701,2.163,2.3743,2.2362,2.1492,2.1625,2.2243,2.213,2.3018,3.5926,2.1356,2.2535,2.2234,2.0533,2.2578,2.2546,2.1218,2.201,2.1855,2.1785,2.3326,3.4525,2.1408,2.237,2.1278,2.0119,2.1316,2.1878,2.0611,2.0501,2.1481,2.1183,2.2738,3.5303,2.0423,2.1272,2.0957,2.0231,2.2311,2.2125,2.123,2.1072,2.1162,2.1082,2.2347,3.4994,2.1035,2.1706,1.9227,2.013,2.3662,2.2284,2.0974,2.2366,2.1902,2.144,2.301,3.5245,2.1456,2.2919,2.1459,2.0773,2.2595,2.2803,2.15,2.1604,2.2522,2.2025,2.3786,3.8193,2.2557,2.3001,2.3118,2.1017,2.306,2.3354,2.1693,2.2056,2.1852,2.1471,2.2895,3.4981,2.1551,2.1903,2.187,2.0995,2.2056,2.1525,2.0466,2.1811,2.1503,2.0713,2.2328,3.4614,2.0514,2.1098,2.027,1.9481,2.0707,2.0699,1.9341,1.9465,2.0529,2.0283,2.1168,3.2402,2.0004,1.9942,1.964,1.9055,1.9548,2.0337,1.9137,1.9651,1.8606,2.0728,2.1172,3.2899,1.9929,2.0417,2.1683,2.2902,2.5486,2.2287,2.22,2.2351,2.1596,2.0998,2.2499,3.4672,2.2487,2.2503,2.0045,1.9326,2.1774,2.2049,2.1083,2.2079,2.1059,2.0181,2.1716,3.3477,2.0434,2.1389,1.9651,1.8315,1.9917,1.9914,1.9358,1.9443,1.9836,1.9496,2.0647,3.1794,1.9699,2.0263,1.9753,1.9388,2.1111,2.0628,1.9589,1.9436,2.0002,1.9906,2.1121,3.2733,2.0265,2.0367,1.94,1.8324,2.0091,1.9887,1.8805,1.9537,1.9489,1.9276,2.0513,3.1061,1.9616,1.918,1.8368,1.808,1.9134,1.9108,1.8165,1.896,1.928,1.9181,2.0064
1,2,1,fresh seafood,1.7696,1.8836,1.7534,1.6219,1.7999,1.7007,1.492,1.7346,1.781,1.7306,1.8483,2.1938,1.6746,1.6786,1.606,1.6166,1.7207,1.729,1.4978,1.6884,1.8016,1.7739,1.8269,2.3593,1.7158,1.8209,1.6802,1.6385,1.8125,1.711,1.5214,1.7815,1.6898,1.624,1.7881,2.2607,1.6476,1.719,1.6352,1.5533,1.7477,1.5901,1.5315,1.6217,1.5919,1.5479,1.6111,2.162,1.6085,1.6815,1.5505,1.3729,1.5989,1.5329,1.3985,1.5153,1.5596,1.5516,1.5743,2.0429,1.5426,1.5756,1.5028,1.4189,1.5569,1.4465,1.4123,1.4504,1.4749,1.5006,1.5666,2.1101,1.5328,1.5726,1.5028,1.4178,1.5354,1.5084,1.4114,1.4759,1.5216,1.486,1.5615,2.1428,1.5189,1.5508,1.5235,1.4116,1.5554,1.5083,1.4203,1.4627,1.498,1.4398,1.503,1.9979,1.3243,1.4999,1.4327,1.3399,1.4813,1.4194,1.282,1.4133,1.4234,1.4154,1.4563,1.9889,1.4531,1.402,1.3792,1.2904,1.444,1.3844,1.3168,1.4146,1.4041,1.3958,1.4311,1.8704,1.3675,1.4244,1.2935,1.2727,1.4153,1.3288,1.2332,1.2858,1.3426,1.3189,1.3043,1.8883,1.2891,1.3348,1.2679,1.2025,1.3163,1.2987,1.1923,1.2876,1.2951,1.2804,1.3378,1.845,1.2945,1.3097,1.2668,1.174,1.2587,1.2546,1.1384,1.1708,1.2928,1.2349,1.2635,1.8372,1.2075,1.2566,1.2326,1.1821,1.3245,1.2865,1.1818,1.2134,1.2597,1.2196,1.2606,1.8294,1.2647,1.2554,1.1029,1.1905,1.396,1.2852,1.1659,1.2842,1.3015,1.2465,1.302,1.8742,1.2903,1.3199,1.2706,1.1934,1.3347,1.2987,1.1891,1.2406,1.3292,1.2666,1.3485,2.0173,1.3574,1.3626,1.3872,1.2234,1.3519,1.3459,1.2181,1.2687,1.2904,1.2459,1.2815,1.8377,1.2645,1.2557,1.2751,1.2182,1.2602,1.192,1.125,1.2347,1.2366,1.162,1.2327,1.8736,1.2064,1.2198,1.1739,1.1282,1.1695,1.1609,1.0505,1.0896,1.1822,1.145,1.155,1.6904,1.1787,1.1297,1.121,1.0829,1.1213,1.1283,1.0384,1.0863,1.0512,1.156,1.1755,1.7814,1.1665,1.1559,1.2316,1.2978,1.4816,1.2528,1.2166,1.2842,1.2199,1.1827,1.2593,1.8822,1.3068,1.3175,1.1624,1.1111,1.2737,1.2552,1.1849,1.253,1.2009,1.1511,1.1909,1.8124,1.1908,1.2188,1.1212,1.0387,1.1085,1.0795,1.0378,1.0532,1.0715,1.0631,1.0999,1.6756,1.1132,1.1013,1.1012,1.077,1.1964,1.1254,1.0425,1.0537,1.1135,1.107,1.1261,1.7347,1.1245,1.1255,1.0696,1.0073,1.1032,1.0748,0.9824,1.0521,1.0588,1.0418,1.1055,1.674,1.0909,1.0337,1.0023,0.9812,1.0488,1.0267,0.95,1.0596,1.0946,1.0464,1.0953
1,2,2,salted and dried seafood,0.4425,0.5161,0.481,0.4686,0.514,0.4851,0.4533,0.489,0.4682,0.4809,0.5102,0.8696,0.4483,0.4614,0.4422,0.46,0.5111,0.5184,0.4811,0.4995,0.4853,0.4826,0.5198,0.8957,0.4377,0.4892,0.4534,0.455,0.5175,0.4765,0.4609,0.495,0.4404,0.442,0.5243,0.8755,0.4204,0.4915,0.4633,0.4434,0.491,0.4768,0.4966,0.4592,0.4345,0.4397,0.4839,0.8093,0.4222,0.4573,0.457,0.4088,0.4534,0.459,0.4322,0.4484,0.4359,0.4357,0.4569,0.7956,0.4226,0.4567,0.4262,0.4071,0.4686,0.4511,0.46,0.4391,0.4199,0.4438,0.4877,0.7847,0.4114,0.451,0.4359,0.4424,0.4498,0.4658,0.4598,0.4612,0.4392,0.4272,0.4988,0.7611,0.4199,0.4535,0.4404,0.421,0.4628,0.4754,0.4842,0.4222,0.421,0.428,0.4794,0.7112,0.386,0.4637,0.446,0.421,0.4758,0.4561,0.4411,0.4345,0.4168,0.4398,0.4829,0.7199,0.4063,0.424,0.4043,0.3924,0.4248,0.4469,0.4476,0.4272,0.4006,0.4159,0.472,0.723,0.3905,0.417,0.3984,0.3937,0.4339,0.4166,0.4217,0.3968,0.3882,0.3904,0.4511,0.7076,0.3721,0.4076,0.4207,0.39,0.4324,0.4428,0.4242,0.4191,0.3918,0.3904,0.4348,0.6212,0.3574,0.411,0.3814,0.366,0.3901,0.4192,0.4215,0.3909,0.3686,0.3736,0.4398,0.6608,0.3503,0.3808,0.3688,0.3735,0.4083,0.4127,0.4247,0.3801,0.3798,0.3881,0.4314,0.6686,0.3609,0.398,0.3459,0.3674,0.4359,0.412,0.4031,0.4144,0.3928,0.3812,0.4339,0.646,0.3609,0.4062,0.3845,0.389,0.4155,0.4374,0.4343,0.4067,0.4072,0.4055,0.4512,0.6954,0.383,0.4096,0.4061,0.3893,0.4261,0.4425,0.4132,0.4082,0.3953,0.3859,0.4394,0.6339,0.3796,0.4121,0.3987,0.39,0.4275,0.426,0.4015,0.4192,0.3932,0.391,0.4363,0.5749,0.3538,0.3836,0.3645,0.3658,0.4035,0.4054,0.3822,0.3778,0.3675,0.3671,0.4095,0.5573,0.3364,0.3613,0.3518,0.3464,0.3509,0.3893,0.3795,0.3611,0.3433,0.3776,0.4032,0.5439,0.3447,0.3647,0.3823,0.4229,0.4619,0.4246,0.432,0.3969,0.4032,0.3887,0.4112,0.5549,0.3802,0.3815,0.3486,0.3458,0.3771,0.3946,0.3851,0.3983,0.3784,0.3575,0.4065,0.5403,0.3405,0.3688,0.3443,0.3254,0.3587,0.3709,0.3617,0.3673,0.3776,0.3493,0.3861,0.5126,0.3461,0.3751,0.3565,0.356,0.3858,0.3887,0.3777,0.3728,0.3841,0.357,0.3987,0.535,0.3717,0.3795,0.3533,0.3406,0.3727,0.3792,0.3609,0.3503,0.374,0.3518,0.3817,0.4841,0.3525,0.3566,0.3378,0.3432,0.3562,0.3649,0.3569,0.3316,0.3413,0.3471,0.3567
1,2,3,Fish paste products,0.2645,0.2759,0.2368,0.227,0.245,0.2369,0.2028,0.2248,0.255,0.2869,0.3083,0.4776,0.279,0.2601,0.2248,0.2239,0.2404,0.2307,0.1986,0.2255,0.2817,0.2938,0.3062,0.5381,0.2631,0.2702,0.2213,0.2195,0.2374,0.2159,0.1935,0.2169,0.2461,0.2626,0.2777,0.4811,0.2464,0.2531,0.2215,0.2095,0.2305,0.2163,0.2156,0.2025,0.2211,0.2669,0.2649,0.4642,0.2406,0.2415,0.2173,0.1941,0.2277,0.2117,0.1913,0.2182,0.2327,0.2638,0.27,0.4667,0.2393,0.2416,0.2198,0.1957,0.2201,0.2088,0.2097,0.2015,0.2148,0.2499,0.2743,0.4679,0.2451,0.2502,0.2148,0.2068,0.2181,0.2097,0.2029,0.2027,0.2328,0.2525,0.274,0.4602,0.2456,0.2423,0.2191,0.2132,0.2285,0.2192,0.2164,0.2061,0.226,0.2522,0.2779,0.4544,0.2282,0.2744,0.2272,0.2182,0.2273,0.2525,0.1984,0.216,0.2334,0.2665,0.2869,0.5075,0.257,0.2635,0.2366,0.2184,0.2378,0.233,0.2171,0.22,0.2393,0.2592,0.2711,0.499,0.246,0.2527,0.2191,0.2207,0.2351,0.2177,0.2114,0.2069,0.2331,0.2578,0.2674,0.5024,0.2407,0.2439,0.2316,0.2129,0.2339,0.2295,0.216,0.2156,0.233,0.2503,0.2662,0.4825,0.2398,0.2535,0.2185,0.2133,0.2199,0.222,0.2086,0.2003,0.225,0.2487,0.271,0.5192,0.2312,0.2316,0.2015,0.2047,0.2128,0.219,0.2139,0.2111,0.217,0.236,0.2579,0.4724,0.2272,0.2344,0.1867,0.2026,0.2288,0.2276,0.2237,0.2194,0.2238,0.2433,0.2583,0.4916,0.235,0.2534,0.2223,0.2173,0.2276,0.2345,0.2296,0.2164,0.2373,0.2507,0.262,0.5291,0.2459,0.2517,0.2247,0.206,0.2253,0.2322,0.2226,0.2182,0.2254,0.2419,0.271,0.5005,0.2442,0.2406,0.2212,0.2129,0.224,0.2262,0.2188,0.218,0.2314,0.2478,0.2607,0.4793,0.234,0.2285,0.2008,0.1899,0.2119,0.2036,0.1955,0.188,0.2193,0.2397,0.248,0.4716,0.2227,0.2253,0.2076,0.1989,0.2057,0.2138,0.2045,0.1991,0.1993,0.246,0.2529,0.4627,0.2211,0.2307,0.2242,0.2359,0.2496,0.2229,0.233,0.2262,0.2279,0.2441,0.2576,0.4892,0.2674,0.2476,0.2066,0.205,0.2167,0.2328,0.2211,0.2213,0.228,0.2376,0.2671,0.483,0.2446,0.2544,0.2125,0.2007,0.2235,0.2322,0.2271,0.2159,0.2238,0.2554,0.263,0.4818,0.246,0.2465,0.2225,0.2211,0.2301,0.2403,0.2343,0.2135,0.2159,0.2417,0.2746,0.4856,0.2539,0.2426,0.2247,0.2126,0.2301,0.2353,0.2279,0.2222,0.2216,0.2446,0.2673,0.477,0.2461,0.2527,0.2181,0.2115,0.2189,0.2302,0.2277,0.2102,0.2154,0.2473,0.2625
1,2,4,Other processed seafood products,0.2771,0.2924,0.2925,0.2881,0.3114,0.3212,0.3455,0.3432,0.2985,0.3027,0.3227,0.556,0.2742,0.2717,0.2774,0.2929,0.3096,0.3181,0.336,0.3471,0.3021,0.2945,0.3265,0.5993,0.2811,0.2848,0.2809,0.2867,0.312,0.3089,0.3177,0.336,0.2711,0.2708,0.3109,0.5683,0.2551,0.2868,0.2852,0.2695,0.3204,0.2879,0.3194,0.3186,0.2607,0.2689,0.2908,0.5084,0.2543,0.2755,0.2748,0.2604,0.2837,0.3014,0.2891,0.3036,0.2629,0.2699,0.2929,0.5167,0.2558,0.2694,0.2822,0.2596,0.2945,0.2912,0.3182,0.3015,0.2662,0.2532,0.2803,0.5246,0.2498,0.2728,0.2738,0.2701,0.2841,0.3023,0.3086,0.2859,0.2738,0.2596,0.3051,0.5446,0.2617,0.2695,0.2762,0.2578,0.2885,0.3051,0.3066,0.2969,0.2917,0.2603,0.2959,0.4979,0.2311,0.2701,0.2662,0.2736,0.2901,0.277,0.2879,0.2964,0.2573,0.2624,0.2757,0.5039,0.2529,0.262,0.2591,0.2768,0.2837,0.2958,0.3055,0.2945,0.2685,0.2613,0.2932,0.4919,0.2477,0.2696,0.2591,0.2757,0.29,0.2727,0.2829,0.273,0.2604,0.246,0.279,0.4945,0.2334,0.2676,0.3032,0.2478,0.2756,0.2837,0.2889,0.2787,0.2652,0.2573,0.2937,0.5038,0.249,0.2632,0.261,0.259,0.2633,0.2917,0.2926,0.2877,0.2621,0.2607,0.2995,0.5131,0.253,0.2585,0.2932,0.2628,0.2854,0.294,0.303,0.3021,0.2597,0.2646,0.2844,0.529,0.2511,0.2828,0.2872,0.2525,0.3054,0.3035,0.3047,0.319,0.2721,0.2731,0.3068,0.513,0.2594,0.3125,0.2686,0.2776,0.2817,0.3093,0.2966,0.2967,0.2785,0.2797,0.3173,0.5772,0.2694,0.2762,0.2941,0.2834,0.3027,0.3148,0.315,0.3105,0.2744,0.2734,0.2976,0.5262,0.2668,0.282,0.292,0.2784,0.2939,0.308,0.3012,0.3093,0.2894,0.2708,0.3032,0.5336,0.2568,0.2782,0.2878,0.2642,0.2858,0.2997,0.3063,0.291,0.2838,0.2769,0.3042,0.5208,0.2625,0.2784,0.2836,0.2773,0.2772,0.3019,0.2913,0.3186,0.2665,0.2936,0.2852,0.5019,0.2605,0.2904,0.3302,0.3337,0.3555,0.3281,0.338,0.3282,0.3083,0.2843,0.3218,0.5409,0.2943,0.3042,0.287,0.2711,0.3099,0.322,0.3168,0.3353,0.2985,0.272,0.3075,0.512,0.2675,0.297,0.2867,0.2667,0.301,0.3088,0.3088,0.3076,0.3107,0.2819,0.3154,0.5096,0.2645,0.3031,0.2951,0.2847,0.2988,0.3088,0.3045,0.3039,0.2863,0.2848,0.3123,0.518,0.2764,0.2894,0.2924,0.2719,0.3031,0.2994,0.3094,0.3291,0.2948,0.2891,0.2971,0.4713,0.272,0.275,0.2783,0.2717,0.2895,0.2891,0.282,0.2946,0.2767,0.277,0.2918
1,3,-,meat,2.0118,2.2187,1.9333,1.9342,2.1568,2.1566,2.0225,2.1542,2.1703,2.1556,2.2127,2.4168,2.0203,2.0112,1.8455,1.8948,2.1365,2.1706,2.043,2.2108,2.1245,1.8125,1.9378,2.1909,1.8541,1.9796,1.7898,1.8577,2.1187,2.0845,1.942,2.1206,2.0388,2.0456,2.1696,2.4771,1.9439,2.0645,1.8829,1.8596,2.1388,2.0391,2.0404,2.0434,2.0292,2.0133,2.1175,2.3734,1.9152,1.9665,1.8274,1.7838,2.0913,2.1,1.9781,2.1036,2.065,2.0897,2.0948,2.3976,1.9716,2.0374,1.888,1.889,2.1377,2.0753,2.0993,2.085,2.0736,2.0623,2.1943,2.5248,1.9877,2.08,1.8976,1.9206,2.1023,2.1173,2.1004,2.1607,2.1871,2.1124,2.2269,2.5422,2.0811,2.1202,1.9757,1.9338,2.1277,2.1476,2.1771,2.1531,2.151,2.118,2.2674,2.5336,2.016,2.3167,2.0821,2.093,2.3316,2.2972,2.1594,2.328,2.2574,2.2624,2.415,2.669,2.1864,2.2447,2.0909,2.034,2.3476,2.2602,2.2033,2.2573,2.1872,2.2576,2.3105,2.6488,2.1109,2.2193,1.9313,2.0,2.2518,2.1274,2.1499,2.1254,2.1927,2.2357,2.2744,2.6483,2.138,2.2152,2.1367,2.1144,2.3164,2.3137,2.2064,2.2478,2.2421,2.2566,2.4186,2.685,2.1796,2.2169,2.0438,1.999,2.1639,2.2145,2.1013,2.1427,2.1889,2.1862,2.3293,2.6554,2.1434,2.1839,2.0477,2.1082,2.2903,2.4167,2.2377,2.2751,2.2202,2.2582,2.4,2.6989,2.2298,2.3596,1.9769,2.1861,2.6104,2.5459,2.4542,2.5602,2.4591,2.5071,2.6524,3.0121,2.4444,2.5509,2.2631,2.4085,2.5989,2.6529,2.5625,2.5567,2.565,2.6151,2.7391,3.134,2.6583,2.6485,2.4305,2.4045,2.6513,2.6747,2.6263,2.6699,2.5461,2.5762,2.7717,3.051,2.607,2.5782,2.4307,2.4127,2.627,2.6707,2.6229,2.7151,2.6838,2.7493,2.783,3.1519,2.573,2.6403,2.4466,2.4854,2.6739,2.7287,2.5795,2.5349,2.7102,2.6061,2.6711,2.982,2.5045,2.5395,2.3811,2.374,2.451,2.6047,2.4404,2.478,2.3705,2.6038,2.6675,3.0297,2.494,2.6721,2.7908,3.2136,3.6168,2.9262,2.9985,3.0417,2.8663,2.8077,2.9227,3.3364,3.024,2.9534,2.5358,2.5684,2.9837,2.9468,2.8845,3.1432,2.9298,2.7837,2.8289,3.1576,2.7196,2.8726,2.5285,2.4814,2.8097,2.7221,2.7447,2.792,2.752,2.755,2.8191,3.2132,2.7091,2.7791,2.5007,2.6973,2.8955,2.8144,2.8048,2.7555,2.7328,2.6833,2.8625,3.2308,2.7976,2.8027,2.6105,2.5161,2.8578,2.8225,2.6563,2.7702,2.699,2.6548,2.7931,3.0746,2.6561,2.6347,2.4632,2.5335,2.7319,2.7673,2.6543,2.7473,2.6387,2.7406,2.8147
1,3,1,fresh meat,1.6614,1.8035,1.5417,1.5158,1.6748,1.6681,1.5226,1.66,1.6964,1.7041,1.7396,1.7387,1.6555,1.6309,1.4683,1.4869,1.6588,1.6717,1.5367,1.6957,1.6487,1.3967,1.4987,1.5867,1.511,1.5968,1.4187,1.4533,1.6485,1.6108,1.4631,1.6443,1.6109,1.6397,1.7259,1.8127,1.5977,1.6684,1.5016,1.4584,1.6638,1.5514,1.5256,1.5916,1.5899,1.6083,1.6663,1.7538,1.5657,1.584,1.4567,1.406,1.6409,1.6293,1.5079,1.6615,1.6431,1.6776,1.6424,1.8108,1.6264,1.663,1.521,1.4985,1.685,1.6028,1.5799,1.63,1.6294,1.6475,1.7334,1.9098,1.6452,1.6974,1.5203,1.5137,1.6538,1.6227,1.5828,1.6933,1.7248,1.6773,1.7489,1.9272,1.7051,1.7092,1.5751,1.5264,1.6629,1.6512,1.6572,1.6762,1.693,1.688,1.7805,1.91,1.6438,1.882,1.6547,1.6492,1.8287,1.7787,1.6483,1.8063,1.7883,1.8082,1.9156,2.0402,1.8014,1.8117,1.6705,1.6012,1.8394,1.7541,1.669,1.7648,1.7195,1.7947,1.8059,1.9915,1.7214,1.787,1.5341,1.577,1.7569,1.6246,1.6234,1.627,1.7163,1.7813,1.7659,1.9929,1.7404,1.7784,1.6845,1.6574,1.7943,1.7844,1.6515,1.723,1.7525,1.7839,1.8561,2.0419,1.7621,1.7789,1.6147,1.5632,1.6682,1.6971,1.5712,1.6379,1.6951,1.7169,1.7847,2.0105,1.7353,1.7512,1.6283,1.6604,1.7807,1.854,1.684,1.7538,1.7386,1.7786,1.8659,2.0808,1.8184,1.9047,1.5733,1.723,2.05,1.9803,1.8837,2.0236,1.9519,1.9901,2.0673,2.3453,2.0083,2.0653,1.8169,1.9199,2.0511,2.0811,1.966,1.989,2.043,2.1108,2.203,2.4499,2.2031,2.1703,1.9672,1.9295,2.1038,2.0971,2.0042,2.1039,2.0339,2.0843,2.1946,2.4353,2.1647,2.1132,1.9688,1.9407,2.0911,2.1101,2.0391,2.1458,2.1626,2.2402,2.2317,2.5146,2.1394,2.1799,1.9849,2.0031,2.1525,2.1783,2.0322,2.0186,2.1974,2.1223,2.1527,2.4087,2.0857,2.0849,1.9281,1.9078,1.9548,2.0586,1.8929,1.9438,1.8878,2.0839,2.1219,2.4208,2.059,2.1904,2.2627,2.6134,2.9383,2.3369,2.365,2.4363,2.3045,2.274,2.3343,2.6831,2.5086,2.4207,2.0558,2.0642,2.4126,2.3455,2.2775,2.5285,2.3878,2.2617,2.2611,2.5583,2.2495,2.3615,2.0673,2.0006,2.2577,2.163,2.1762,2.2399,2.2349,2.2446,2.2745,2.6177,2.246,2.2846,2.0287,2.1938,2.3282,2.2624,2.2223,2.1978,2.2176,2.1853,2.3212,2.6351,2.3267,2.3064,2.1358,2.0294,2.3036,2.2664,2.1252,2.2189,2.1909,2.1617,2.2503,2.5225,2.2028,2.1652,2.0148,2.0555,2.2102,2.2179,2.124,2.2084,2.15,2.2465,2.3055
1,3,2,processed meat,0.3504,0.4156,0.3918,0.4188,0.4819,0.4885,0.4996,0.4942,0.4736,0.4515,0.4735,0.6781,0.3648,0.3803,0.3772,0.4075,0.4778,0.4989,0.5063,0.5154,0.4757,0.4158,0.4394,0.6043,0.343,0.3828,0.3714,0.4044,0.4703,0.4733,0.4789,0.4763,0.4279,0.4059,0.4438,0.6644,0.3461,0.3961,0.3809,0.4012,0.475,0.4878,0.5151,0.4519,0.4397,0.405,0.4515,0.6196,0.3495,0.3826,0.3707,0.3781,0.4507,0.4707,0.4702,0.4421,0.4218,0.4121,0.4524,0.5867,0.3452,0.3744,0.367,0.3904,0.4527,0.4725,0.5194,0.455,0.4442,0.4148,0.4609,0.615,0.3421,0.3827,0.3772,0.4069,0.4488,0.4946,0.5176,0.4677,0.4623,0.4354,0.478,0.615,0.3761,0.411,0.4006,0.4074,0.4652,0.4965,0.5202,0.4766,0.458,0.43,0.4869,0.6236,0.3721,0.4343,0.4274,0.4438,0.5029,0.5185,0.5111,0.5217,0.469,0.4542,0.4994,0.6288,0.385,0.433,0.4207,0.4329,0.5082,0.5061,0.5339,0.4925,0.4677,0.4628,0.5047,0.6573,0.3895,0.4327,0.3969,0.4227,0.4948,0.5027,0.5265,0.498,0.4765,0.4544,0.5081,0.6553,0.3977,0.4367,0.4522,0.457,0.5222,0.5293,0.5549,0.5248,0.49,0.4727,0.5625,0.6431,0.4175,0.4379,0.4288,0.4358,0.4956,0.5174,0.5302,0.5048,0.4938,0.4693,0.5446,0.6449,0.4084,0.433,0.4194,0.4481,0.5096,0.5627,0.5533,0.5217,0.4817,0.4796,0.5341,0.6181,0.4114,0.455,0.4035,0.4627,0.5604,0.5656,0.5705,0.5366,0.5072,0.517,0.5851,0.6667,0.4361,0.4856,0.4462,0.4886,0.5478,0.5717,0.5961,0.5677,0.522,0.5042,0.5365,0.684,0.4556,0.4782,0.463,0.4747,0.5475,0.5775,0.6222,0.5656,0.5121,0.4919,0.5771,0.6157,0.4419,0.465,0.4618,0.4721,0.5356,0.5606,0.5835,0.5693,0.5212,0.5091,0.5513,0.6373,0.4335,0.4604,0.4618,0.4823,0.5215,0.5507,0.5473,0.5163,0.5124,0.4838,0.5184,0.5734,0.4188,0.4546,0.453,0.4666,0.4962,0.5464,0.5479,0.5342,0.4827,0.5199,0.5456,0.6089,0.4353,0.4817,0.5284,0.6005,0.6785,0.5893,0.6336,0.6054,0.5621,0.5337,0.5884,0.6533,0.515,0.5324,0.48,0.5039,0.571,0.6016,0.607,0.6147,0.542,0.522,0.5678,0.5996,0.4701,0.5111,0.4612,0.4808,0.552,0.5591,0.5688,0.5521,0.5171,0.5101,0.5449,0.5955,0.4631,0.4945,0.4719,0.5035,0.5673,0.5516,0.5825,0.5577,0.5153,0.4981,0.5413,0.5957,0.4709,0.4963,0.4747,0.4868,0.5542,0.5561,0.5307,0.5513,0.5077,0.4931,0.5424,0.5521,0.4533,0.4695,0.4484,0.4783,0.5217,0.5491,0.5306,0.5392,0.4888,0.494,0.5092
1,4,-,milk eggs,1.0949,1.2557,1.1749,1.1343,1.2636,1.2716,1.1603,1.2274,1.2987,1.2481,1.2213,1.0244,1.0553,1.1525,1.0718,1.1259,1.2223,1.2456,1.1596,1.2067,1.2874,1.201,1.183,1.0693,1.0504,1.1979,1.1093,1.1283,1.3049,1.2943,1.1967,1.2698,1.2734,1.2253,1.2185,1.0712,1.0893,1.2239,1.1356,1.1232,1.2693,1.2401,1.1893,1.1919,1.228,1.1856,1.171,1.0309,1.0306,1.1491,1.0643,1.0353,1.1778,1.2088,1.1602,1.1569,1.2115,1.1749,1.1522,1.0629,1.023,1.1821,1.1036,1.1056,1.2161,1.2405,1.1911,1.1499,1.2039,1.1614,1.1664,1.0289,1.0349,1.1436,1.07,1.0557,1.1715,1.2018,1.1638,1.1586,1.2445,1.1683,1.1324,1.011,1.0106,1.1138,1.0617,1.0219,1.1339,1.1679,1.1346,1.1232,1.1778,1.1088,1.1158,0.9825,0.9586,1.1373,1.0622,1.0502,1.1672,1.1701,1.106,1.1379,1.1719,1.1317,1.1223,1.0315,1.0198,1.1291,1.0664,1.0792,1.1939,1.2011,1.1842,1.1513,1.2071,1.1891,1.1516,1.0287,1.0339,1.1617,1.03,1.0773,1.203,1.2065,1.1694,1.1501,1.2202,1.1777,1.1358,1.0532,1.0353,1.1519,1.1038,1.0979,1.2261,1.237,1.1973,1.1865,1.224,1.175,1.1758,1.0427,1.0974,1.2186,1.1167,1.1098,1.2021,1.245,1.2009,1.1897,1.2632,1.1927,1.1623,1.0728,1.0618,1.1608,1.0896,1.1065,1.2349,1.2646,1.2087,1.1941,1.222,1.2113,1.2023,1.0962,1.091,1.258,1.0667,1.1448,1.3411,1.3208,1.2712,1.2725,1.2717,1.2593,1.2392,1.1367,1.1668,1.2822,1.1647,1.2107,1.2991,1.3564,1.3181,1.2588,1.3419,1.3286,1.3174,1.2126,1.2503,1.3682,1.2928,1.2646,1.4111,1.4771,1.3903,1.3871,1.4252,1.3832,1.3668,1.2685,1.2996,1.3831,1.3003,1.2858,1.3817,1.4081,1.3854,1.3731,1.4159,1.3713,1.3538,1.2665,1.2789,1.3595,1.2771,1.2926,1.3892,1.4123,1.3462,1.317,1.4218,1.323,1.314,1.209,1.233,1.3151,1.2406,1.2443,1.3267,1.389,1.3478,1.3003,1.303,1.4009,1.3474,1.2568,1.2748,1.4153,1.4667,1.6658,1.8288,1.5166,1.5493,1.5216,1.4963,1.407,1.4011,1.3416,1.4625,1.5175,1.3483,1.3563,1.51,1.5598,1.5147,1.5819,1.5292,1.4365,1.3757,1.2862,1.312,1.4506,1.3064,1.2837,1.4005,1.4053,1.43,1.4056,1.4178,1.3503,1.3989,1.3084,1.3121,1.4235,1.3397,1.4181,1.5371,1.5576,1.5671,1.5278,1.5853,1.5276,1.5436,1.4142,1.4503,1.5154,1.4063,1.3607,1.4945,1.507,1.4632,1.4572,1.495,1.4289,1.4382,1.3413,1.3963,1.4316,1.3607,1.3853,1.4667,1.551,1.5172,1.5374,1.5431,1.5502,1.5023
1,4,1,milk,0.5135,0.5773,0.5472,0.5276,0.6083,0.6202,0.5982,0.6484,0.653,0.6164,0.5899,0.4791,0.493,0.538,0.4934,0.5403,0.601,0.616,0.6049,0.6209,0.6332,0.5742,0.5527,0.4845,0.4849,0.5466,0.4955,0.5171,0.5912,0.6174,0.6104,0.6413,0.6347,0.5902,0.5762,0.4976,0.5148,0.5676,0.5263,0.5291,0.6122,0.618,0.6071,0.6206,0.6319,0.5781,0.5599,0.4876,0.4979,0.5359,0.5104,0.5025,0.5697,0.6,0.5958,0.5843,0.6015,0.5499,0.5431,0.473,0.4607,0.5044,0.4691,0.4845,0.5413,0.5732,0.5781,0.5718,0.5893,0.5401,0.5317,0.4532,0.4586,0.5063,0.4691,0.4666,0.5245,0.5587,0.5562,0.5611,0.5769,0.5216,0.4896,0.4338,0.4378,0.4715,0.4519,0.4412,0.5023,0.5225,0.5222,0.5364,0.5514,0.4825,0.4819,0.4098,0.4025,0.4615,0.438,0.4368,0.5008,0.5029,0.5004,0.5131,0.5131,0.4707,0.4509,0.4146,0.409,0.4499,0.4255,0.4417,0.4914,0.5108,0.5223,0.5193,0.5225,0.508,0.4822,0.4152,0.4296,0.4622,0.4066,0.433,0.4888,0.5103,0.5135,0.5243,0.5251,0.4843,0.4532,0.4064,0.4015,0.4302,0.4269,0.4266,0.4736,0.4849,0.5074,0.5039,0.5011,0.4727,0.4597,0.3877,0.4136,0.4346,0.4051,0.4117,0.4491,0.4785,0.4899,0.4975,0.5092,0.4507,0.4244,0.3874,0.3842,0.4125,0.3944,0.3923,0.4491,0.4873,0.4886,0.4824,0.4763,0.4603,0.4414,0.3866,0.3844,0.4265,0.3592,0.4154,0.4882,0.4949,0.4859,0.4881,0.4687,0.4481,0.4185,0.3704,0.3878,0.425,0.3939,0.42,0.4654,0.4917,0.5024,0.4863,0.4867,0.4653,0.4549,0.4075,0.4079,0.4411,0.4208,0.4171,0.4751,0.5056,0.4945,0.52,0.5226,0.4813,0.436,0.3969,0.4172,0.4374,0.4169,0.4167,0.4699,0.4911,0.5054,0.4934,0.4903,0.4546,0.4352,0.3927,0.4011,0.4134,0.3937,0.4072,0.4532,0.4768,0.4827,0.4711,0.4914,0.4373,0.4167,0.3751,0.385,0.4111,0.3967,0.4025,0.446,0.4677,0.4704,0.4718,0.4484,0.4652,0.4247,0.3914,0.4032,0.4328,0.4572,0.5102,0.5841,0.502,0.5174,0.525,0.5051,0.4585,0.4456,0.4054,0.45,0.4587,0.4003,0.4013,0.4515,0.4818,0.4901,0.5131,0.484,0.4557,0.4223,0.3805,0.4086,0.4494,0.4013,0.4075,0.4373,0.4406,0.4665,0.4704,0.4484,0.4144,0.4354,0.3901,0.3981,0.4147,0.3971,0.4144,0.4427,0.4645,0.4859,0.4973,0.505,0.4706,0.4656,0.4051,0.446,0.4495,0.4176,0.4194,0.4609,0.4696,0.4819,0.4793,0.4841,0.431,0.4149,0.3661,0.3947,0.3921,0.3812,0.385,0.4037,0.4505,0.458,0.4688,0.4719,0.4611,0.4232
1,4,2,dairy products,0.3598,0.4128,0.3877,0.377,0.4077,0.4139,0.3556,0.3616,0.395,0.3787,0.3709,0.3287,0.338,0.3708,0.3572,0.3623,0.3826,0.3982,0.3529,0.3663,0.4004,0.3776,0.3828,0.3592,0.345,0.3982,0.3902,0.3875,0.4579,0.4364,0.3776,0.4053,0.393,0.3885,0.3908,0.3524,0.3609,0.412,0.3856,0.378,0.4175,0.4021,0.3693,0.3626,0.3677,0.376,0.3786,0.3387,0.3392,0.3956,0.3595,0.3468,0.391,0.3898,0.3635,0.3647,0.378,0.3801,0.3634,0.3495,0.3336,0.406,0.3808,0.3738,0.4013,0.4109,0.3769,0.359,0.3745,0.3758,0.3787,0.3445,0.3561,0.3905,0.3715,0.3653,0.3995,0.3999,0.378,0.3715,0.4107,0.4031,0.3896,0.3484,0.3484,0.3948,0.3757,0.358,0.3864,0.4056,0.3816,0.3702,0.3834,0.3828,0.3857,0.3523,0.3463,0.4209,0.3887,0.3804,0.413,0.4121,0.3754,0.3812,0.3926,0.3907,0.3961,0.3689,0.3716,0.4214,0.4033,0.4061,0.4434,0.4393,0.4241,0.4014,0.4323,0.4225,0.42,0.3824,0.3806,0.4426,0.3994,0.4173,0.4535,0.4503,0.4213,0.4005,0.443,0.4377,0.4342,0.4043,0.399,0.4632,0.4176,0.4105,0.4718,0.4774,0.4439,0.4404,0.4685,0.4506,0.4608,0.4243,0.4493,0.5298,0.4749,0.4726,0.4991,0.5196,0.485,0.4685,0.5077,0.4989,0.4931,0.4535,0.4558,0.5069,0.4776,0.4928,0.5415,0.533,0.4939,0.4859,0.5041,0.5061,0.504,0.4686,0.4706,0.5607,0.4858,0.4826,0.567,0.5491,0.5287,0.5274,0.5356,0.5427,0.553,0.5169,0.5361,0.5884,0.5274,0.5365,0.5607,0.584,0.5516,0.5179,0.5796,0.5829,0.5756,0.5404,0.5783,0.6446,0.6052,0.5882,0.6486,0.6732,0.6207,0.5938,0.6125,0.6185,0.6376,0.6016,0.6131,0.6595,0.6142,0.6066,0.6274,0.6309,0.6092,0.6029,0.6373,0.6233,0.6306,0.6062,0.6092,0.666,0.6208,0.6191,0.6488,0.6468,0.5978,0.5823,0.6359,0.6047,0.6198,0.5789,0.6017,0.6389,0.5979,0.5918,0.6238,0.6447,0.6149,0.5838,0.6011,0.6454,0.645,0.6033,0.615,0.6959,0.706,0.8081,0.8666,0.7081,0.7201,0.6976,0.6929,0.6536,0.6623,0.6517,0.7122,0.7502,0.6695,0.6673,0.7358,0.7461,0.709,0.7313,0.7211,0.6667,0.6465,0.6207,0.6247,0.6941,0.6268,0.6023,0.6604,0.6649,0.6673,0.6432,0.6676,0.6325,0.6543,0.6233,0.609,0.6616,0.6001,0.6358,0.7003,0.691,0.6854,0.6502,0.6923,0.6802,0.6932,0.6588,0.6623,0.7203,0.6664,0.6317,0.692,0.7021,0.6665,0.6669,0.6768,0.6618,0.6737,0.6412,0.6628,0.6757,0.6288,0.6386,0.6745,0.7044,0.6752,0.6886,0.6909,0.6918,0.6867
1,4,3,egg,0.2216,0.2656,0.2398,0.2297,0.2473,0.2375,0.2064,0.2174,0.2503,0.2532,0.2608,0.2163,0.2243,0.2438,0.2209,0.2235,0.2387,0.2314,0.2017,0.2195,0.2542,0.249,0.2475,0.2259,0.2208,0.2534,0.2237,0.2233,0.2558,0.2405,0.2087,0.2232,0.2454,0.2466,0.2518,0.2215,0.2136,0.2446,0.2237,0.2161,0.2396,0.2201,0.2126,0.2087,0.2284,0.2315,0.2325,0.2049,0.1935,0.2176,0.1944,0.1858,0.2174,0.2194,0.2009,0.2079,0.232,0.245,0.2457,0.2407,0.2287,0.2717,0.2537,0.247,0.2735,0.256,0.2365,0.2191,0.2402,0.2455,0.2556,0.2312,0.2203,0.2465,0.2295,0.2241,0.2475,0.2432,0.2295,0.226,0.257,0.2436,0.2531,0.2288,0.224,0.2471,0.2341,0.2227,0.2452,0.2399,0.2308,0.2165,0.2427,0.2434,0.2482,0.2204,0.2098,0.2549,0.2355,0.233,0.2537,0.2554,0.2303,0.2435,0.2661,0.2707,0.2753,0.2481,0.2392,0.2575,0.2372,0.2311,0.2592,0.251,0.2378,0.2306,0.2522,0.2585,0.2497,0.2308,0.2237,0.2569,0.2244,0.227,0.2608,0.2459,0.2345,0.2253,0.252,0.2557,0.2488,0.2425,0.2348,0.2588,0.2593,0.2608,0.2803,0.275,0.246,0.2422,0.2544,0.2514,0.2556,0.2307,0.2349,0.2542,0.2363,0.2255,0.2536,0.2465,0.2259,0.2241,0.2467,0.2431,0.2447,0.232,0.2215,0.2413,0.2173,0.2214,0.2444,0.2442,0.2265,0.2259,0.2415,0.2446,0.2568,0.2407,0.2363,0.2708,0.2217,0.2472,0.2859,0.2771,0.2562,0.257,0.2678,0.2686,0.268,0.2494,0.2429,0.2692,0.2434,0.2543,0.2727,0.2807,0.2642,0.2545,0.2756,0.2801,0.2869,0.2646,0.2644,0.2821,0.2669,0.2596,0.2874,0.2983,0.2751,0.2732,0.2901,0.2837,0.2928,0.2697,0.2697,0.2862,0.2692,0.2626,0.2844,0.2857,0.2708,0.2768,0.2887,0.2938,0.2884,0.2676,0.2686,0.2805,0.2623,0.2663,0.2869,0.2888,0.2657,0.2636,0.2945,0.281,0.2779,0.2551,0.2463,0.2647,0.2461,0.2501,0.2566,0.2767,0.2625,0.2447,0.2535,0.2903,0.278,0.262,0.2566,0.2867,0.3039,0.3475,0.3785,0.3065,0.3121,0.2989,0.2983,0.2952,0.2931,0.2844,0.3003,0.309,0.2786,0.2877,0.3231,0.3319,0.3156,0.3375,0.3242,0.3145,0.3068,0.2847,0.279,0.3071,0.2783,0.2739,0.3028,0.2998,0.2962,0.2921,0.3014,0.3033,0.3095,0.295,0.3047,0.3468,0.3424,0.3676,0.3941,0.4021,0.3958,0.38,0.388,0.3769,0.3848,0.3499,0.3424,0.3452,0.3222,0.3096,0.342,0.3354,0.3152,0.3109,0.3337,0.3361,0.3496,0.3341,0.3388,0.3635,0.3511,0.3614,0.3885,0.396,0.3837,0.38,0.3803,0.3976,0.3924
1,5,-,Vegetables/seaweed,2.5932,2.9484,2.7638,2.7643,3.0895,3.1856,2.8069,2.9414,3.1465,3.1598,3.0685,2.9518,2.7558,2.9779,2.6525,2.7739,3.1324,3.2417,2.7828,3.0161,3.2686,3.1575,2.9441,3.043,2.5745,2.8352,2.5555,2.7156,3.2832,3.2651,2.8553,3.0584,3.1297,3.048,3.1187,3.1132,2.7185,3.053,2.7973,2.9009,3.3621,3.2203,2.9533,2.9039,3.0751,2.9524,2.7506,2.9024,2.6361,2.9237,2.725,2.6628,3.0344,3.2855,2.8303,2.842,3.109,3.212,3.1539,3.0173,2.6299,2.9717,2.7617,2.7592,3.1033,3.0623,2.8647,2.6903,2.9436,2.9239,2.8699,2.9618,2.7062,2.9382,2.6868,2.7733,3.0752,3.2166,2.9067,2.9823,3.1933,3.0092,2.8077,2.7936,2.6026,2.7031,2.6355,2.7255,3.0737,3.086,2.8779,2.8858,3.0517,3.0103,2.9526,2.8609,2.4249,2.8982,2.737,2.7838,3.116,3.1325,2.7456,2.7381,2.9869,3.0291,2.8771,3.0076,2.6482,2.8443,2.6812,2.7897,3.1468,3.1781,2.8192,2.8618,3.0753,2.9737,2.7976,2.7912,2.6151,2.9085,2.6388,2.8917,3.2079,3.1856,2.8152,2.7771,3.033,3.1239,2.9443,2.9688,2.6163,2.9587,2.8852,2.8353,3.079,3.2166,2.9606,2.8772,3.0769,3.0479,2.8922,2.856,2.7306,3.0113,2.814,2.8601,3.0596,3.1307,2.7911,2.6703,2.9265,2.8736,2.8202,2.9325,2.6895,2.8665,2.6084,2.7213,3.0082,3.1427,2.8487,2.8088,2.9805,2.9941,3.0256,3.0786,2.7583,3.0093,2.5463,2.7785,3.2644,3.2244,2.8645,2.9448,3.2228,3.055,2.8715,2.9356,2.7794,3.0365,2.7836,3.0208,3.3802,3.458,3.119,3.0159,3.3557,3.3314,3.0732,3.1302,2.8462,3.0789,2.9699,3.042,3.3879,3.5674,3.1147,3.106,3.3266,3.4852,3.4595,3.321,3.0127,3.1787,3.0378,3.0997,3.2976,3.3895,3.0029,2.9884,3.241,3.118,3.1994,3.3704,3.1318,3.3575,3.0458,3.005,3.2118,3.3265,3.0573,3.0351,3.3546,3.2562,3.102,2.9681,2.7512,2.9477,2.7283,2.8645,2.9644,3.2451,2.9147,2.8131,2.9068,3.1458,3.0011,3.0437,2.7273,2.9739,3.1179,3.8127,4.1267,3.5484,3.489,3.625,3.4058,3.3043,3.1706,3.2234,3.2749,3.3171,2.8625,2.9434,3.3462,3.5423,3.1758,3.3292,3.4545,3.1639,2.9596,3.0412,2.8773,3.2289,2.9154,2.8896,3.2195,3.2259,2.976,2.9716,3.0936,3.0902,3.0264,2.9514,2.8146,3.0098,2.8044,3.0157,3.2366,3.2448,3.0887,2.9526,3.1346,3.1413,3.1036,3.1306,2.9416,3.0522,2.8838,2.9738,3.3342,3.3423,2.9822,3.0405,3.1712,3.164,3.2336,3.2223,3.1844,3.2371,3.0156,3.0143,3.0577,3.1812,2.9641,2.9948,3.053,3.1616,3.0986
1,5,1,fresh vegetables,1.5186,1.7553,1.6789,1.7186,1.939,2.04,1.6742,1.7891,1.9942,1.9706,1.7732,1.5809,1.6733,1.842,1.6257,1.7281,1.9624,2.0853,1.656,1.8362,2.0586,1.944,1.6726,1.5733,1.5038,1.6513,1.5019,1.6563,2.0831,2.0769,1.72,1.8813,1.9785,1.8768,1.8355,1.711,1.6449,1.865,1.7247,1.8519,2.1764,2.0532,1.7937,1.7781,1.943,1.8041,1.5637,1.5311,1.5663,1.7953,1.6626,1.6653,1.9002,2.1237,1.7269,1.7428,1.9765,2.0314,1.9148,1.6572,1.5767,1.8296,1.722,1.7417,1.9839,1.9398,1.6997,1.6267,1.8355,1.8148,1.701,1.6321,1.6642,1.8288,1.6483,1.7608,1.9821,2.0935,1.7983,1.883,2.0396,1.8965,1.6287,1.538,1.5458,1.6351,1.6089,1.7431,1.9872,1.9912,1.792,1.8174,1.9677,1.9301,1.7699,1.6305,1.4715,1.7761,1.7209,1.7812,2.0161,2.0589,1.7271,1.7049,1.9283,1.942,1.7372,1.72,1.6357,1.7726,1.6686,1.8114,2.0716,2.0932,1.7683,1.8411,2.0165,1.8861,1.6861,1.5917,1.6333,1.8506,1.6857,1.9154,2.1378,2.1082,1.813,1.8029,2.0111,2.0756,1.8912,1.7596,1.6595,1.9107,1.8613,1.8748,2.0213,2.1418,1.9136,1.8574,2.0459,2.0136,1.7968,1.6682,1.7515,1.9701,1.8529,1.9195,2.0604,2.1078,1.7897,1.7152,1.9347,1.8784,1.7646,1.7555,1.7537,1.8724,1.6985,1.8076,2.0056,2.1294,1.8801,1.8455,2.0111,2.0129,1.956,1.8966,1.8134,1.9759,1.6376,1.8826,2.2147,2.1804,1.8905,1.9633,2.2175,2.0504,1.8247,1.7896,1.8148,1.9903,1.8345,2.0677,2.3594,2.4109,2.0915,2.0515,2.3269,2.285,1.9688,1.8664,1.824,2.015,1.9549,2.0531,2.3209,2.4528,2.0797,2.0692,2.2919,2.412,2.3271,2.0801,1.9921,2.1205,2.0148,2.1154,2.2462,2.3043,1.9664,1.9546,2.1938,2.0642,2.094,2.1219,2.1201,2.2823,2.0599,2.0262,2.1724,2.216,1.9948,2.0295,2.2778,2.2132,2.0303,1.8122,1.7837,1.9161,1.7667,1.8942,1.989,2.1869,1.9109,1.8567,1.951,2.1068,1.94,1.8788,1.7766,1.9107,2.031,2.5866,2.8498,2.4319,2.3766,2.5047,2.3379,2.2536,2.0731,1.9866,2.1594,2.208,1.909,1.9841,2.286,2.417,2.1243,2.2319,2.3667,2.1298,1.9135,1.8773,1.893,2.1471,1.9723,1.9806,2.2104,2.2128,1.9904,2.0002,2.1007,2.0896,1.9602,1.8487,1.8522,1.9852,1.8548,2.0299,2.1935,2.1862,2.0374,1.9621,2.12,2.1244,2.0337,1.9805,1.945,2.0049,1.9149,2.0313,2.2853,2.2618,1.963,2.0471,2.1614,2.1398,2.1335,2.0846,2.1586,2.1765,2.0428,2.0533,2.0741,2.139,1.9575,1.996,2.0758,2.1419,2.0484
1,5,2,Dry food/seaweed,0.2393,0.256,0.2508,0.247,0.2486,0.2557,0.2971,0.2681,0.2452,0.2464,0.3079,0.4707,0.2421,0.2656,0.2427,0.2386,0.2694,0.2524,0.2784,0.3005,0.2539,0.2598,0.3062,0.5251,0.2431,0.2611,0.2482,0.243,0.2696,0.2747,0.2844,0.2748,0.2596,0.2666,0.3113,0.4805,0.2377,0.2753,0.2492,0.2415,0.2678,0.2818,0.2963,0.2875,0.2579,0.2505,0.2929,0.4879,0.2523,0.2611,0.2499,0.2457,0.2704,0.27,0.271,0.2697,0.2593,0.2581,0.2957,0.4565,0.2548,0.2841,0.2587,0.2589,0.262,0.2711,0.3253,0.2793,0.2762,0.2575,0.2962,0.4598,0.2535,0.2672,0.2684,0.2474,0.2564,0.2735,0.2836,0.2629,0.2738,0.2542,0.2998,0.4036,0.2493,0.2537,0.2558,0.2366,0.253,0.2634,0.2657,0.253,0.2445,0.2424,0.2867,0.3961,0.2198,0.2654,0.2531,0.2427,0.2475,0.2444,0.2534,0.2497,0.2349,0.2477,0.2637,0.43,0.233,0.2567,0.2562,0.2376,0.249,0.2568,0.2627,0.2533,0.24,0.2544,0.2848,0.3895,0.2405,0.2577,0.2419,0.243,0.254,0.2543,0.2482,0.2318,0.236,0.2411,0.2551,0.3923,0.2313,0.2569,0.2638,0.2232,0.2401,0.2438,0.2439,0.244,0.2363,0.2367,0.2677,0.3859,0.2398,0.2486,0.2343,0.2348,0.2351,0.2391,0.2474,0.2325,0.2268,0.2318,0.2582,0.3616,0.2184,0.2357,0.2284,0.228,0.2458,0.2398,0.237,0.2326,0.2216,0.2212,0.2568,0.3845,0.2262,0.2644,0.2536,0.2108,0.2557,0.2588,0.234,0.2385,0.2304,0.2315,0.2619,0.3568,0.2412,0.2567,0.2443,0.234,0.2468,0.2434,0.2542,0.2353,0.2395,0.2511,0.2825,0.406,0.2509,0.2573,0.2616,0.2519,0.2626,0.2712,0.2532,0.2616,0.2505,0.2688,0.2858,0.3931,0.2496,0.264,0.2695,0.2517,0.2526,0.2552,0.2532,0.2565,0.2522,0.2563,0.27,0.3927,0.2485,0.2699,0.255,0.2534,0.257,0.2907,0.2643,0.2513,0.2551,0.2373,0.275,0.3587,0.2362,0.2643,0.2554,0.2647,0.2476,0.2582,0.2482,0.2352,0.2332,0.2449,0.2676,0.3544,0.2295,0.2646,0.2748,0.3184,0.3135,0.2726,0.2803,0.2761,0.2546,0.2536,0.2734,0.3787,0.2659,0.2785,0.2314,0.2265,0.2523,0.2801,0.2465,0.2708,0.2484,0.2461,0.253,0.3597,0.2453,0.266,0.2402,0.222,0.2447,0.238,0.2362,0.2297,0.2363,0.2359,0.2675,0.3167,0.2331,0.2579,0.2308,0.2399,0.243,0.2457,0.2513,0.2323,0.2385,0.2315,0.2597,0.3375,0.2339,0.2591,0.2397,0.2314,0.248,0.2699,0.2406,0.2474,0.2445,0.2456,0.2812,0.3343,0.2579,0.2695,0.2497,0.2536,0.2366,0.2508,0.2401,0.2449,0.2388,0.2519,0.2667
1,5,3,Processed soybean products,0.4037,0.4466,0.3909,0.3764,0.4258,0.4317,0.3988,0.4216,0.4267,0.424,0.4446,0.3621,0.4034,0.4062,0.3639,0.3761,0.4182,0.431,0.4054,0.4182,0.4511,0.4472,0.4543,0.3931,0.4145,0.4567,0.3914,0.3975,0.4518,0.4336,0.4121,0.4334,0.4272,0.4289,0.4469,0.3807,0.4047,0.4353,0.3934,0.3894,0.4475,0.4309,0.4262,0.4178,0.4421,0.4334,0.4242,0.3854,0.4086,0.4296,0.3983,0.3805,0.4281,0.4406,0.4114,0.4169,0.4327,0.4417,0.4354,0.3796,0.3945,0.4211,0.3833,0.3713,0.424,0.4239,0.4051,0.3944,0.4099,0.4025,0.4214,0.3772,0.3951,0.4168,0.3766,0.3765,0.4176,0.4152,0.4095,0.4256,0.4469,0.4221,0.4264,0.3722,0.4257,0.4146,0.3843,0.3625,0.414,0.4213,0.4104,0.4108,0.4214,0.4054,0.4211,0.3594,0.3654,0.4238,0.3782,0.3756,0.4182,0.416,0.3952,0.4005,0.4175,0.4151,0.4186,0.3724,0.3949,0.4097,0.374,0.3659,0.4059,0.4163,0.4066,0.3952,0.4092,0.4065,0.4004,0.3486,0.373,0.4013,0.355,0.3633,0.399,0.4018,0.3856,0.3746,0.3904,0.3917,0.3842,0.3621,0.3648,0.3865,0.3645,0.3637,0.394,0.4056,0.3928,0.3776,0.3911,0.3851,0.3943,0.3432,0.368,0.389,0.3469,0.3385,0.3748,0.3814,0.3703,0.3625,0.3911,0.381,0.3872,0.3518,0.3548,0.3801,0.3416,0.3453,0.3821,0.3905,0.3761,0.3647,0.3723,0.3771,0.3881,0.3492,0.3545,0.3815,0.308,0.3399,0.395,0.386,0.3746,0.3768,0.3906,0.3836,0.3861,0.3511,0.3719,0.4024,0.359,0.3667,0.3917,0.408,0.3897,0.3713,0.3934,0.403,0.4113,0.3717,0.4,0.4137,0.3805,0.3752,0.4059,0.4234,0.3916,0.3905,0.3965,0.4011,0.4157,0.3705,0.3875,0.3982,0.3722,0.3697,0.3978,0.4137,0.3943,0.3846,0.3996,0.4019,0.4114,0.3716,0.3852,0.4002,0.3632,0.3702,0.4049,0.4106,0.3871,0.371,0.4099,0.3953,0.3942,0.3666,0.3739,0.3934,0.3589,0.356,0.3719,0.4034,0.3784,0.3601,0.3606,0.399,0.3892,0.3597,0.3674,0.4078,0.4093,0.4647,0.4893,0.4202,0.4256,0.4197,0.4091,0.3989,0.4047,0.3921,0.4321,0.4183,0.3631,0.3621,0.4045,0.4226,0.3952,0.4092,0.4131,0.3848,0.3935,0.3622,0.3687,0.4021,0.3538,0.3501,0.3782,0.3767,0.3726,0.37,0.3847,0.3839,0.391,0.359,0.3696,0.3846,0.3623,0.3758,0.406,0.4094,0.4043,0.3827,0.3933,0.3921,0.406,0.3754,0.3935,0.4016,0.3699,0.3626,0.3989,0.4027,0.3846,0.3728,0.3893,0.396,0.4091,0.3749,0.3947,0.4041,0.3641,0.3583,0.3774,0.3883,0.3893,0.371,0.3819,0.3956,0.3936
1,5,4,Other processed vegetables and seaweed products,0.4315,0.4909,0.4434,0.422,0.4761,0.4579,0.4371,0.4623,0.48,0.5188,0.5428,0.5381,0.4373,0.4641,0.4201,0.4311,0.4824,0.473,0.443,0.4612,0.5053,0.5065,0.5113,0.5512,0.4131,0.4662,0.4141,0.4188,0.4788,0.4796,0.4387,0.4686,0.4644,0.4758,0.5247,0.5411,0.4308,0.4771,0.43,0.418,0.4704,0.4545,0.4374,0.4205,0.432,0.464,0.4698,0.498,0.4086,0.4377,0.4142,0.371,0.4361,0.4512,0.4207,0.4125,0.4404,0.4808,0.508,0.524,0.4041,0.4368,0.3977,0.387,0.4331,0.4278,0.4349,0.3895,0.4217,0.4491,0.4517,0.4931,0.3931,0.4257,0.3935,0.3887,0.419,0.4344,0.4149,0.4108,0.4334,0.4364,0.4529,0.4798,0.3818,0.4,0.3868,0.383,0.4195,0.4099,0.4098,0.405,0.4178,0.4323,0.4748,0.4749,0.3683,0.4332,0.3852,0.3846,0.4345,0.4125,0.3704,0.383,0.4058,0.4244,0.4576,0.4852,0.3846,0.4052,0.3821,0.3744,0.4206,0.4116,0.3816,0.3722,0.4096,0.4267,0.4264,0.4614,0.3686,0.3986,0.3559,0.37,0.4168,0.421,0.3681,0.3678,0.3958,0.4157,0.4134,0.4547,0.3607,0.4045,0.396,0.3739,0.4237,0.4255,0.4099,0.3979,0.4037,0.4121,0.433,0.459,0.3712,0.4036,0.3798,0.3676,0.3894,0.4025,0.3841,0.3597,0.3742,0.3824,0.4106,0.4633,0.3624,0.3782,0.34,0.3407,0.3743,0.3834,0.3555,0.3661,0.3755,0.3829,0.425,0.4479,0.3642,0.3878,0.3468,0.3452,0.3994,0.3988,0.365,0.3658,0.3848,0.3891,0.3989,0.4381,0.3519,0.3874,0.3457,0.3524,0.3823,0.3957,0.3833,0.3579,0.3959,0.3923,0.411,0.4861,0.3719,0.3929,0.3732,0.3614,0.3985,0.42,0.3906,0.385,0.3878,0.4032,0.4309,0.4776,0.3832,0.3956,0.3809,0.3629,0.401,0.4159,0.389,0.3928,0.3958,0.3956,0.424,0.4845,0.3773,0.4051,0.3678,0.3553,0.3779,0.4091,0.4111,0.3833,0.4118,0.4105,0.4024,0.4306,0.3574,0.3738,0.3473,0.3497,0.3559,0.3958,0.377,0.3614,0.3619,0.3951,0.4046,0.4509,0.3538,0.3908,0.4028,0.443,0.4742,0.4235,0.4061,0.4248,0.4043,0.3986,0.4191,0.466,0.4172,0.412,0.3589,0.3707,0.4035,0.423,0.4098,0.4174,0.4263,0.4032,0.3992,0.442,0.3704,0.4134,0.3495,0.3373,0.3865,0.3984,0.3764,0.3718,0.3719,0.3809,0.4078,0.4267,0.36,0.3824,0.3568,0.3702,0.3941,0.4039,0.3958,0.3756,0.3831,0.3937,0.4046,0.4373,0.369,0.3863,0.3593,0.3489,0.4016,0.408,0.3939,0.3735,0.3761,0.3826,0.4098,0.4285,0.3735,0.3869,0.3588,0.3488,0.3695,0.4028,0.3775,0.3825,0.3568,0.3718,0.3898
1,6,-,fruit,0.9256,1.0899,0.9751,0.8945,1.0202,1.1342,1.2981,1.6355,1.4215,1.1646,1.1139,1.376,0.9773,1.1011,1.0047,0.9416,1.0158,1.2103,1.2843,1.6494,1.473,1.1902,1.1318,1.3158,0.9279,1.1236,0.9925,0.8944,1.0268,1.2169,1.3316,1.6152,1.3777,1.16,1.13,1.2745,0.9236,1.0701,0.9526,0.8563,0.9928,1.1373,1.226,1.4424,1.2423,1.0882,1.0591,1.226,0.8896,1.0557,0.9736,0.8406,0.9421,1.1424,1.2818,1.4755,1.2388,1.0519,1.0688,1.2921,0.9651,1.0767,0.9714,0.8819,0.9625,1.1067,1.2339,1.3795,1.2476,1.0495,1.0479,1.1405,0.8557,0.9591,0.9146,0.8019,0.8493,0.9914,1.1415,1.3951,1.2713,1.076,1.0868,1.2999,0.909,0.9855,0.944,0.829,0.9378,1.0713,1.1731,1.4971,1.3342,1.0964,1.1176,1.2282,0.772,0.9644,0.9048,0.8149,0.9128,1.0275,1.1697,1.4168,1.2543,1.1448,1.0363,1.3004,0.9285,0.9641,0.8761,0.8344,0.9442,1.0857,1.1976,1.3589,1.2555,1.0223,1.0522,1.1581,0.8633,0.9737,0.8322,0.8163,0.9116,0.9993,1.188,1.3516,1.2158,1.0604,1.0376,1.2893,0.85,0.9904,0.9168,0.8391,0.9408,0.9962,1.2259,1.3507,1.2118,1.0451,1.0522,1.2079,0.894,1.0319,0.9439,0.8687,0.868,1.0359,1.1998,1.4054,1.3101,1.1311,1.0432,1.197,0.8763,0.9523,0.9112,0.8079,0.8988,0.9903,1.2157,1.3757,1.2323,1.0293,1.0821,1.2263,0.8863,0.991,0.8424,0.8297,1.0106,1.069,1.1588,1.365,1.2524,1.0974,1.1178,1.3019,0.9381,1.0311,0.9673,0.8862,0.959,1.1264,1.2582,1.413,1.304,1.1392,1.2226,1.3118,0.977,1.072,1.0017,0.945,1.0141,1.1738,1.3392,1.4884,1.3376,1.1682,1.2232,1.3442,0.9995,1.133,1.016,0.9083,0.9779,1.1075,1.2504,1.4451,1.308,1.1429,1.1339,1.3906,0.9779,1.0779,0.9906,0.9146,0.9619,1.1018,1.1613,1.3775,1.2998,1.1281,1.0973,1.2303,0.9914,1.074,0.9749,0.9404,0.9335,1.0564,1.1957,1.3337,1.2318,1.1599,1.1501,1.2608,0.975,1.1073,1.0927,1.1313,1.2063,1.1158,1.2732,1.544,1.3477,1.2469,1.2163,1.3577,1.1727,1.2497,1.0039,0.9803,1.062,1.1799,1.3261,1.5362,1.4538,1.2124,1.1735,1.2743,0.999,1.1672,1.0245,0.9202,0.9639,1.0542,1.2225,1.525,1.3843,1.1433,1.1152,1.2462,1.0058,1.0723,1.0184,0.9839,1.026,1.1258,1.2927,1.4681,1.4168,1.2024,1.1662,1.2995,1.0851,1.1295,1.0097,0.9419,1.0178,1.1061,1.2608,1.4464,1.4502,1.2141,1.2331,1.3116,1.0543,1.0967,1.0556,0.9643,0.9665,1.1133,1.227,1.4957,1.4656,1.2627,1.2325
1,6,1,fresh fruit,0.8591,1.0325,0.9277,0.8494,0.9674,1.0872,1.2497,1.5936,1.3813,1.1249,1.0672,1.2616,0.9074,1.0494,0.9588,0.897,0.9669,1.1599,1.2305,1.6031,1.4304,1.1503,1.0833,1.198,0.8574,1.064,0.9477,0.8472,0.9785,1.172,1.2914,1.5724,1.3381,1.1197,1.0836,1.1671,0.861,1.0114,0.9073,0.815,0.9419,1.0907,1.1784,1.397,1.2026,1.0482,1.0152,1.1086,0.8232,0.9999,0.9252,0.801,0.8974,1.1007,1.2369,1.4346,1.2006,1.0138,1.0281,1.1836,0.9009,1.0202,0.9257,0.8391,0.9118,1.0567,1.1904,1.3392,1.206,1.0112,1.0049,1.0332,0.7929,0.9008,0.8696,0.7623,0.8072,0.9472,1.0936,1.3523,1.2314,1.037,1.0397,1.1934,0.8439,0.9371,0.9022,0.7895,0.8942,1.0289,1.1326,1.4562,1.2976,1.0576,1.0727,1.1275,0.7159,0.9147,0.8654,0.7815,0.875,0.9895,1.1308,1.3811,1.2149,1.108,0.9959,1.2028,0.8606,0.913,0.8346,0.7978,0.9032,1.0421,1.1562,1.3183,1.2122,0.9806,1.0062,1.0601,0.7985,0.9171,0.7919,0.7733,0.8664,0.9566,1.1438,1.3131,1.1784,1.018,0.9876,1.1712,0.7877,0.9287,0.8613,0.7916,0.8919,0.9481,1.1752,1.3035,1.1633,1.0007,0.9977,1.1052,0.8364,0.9752,0.8942,0.821,0.811,0.9592,1.138,1.3495,1.2534,1.0783,0.9851,1.0891,0.805,0.8892,0.8533,0.756,0.8393,0.9298,1.1597,1.3192,1.1732,0.9763,1.0174,1.1034,0.8146,0.9189,0.7828,0.7728,0.9329,0.9982,1.0914,1.2969,1.1921,1.0337,1.0483,1.1668,0.8498,0.9491,0.8971,0.8167,0.8861,1.0463,1.1859,1.3519,1.2395,1.0712,1.1392,1.1639,0.8859,0.9879,0.9273,0.8679,0.9318,1.0866,1.2659,1.4189,1.2616,1.0973,1.1442,1.2054,0.9089,1.0405,0.9358,0.835,0.8963,1.016,1.1623,1.3642,1.2332,1.0616,1.0366,1.2457,0.8864,0.9766,0.9,0.8345,0.8706,1.0144,1.0738,1.2962,1.2213,1.0465,1.0013,1.0836,0.8973,0.9755,0.8882,0.8578,0.8488,0.969,1.1103,1.2469,1.1507,1.0755,1.0532,1.1124,0.8629,1.0013,0.9907,1.0167,1.0924,1.0121,1.1742,1.4474,1.2477,1.1456,1.1086,1.1997,1.0494,1.1214,0.9003,0.8756,0.9485,1.0707,1.2248,1.4409,1.3596,1.1174,1.0706,1.1283,0.8895,1.047,0.9246,0.8331,0.8641,0.9614,1.1352,1.4336,1.2929,1.0483,1.01,1.1027,0.8931,0.9632,0.9202,0.8892,0.9293,1.0245,1.1951,1.3764,1.3203,1.1064,1.0595,1.1538,0.9745,1.013,0.9011,0.8481,0.91,1.004,1.1669,1.3604,1.3568,1.1265,1.1316,1.1712,0.9472,0.9872,0.948,0.8649,0.8621,1.0077,1.1309,1.4033,1.3736,1.1728,1.1252
1,6,2,processed fruit products,0.0662,0.0575,0.0474,0.0453,0.0525,0.0474,0.0484,0.0419,0.0401,0.0398,0.0471,0.1142,0.0699,0.0518,0.0459,0.0446,0.0489,0.0503,0.0538,0.0463,0.0426,0.0402,0.0485,0.1175,0.0704,0.0596,0.0445,0.0472,0.0483,0.0449,0.0399,0.0428,0.0396,0.0403,0.0463,0.1077,0.0626,0.0588,0.0454,0.0413,0.0508,0.047,0.0476,0.0457,0.0393,0.04,0.0439,0.1174,0.0661,0.0558,0.0484,0.0396,0.045,0.0417,0.0446,0.0409,0.0386,0.0384,0.0407,0.1085,0.0642,0.0569,0.0457,0.0428,0.0507,0.05,0.0434,0.0404,0.042,0.0383,0.043,0.1072,0.0628,0.0583,0.045,0.0396,0.0421,0.0442,0.0475,0.0428,0.0395,0.039,0.0467,0.1065,0.0651,0.0484,0.0418,0.0395,0.0437,0.0428,0.0405,0.0412,0.0366,0.0387,0.0449,0.1004,0.0565,0.05,0.0397,0.0335,0.0378,0.0379,0.0389,0.0357,0.0394,0.0367,0.0404,0.0976,0.0679,0.0507,0.0415,0.0362,0.041,0.0436,0.0414,0.0402,0.0433,0.0417,0.046,0.098,0.0647,0.0567,0.0403,0.0427,0.0452,0.0427,0.0438,0.0385,0.0374,0.0424,0.05,0.118,0.0622,0.0617,0.0555,0.0475,0.0489,0.0482,0.0511,0.0475,0.0485,0.0441,0.0545,0.1027,0.0576,0.0567,0.05,0.0477,0.057,0.0767,0.0614,0.0559,0.0566,0.0528,0.0584,0.1078,0.0713,0.063,0.0579,0.0519,0.0595,0.0601,0.0559,0.0566,0.0595,0.053,0.0647,0.1226,0.0717,0.0724,0.0593,0.0569,0.0777,0.0711,0.0674,0.0681,0.0603,0.0634,0.0696,0.1351,0.0887,0.0821,0.0699,0.0696,0.073,0.08,0.0724,0.0611,0.0642,0.068,0.0838,0.1477,0.0911,0.0838,0.0744,0.077,0.0827,0.0872,0.0734,0.0695,0.076,0.0709,0.079,0.1388,0.0906,0.0921,0.0802,0.0733,0.0816,0.0915,0.0881,0.081,0.0744,0.0813,0.0973,0.145,0.0918,0.1013,0.0906,0.0802,0.0914,0.0874,0.0875,0.0817,0.0785,0.0816,0.0961,0.1467,0.0941,0.0984,0.0867,0.0827,0.0847,0.0874,0.0854,0.0867,0.0812,0.084,0.0969,0.1487,0.1121,0.106,0.102,0.1146,0.1139,0.1038,0.0989,0.0966,0.1001,0.1009,0.1076,0.1584,0.1232,0.1283,0.1036,0.1046,0.1131,0.1091,0.1016,0.0956,0.0946,0.0954,0.1025,0.146,0.1098,0.1202,0.1002,0.0867,0.0998,0.0928,0.0873,0.0914,0.0915,0.095,0.1053,0.1435,0.1127,0.1091,0.0982,0.0947,0.0967,0.1009,0.0976,0.0914,0.0968,0.096,0.1063,0.1457,0.1105,0.1161,0.1086,0.0935,0.1078,0.1022,0.0938,0.0861,0.0934,0.0876,0.1015,0.1404,0.107,0.1091,0.1076,0.0995,0.1044,0.106,0.0958,0.0924,0.092,0.0899,0.1072
1,7,-,Oils and seasonings,0.9357,1.0703,0.9727,0.9392,1.0717,1.1755,1.1146,1.0694,1.0622,1.0586,1.1728,1.1623,0.9407,0.9901,0.9091,0.9366,1.0658,1.1736,1.0943,1.089,1.0924,1.0453,1.1599,1.2524,0.9472,1.0703,0.9468,0.9599,1.1179,1.1761,1.0944,1.0834,1.0219,1.0558,1.1839,1.2484,0.9634,1.0509,0.9912,0.9645,1.1084,1.1483,1.1576,1.0523,1.0316,1.0796,1.171,1.253,0.9695,1.0519,0.9708,0.9223,1.0898,1.2085,1.1698,1.0716,1.0465,1.0792,1.139,1.2218,0.9601,1.0503,0.9642,0.953,1.0822,1.1708,1.1535,1.0513,1.013,1.0572,1.1721,1.2009,0.9494,1.0437,0.9564,0.9637,1.0462,1.1598,1.1573,1.0449,1.0945,1.0828,1.213,1.2535,0.9684,1.0551,0.9756,0.9685,1.0722,1.1754,1.1799,1.0391,1.0396,1.0825,1.2166,1.239,0.9486,1.1427,1.0497,1.0261,1.1575,1.2289,1.1747,1.13,1.104,1.141,1.2755,1.2888,1.0434,1.1491,1.077,1.0524,1.2191,1.2524,1.219,1.1417,1.1418,1.1974,1.2552,1.2741,1.0674,1.1464,1.0213,1.035,1.1802,1.2243,1.1904,1.0922,1.1047,1.1714,1.2276,1.3076,1.0733,1.1806,1.1709,1.0682,1.2018,1.2885,1.1966,1.1454,1.1474,1.1638,1.2899,1.2954,1.0985,1.1861,1.093,1.0455,1.1382,1.2572,1.167,1.1348,1.1432,1.1979,1.2737,1.2965,1.0553,1.1507,1.0488,1.0704,1.1595,1.2742,1.165,1.108,1.0852,1.1477,1.2334,1.2744,1.0418,1.1804,1.2054,0.9357,1.1551,1.239,1.1834,1.1633,1.1325,1.1969,1.3212,1.3257,1.1092,1.2261,1.1118,1.1149,1.1971,1.3374,1.2408,1.1671,1.1965,1.2603,1.388,1.452,1.2101,1.2829,1.1871,1.139,1.2593,1.3735,1.2731,1.2271,1.2204,1.2764,1.365,1.3878,1.2218,1.2588,1.2053,1.1455,1.2467,1.3549,1.279,1.2454,1.2336,1.3073,1.3729,1.3788,1.2002,1.259,1.1516,1.1755,1.2755,1.3765,1.2654,1.1837,1.2674,1.2579,1.3543,1.3594,1.1895,1.2816,1.1721,1.152,1.1788,1.3175,1.2603,1.1663,1.2245,1.2701,1.3183,1.3579,1.1648,1.3259,1.386,1.568,1.6293,1.4549,1.4691,1.3808,1.3889,1.3696,1.4685,1.5879,1.4576,1.4696,1.2508,1.2593,1.4089,1.4603,1.4198,1.4192,1.3924,1.366,1.4204,1.4489,1.3096,1.4328,1.2875,1.2187,1.3424,1.3655,1.335,1.2929,1.3381,1.3315,1.4024,1.4562,1.267,1.3868,1.2351,1.2762,1.3528,1.4063,1.3949,1.2873,1.3072,1.3415,1.4474,1.5055,1.3356,1.3903,1.3313,1.2595,1.3626,1.4333,1.3725,1.3167,1.3373,1.3452,1.4459,1.4505,1.3079,1.3748,1.2637,1.2603,1.3405,1.4116,1.3085,1.2966,1.2948,1.3579,1.446
1,7,1,fats and oils,0.0853,0.0936,0.0918,0.094,0.104,0.1236,0.1611,0.1158,0.1005,0.0957,0.1137,0.1652,0.078,0.0821,0.0833,0.0898,0.0992,0.1192,0.1461,0.1184,0.1056,0.0959,0.1244,0.1948,0.0813,0.0936,0.0881,0.0906,0.1038,0.1313,0.1536,0.1349,0.0995,0.0971,0.1128,0.1847,0.0834,0.0964,0.0951,0.0911,0.1059,0.12,0.1541,0.1178,0.0977,0.0954,0.1161,0.1824,0.0873,0.0958,0.0941,0.0826,0.1027,0.1166,0.1662,0.1315,0.1049,0.1075,0.1366,0.1745,0.0887,0.0995,0.0961,0.0931,0.1048,0.1292,0.1608,0.13,0.1013,0.097,0.1231,0.163,0.091,0.0965,0.0871,0.0892,0.0941,0.1204,0.1621,0.127,0.1043,0.0926,0.1312,0.173,0.0813,0.095,0.0925,0.0955,0.105,0.1287,0.1742,0.1176,0.103,0.0987,0.128,0.1814,0.0888,0.107,0.1049,0.1117,0.1246,0.1532,0.1837,0.1374,0.1233,0.1197,0.1538,0.1822,0.1023,0.1176,0.1156,0.1162,0.1271,0.1432,0.1568,0.1371,0.1256,0.1178,0.1296,0.1456,0.1017,0.1126,0.1028,0.1007,0.1215,0.1262,0.1402,0.1217,0.105,0.1054,0.1161,0.155,0.0906,0.1074,0.1048,0.1049,0.1195,0.1313,0.131,0.1262,0.1137,0.1103,0.1295,0.1423,0.095,0.1105,0.106,0.1063,0.1136,0.123,0.1179,0.1213,0.1204,0.1154,0.1282,0.1429,0.0966,0.1078,0.1085,0.1156,0.1186,0.1303,0.1339,0.1261,0.1165,0.1139,0.117,0.1364,0.0956,0.1088,0.13,0.088,0.1172,0.132,0.1448,0.1368,0.1159,0.1189,0.1388,0.1525,0.1166,0.1351,0.1357,0.1305,0.1386,0.1563,0.1615,0.1425,0.1422,0.1385,0.1581,0.1797,0.1157,0.1349,0.1303,0.1223,0.1366,0.1553,0.1492,0.1419,0.1344,0.1277,0.1451,0.1488,0.115,0.1289,0.1262,0.1264,0.1293,0.1469,0.1404,0.1459,0.1358,0.1304,0.1489,0.1481,0.1094,0.1212,0.1159,0.1226,0.1362,0.1532,0.1404,0.1306,0.1331,0.1216,0.1427,0.1494,0.1117,0.1349,0.1332,0.1308,0.1256,0.1481,0.1483,0.1387,0.1387,0.1298,0.1352,0.1366,0.118,0.1347,0.1543,0.1732,0.1873,0.1589,0.1738,0.156,0.1575,0.1333,0.1475,0.1543,0.1386,0.16,0.1365,0.1309,0.1512,0.1598,0.1528,0.1616,0.1511,0.1461,0.1534,0.1579,0.1386,0.1559,0.1526,0.1458,0.1585,0.1636,0.1672,0.1645,0.1669,0.1473,0.163,0.1637,0.1329,0.1536,0.1397,0.1531,0.1585,0.1669,0.169,0.162,0.1505,0.147,0.1537,0.1627,0.1316,0.1458,0.1675,0.1513,0.1612,0.1712,0.1633,0.159,0.1629,0.1455,0.1513,0.1534,0.1224,0.1459,0.1377,0.1409,0.1503,0.1618,0.1439,0.1529,0.1388,0.1356,0.1454
1,7,2,seasoning,0.8504,0.9764,0.8809,0.8453,0.9674,1.0519,0.9535,0.9536,0.9617,0.9632,1.0587,0.997,0.8627,0.9081,0.8258,0.8468,0.9666,1.054,0.9483,0.9707,0.9871,0.9491,1.0355,1.058,0.8659,0.9763,0.8587,0.8694,1.0142,1.0445,0.9405,0.9485,0.9224,0.9587,1.0712,1.0636,0.88,0.9545,0.8961,0.8738,1.0025,1.028,1.0035,0.9346,0.934,0.9841,1.0549,1.0706,0.8823,0.9561,0.8768,0.8397,0.9871,1.0922,1.0033,0.94,0.9416,0.9717,1.0024,1.0473,0.8714,0.9508,0.8681,0.8602,0.9774,1.0415,0.9927,0.9212,0.9117,0.9602,1.049,1.0379,0.8584,0.9472,0.8693,0.8742,0.952,1.0394,0.9951,0.9179,0.9901,0.9902,1.0818,1.0805,0.8871,0.9602,0.8831,0.8733,0.9672,1.0467,1.0057,0.9215,0.9366,0.9836,1.0883,1.0575,0.8598,1.0358,0.9444,0.9144,1.0325,1.0757,0.9911,0.9926,0.9807,1.0209,1.1216,1.1063,0.9412,1.0314,0.9614,0.9359,1.092,1.1092,1.0622,1.0046,1.0162,1.0796,1.1256,1.1285,0.966,1.0338,0.9185,0.9343,1.0587,1.098,1.0502,0.9705,0.9998,1.066,1.1115,1.1526,0.9827,1.0733,1.0661,0.9636,1.0827,1.1576,1.0655,1.0191,1.0337,1.0532,1.1601,1.1531,1.0034,1.0756,0.987,0.9392,1.0246,1.1345,1.0491,1.0135,1.0229,1.0825,1.1455,1.1539,0.9587,1.0429,0.94,0.955,1.0412,1.1436,1.0315,0.9819,0.9683,1.0338,1.1165,1.138,0.9466,1.0716,1.0754,0.8476,1.0383,1.1071,1.0386,1.0265,1.0166,1.078,1.1821,1.1731,0.9929,1.0906,0.9761,0.9844,1.0585,1.1807,1.0796,1.0249,1.0543,1.1215,1.2299,1.2723,1.0944,1.148,1.0572,1.0167,1.1223,1.2182,1.1238,1.0853,1.086,1.1487,1.2199,1.2387,1.1069,1.1299,1.0791,1.0192,1.1174,1.208,1.1383,1.0995,1.0978,1.1769,1.224,1.2308,1.0908,1.1377,1.0354,1.0532,1.1393,1.2229,1.1246,1.0531,1.1343,1.1364,1.2116,1.2099,1.0778,1.1466,1.0389,1.0211,1.0532,1.1698,1.1121,1.0276,1.0858,1.1403,1.1827,1.2216,1.0468,1.1912,1.2316,1.3948,1.442,1.2959,1.2953,1.2245,1.2314,1.2363,1.3207,1.4339,1.3187,1.3096,1.1143,1.1281,1.2577,1.3005,1.267,1.2575,1.2408,1.2202,1.267,1.291,1.1713,1.2769,1.1349,1.0732,1.1839,1.2019,1.1682,1.1284,1.1712,1.1845,1.2394,1.2925,1.1341,1.2332,1.0954,1.1232,1.1943,1.239,1.2256,1.1257,1.1563,1.1945,1.2941,1.3429,1.2039,1.2445,1.1637,1.1082,1.2014,1.2621,1.2092,1.1577,1.1745,1.1997,1.2947,1.2971,1.1855,1.2289,1.1261,1.1194,1.1902,1.2498,1.1649,1.1437,1.1559,1.2223,1.3006
1,8,-,Confectionery,2.0315,2.2198,2.1518,1.8949,2.0955,1.9002,1.9306,2.4294,1.9642,1.8962,1.9398,2.2513,1.9915,2.1342,2.102,1.9572,2.1355,2.0052,2.0805,2.4799,2.0136,1.8822,2.0079,2.3418,2.0356,2.2795,2.1981,1.9714,2.2228,2.0216,1.9854,2.4452,1.9379,1.8807,1.9531,2.3061,2.0018,2.2659,2.2222,1.9002,2.2123,1.9624,2.0298,2.4447,1.9979,1.9256,2.0128,2.3472,2.0224,2.2164,2.1295,1.8637,2.1799,1.9237,2.0148,2.3145,1.9607,1.9222,1.9517,2.375,1.9825,2.2224,2.1523,1.9104,2.1624,1.9785,2.1339,2.3699,1.965,1.8354,1.9083,2.2526,1.9951,2.2163,2.2036,1.9462,2.1916,1.9973,2.1014,2.4527,2.0626,1.9237,2.013,2.4355,2.0373,2.2672,2.2528,1.9126,2.1662,2.0372,2.0996,2.4328,2.0817,1.8557,2.0192,2.3747,1.9963,2.3616,2.3198,1.9962,2.2931,2.1007,2.1393,2.5924,2.0946,2.0593,2.1527,2.4717,2.1342,2.4161,2.3655,2.0735,2.4341,2.1988,2.2485,2.6312,2.2136,2.0953,2.1409,2.5695,2.1907,2.446,2.2466,2.0664,2.3964,2.1407,2.247,2.5726,2.1085,2.0777,2.0752,2.5721,2.1017,2.3973,2.2727,2.1261,2.3791,2.1305,2.2614,2.5708,2.1414,2.043,2.1289,2.5491,2.1838,2.3991,2.3476,2.0527,2.2927,2.2064,2.2252,2.5923,2.1503,2.0057,2.0886,2.5841,2.1043,2.4092,2.2735,2.0668,2.3399,2.2259,2.2758,2.7357,2.124,1.9754,2.1578,2.4797,2.0877,2.3536,2.1514,2.051,2.4689,2.2127,2.3019,2.6609,2.1786,2.1145,2.261,2.6754,2.1825,2.5238,2.4054,2.1066,2.4439,2.3101,2.4002,2.6961,2.3299,2.2171,2.3314,2.8958,2.3935,2.6089,2.5784,2.1999,2.4739,2.3633,2.476,2.8147,2.3095,2.2127,2.3065,2.7995,2.3595,2.566,2.527,2.2113,2.4589,2.3091,2.3922,2.8025,2.3177,2.2084,2.2826,2.8644,2.3303,2.5511,2.5379,2.2378,2.4105,2.3382,2.3925,2.7086,2.3305,2.208,2.2644,2.829,2.3193,2.5716,2.6158,2.3279,2.4157,2.3627,2.455,2.7871,2.2059,2.3034,2.4573,2.9429,2.3763,2.7122,2.6282,2.3828,2.722,2.3818,2.5441,2.7812,2.4379,2.3692,2.458,2.9437,2.5321,2.879,2.6001,2.2744,2.5752,2.581,2.7321,2.8424,2.5363,2.466,2.5618,3.0312,2.4979,2.8489,2.7049,2.3861,2.7092,2.6224,2.7254,2.9127,2.6068,2.5563,2.6732,3.1684,2.5732,2.9297,2.813,2.5076,2.9014,2.6696,2.9379,3.0744,2.6936,2.5963,2.8262,3.2951,2.8511,3.1311,3.0153,2.5385,2.8967,2.8584,2.8787,3.1817,2.758,2.6094,2.7843,3.2354,2.755,3.0126,2.957,2.6462,2.9135,2.839,2.9732,3.2435,2.7571,2.8227,2.8914
1,9,-,cooked food,2.3826,2.5683,2.4005,2.4171,2.5612,2.5221,2.6391,2.7639,2.708,2.6951,2.7061,2.9881,2.514,2.4951,2.3621,2.4674,2.6666,2.6946,2.8296,2.8948,2.9056,2.7868,2.8214,3.3297,2.5768,2.7003,2.4759,2.4901,2.7493,2.6508,2.6871,2.9215,2.6782,2.6801,2.776,3.3061,2.6083,2.7574,2.5503,2.5102,2.7994,2.6472,2.9192,2.9052,2.8057,2.7863,2.8332,3.2796,2.6149,2.645,2.4856,2.3351,2.6397,2.6378,2.8677,2.8954,2.7532,2.8292,2.7876,3.3306,2.6232,2.7352,2.4961,2.494,2.6996,2.6539,2.9919,2.8736,2.802,2.8223,2.9171,3.4468,2.7076,2.8216,2.6411,2.6068,2.8143,2.759,3.0367,2.983,2.928,2.8525,2.8961,3.4426,2.7507,2.7969,2.6967,2.5889,2.7504,2.7631,2.9403,2.8804,2.8265,2.7092,2.8069,3.3057,2.4714,2.6451,2.5252,2.4584,2.7016,2.6544,2.8529,3.0396,2.7591,2.8188,2.8322,3.3848,2.6084,2.727,2.5142,2.4767,2.7255,2.6898,3.0336,2.9745,2.8613,2.8733,2.8514,3.3606,2.6672,2.8028,2.4766,2.547,2.8214,2.7476,3.0967,3.0004,2.8943,2.952,2.8623,3.5018,2.729,2.9326,2.801,2.7242,2.9067,2.8856,3.2391,3.1513,2.958,2.931,3.0209,3.6488,2.8631,3.0125,2.7718,2.7515,2.8592,2.9102,3.2136,3.1713,3.0558,3.0274,3.0628,3.7823,2.9093,2.9187,2.6726,2.6529,2.938,2.9619,3.1968,3.2251,2.9951,2.9445,3.0224,3.6656,2.7546,2.9286,2.5266,2.7401,3.1845,3.0467,3.4007,3.3585,3.1084,3.1111,3.1594,3.8268,2.9819,3.1322,2.8412,2.8561,3.1051,3.104,3.4763,3.4408,3.3178,3.3534,3.3593,4.1806,3.2775,3.3906,3.1822,3.0631,3.4039,3.3891,3.7728,3.6893,3.464,3.5108,3.5263,4.2005,3.3701,3.4112,3.1795,3.1622,3.3771,3.3594,3.7461,3.7971,3.5573,3.4906,3.5715,4.2939,3.4401,3.5089,3.3164,3.22,3.4674,3.4677,3.8117,3.738,3.5588,3.5252,3.4902,4.1616,3.367,3.434,3.2942,3.3563,3.4294,3.5665,3.8948,3.8542,3.4653,3.8063,3.8172,4.4384,3.6299,3.7732,3.6022,3.7309,4.1894,3.7475,4.2361,4.1938,3.9231,3.8461,3.9344,4.8015,4.1257,4.2163,3.6127,3.6217,3.9799,4.1616,4.5841,4.5372,4.3335,4.0628,4.1512,4.8067,3.9513,4.3054,3.8218,3.68,4.0214,3.9432,4.357,4.3331,4.1196,4.2261,4.2004,4.8989,3.9712,4.2165,3.8787,3.8175,4.2584,4.208,4.6859,4.4948,4.339,4.2656,4.4737,5.024,4.2571,4.3049,4.0187,3.8206,4.2435,4.2597,4.5684,4.6167,4.3474,4.2731,4.3493,4.843,4.1653,4.1671,3.9015,3.7993,4.0375,4.2259,4.6569,4.6115,4.3728,4.439,4.4459
1,9,1,staple cooked food,0.9512,1.0307,0.9802,0.9661,1.0021,0.9169,0.9489,1.1197,1.0565,1.0815,1.0695,0.9467,1.0132,1.0208,0.9823,1.0069,1.0578,0.9977,1.0361,1.1816,1.1399,1.1137,1.1332,1.0635,1.0812,1.1229,1.0748,1.0171,1.1111,1.0317,0.9889,1.2266,1.0724,1.0928,1.1144,1.0334,1.0702,1.137,1.0766,1.0213,1.1161,1.0105,1.0759,1.2366,1.1286,1.1353,1.1482,1.0427,1.0993,1.1431,1.0553,0.9712,1.0835,1.0145,1.0763,1.2157,1.0907,1.1685,1.1271,1.0852,1.0886,1.2033,1.0763,1.0511,1.1113,1.0285,1.1392,1.2346,1.1716,1.1678,1.2027,1.1037,1.1367,1.2271,1.1396,1.0841,1.1585,1.079,1.1545,1.2808,1.1959,1.1717,1.1507,1.1277,1.1138,1.215,1.158,1.1051,1.1506,1.0938,1.1443,1.2512,1.2009,1.1347,1.1604,1.0925,1.0558,1.1801,1.1316,1.0708,1.1547,1.0966,1.156,1.3615,1.1736,1.1962,1.1803,1.1336,1.0843,1.1799,1.0873,1.0661,1.1771,1.089,1.1927,1.317,1.223,1.2127,1.1835,1.1471,1.1305,1.2586,1.0625,1.105,1.2311,1.1071,1.202,1.309,1.1813,1.2222,1.1703,1.1538,1.1314,1.3129,1.2086,1.1762,1.2652,1.1971,1.288,1.3886,1.2837,1.2794,1.2954,1.2466,1.2613,1.3657,1.2276,1.2131,1.225,1.2105,1.2888,1.4257,1.2909,1.2475,1.254,1.2265,1.2273,1.3126,1.1959,1.163,1.2895,1.2442,1.2828,1.4625,1.29,1.2557,1.2771,1.2523,1.1714,1.324,1.111,1.1855,1.3761,1.2559,1.3536,1.5068,1.3273,1.2912,1.3237,1.2796,1.2658,1.3989,1.2394,1.2217,1.3546,1.282,1.3912,1.5428,1.4312,1.4164,1.3847,1.4262,1.4065,1.542,1.4065,1.3386,1.4825,1.4014,1.5108,1.6686,1.4552,1.4608,1.4558,1.423,1.4446,1.5243,1.3942,1.3466,1.4414,1.3791,1.4796,1.6763,1.4888,1.4632,1.4883,1.4704,1.4605,1.5643,1.4547,1.3745,1.4731,1.3989,1.5265,1.6377,1.4878,1.4532,1.4155,1.4799,1.4537,1.5485,1.4709,1.4704,1.4712,1.4912,1.5683,1.7221,1.4614,1.5661,1.5784,1.5791,1.5736,1.7024,1.5424,1.5863,1.8784,1.5605,1.6542,1.8013,1.6749,1.6338,1.6468,1.7089,1.7493,1.9208,1.5681,1.5556,1.7544,1.7654,1.9144,2.0293,1.8462,1.7507,1.7417,1.7427,1.7245,1.9757,1.7012,1.6141,1.771,1.6682,1.7826,1.9409,1.7456,1.801,1.8021,1.8256,1.7245,1.9521,1.7442,1.691,1.8611,1.7943,1.9568,2.018,1.9009,1.8084,1.8998,1.8746,1.8752,1.9906,1.7922,1.6661,1.8703,1.8182,1.9204,2.1376,1.8877,1.8364,1.8442,1.8158,1.8428,1.9214,1.754,1.6551,1.8027,1.8174,1.9336,2.1062,1.8983,1.9236,1.8995
1,9,2,other cooked foods,1.4311,1.5375,1.42,1.451,1.5591,1.6049,1.6901,1.6442,1.6512,1.6139,1.6362,2.0413,1.5004,1.4743,1.3795,1.4602,1.6085,1.6969,1.7935,1.7132,1.7657,1.6731,1.6882,2.2659,1.4956,1.5778,1.4011,1.473,1.6382,1.6191,1.6981,1.6948,1.6058,1.5873,1.6616,2.273,1.5382,1.6204,1.4734,1.4889,1.6837,1.6371,1.8433,1.6686,1.6768,1.6514,1.685,2.2369,1.5156,1.5018,1.4303,1.364,1.5562,1.6233,1.7917,1.6797,1.6624,1.6607,1.6605,2.2454,1.5347,1.5319,1.4198,1.4428,1.5883,1.6253,1.8527,1.6393,1.6304,1.6545,1.7144,2.343,1.5709,1.5945,1.5015,1.5227,1.6559,1.6797,1.8821,1.7022,1.7325,1.6811,1.7457,2.3149,1.6369,1.582,1.5388,1.4837,1.5994,1.6694,1.7961,1.6292,1.6255,1.5745,1.6465,2.2132,1.416,1.465,1.3936,1.3875,1.5469,1.5574,1.6969,1.6781,1.5855,1.6226,1.6519,2.2509,1.5242,1.5471,1.4269,1.4105,1.5487,1.6008,1.8409,1.6575,1.6383,1.6606,1.6682,2.2135,1.5367,1.5439,1.4138,1.442,1.5902,1.6405,1.8947,1.6914,1.713,1.7298,1.6917,2.348,1.5976,1.6197,1.5923,1.5477,1.6414,1.6884,1.9511,1.7624,1.6744,1.6519,1.7255,2.4022,1.6018,1.6468,1.5442,1.5383,1.6342,1.6997,1.9248,1.7456,1.7649,1.7798,1.8088,2.5558,1.682,1.6065,1.4768,1.4899,1.6489,1.7178,1.914,1.7629,1.7047,1.6888,1.7453,2.4133,1.5831,1.6046,1.4159,1.5546,1.8083,1.7907,2.0471,1.8517,1.7811,1.82,1.8361,2.5472,1.7161,1.7332,1.6018,1.6341,1.7505,1.8224,2.0854,1.898,1.8866,1.937,1.9743,2.7547,1.8706,1.8486,1.7757,1.7245,1.9217,1.9877,2.262,2.0204,2.0088,2.0499,2.0705,2.7775,1.9255,1.8869,1.7852,1.8156,1.9357,1.9803,2.2669,2.1208,2.0684,2.0274,2.0832,2.8235,1.9796,1.9446,1.8617,1.8455,1.9943,2.0688,2.2856,2.1003,2.071,2.072,2.0748,2.6814,1.9133,1.8851,1.8233,1.8855,1.9581,2.0753,2.3265,2.1321,2.0039,2.2401,2.2384,2.8592,2.0566,2.0708,2.0598,2.1447,2.311,2.1871,2.5815,2.3929,2.2485,2.2123,2.2876,3.0929,2.3764,2.2955,2.0445,2.0662,2.2255,2.3962,2.6693,2.5079,2.4873,2.3121,2.4095,3.0639,2.2265,2.3301,2.121,2.0663,2.2504,2.275,2.5744,2.3923,2.374,2.4251,2.3983,3.0733,2.2467,2.2644,2.1346,2.1265,2.3973,2.4138,2.7292,2.4768,2.4377,2.4575,2.5735,3.1494,2.3823,2.3143,2.2265,2.1548,2.3732,2.4419,2.6481,2.4788,2.4597,2.4367,2.5051,3.0272,2.3226,2.2457,2.1472,2.1442,2.2345,2.4084,2.723,2.5053,2.4745,2.5154,2.5464
1,10,-,beverage,0.9424,1.0407,1.0425,1.0663,1.4208,1.3812,1.5676,1.5636,1.2875,1.1139,1.0836,1.0933,0.9362,1.0181,1.0094,1.1143,1.4267,1.4232,1.692,1.5512,1.31,1.1412,1.0545,1.1838,0.9829,1.0644,1.0645,1.1486,1.4961,1.3969,1.5698,1.5811,1.2988,1.1512,1.1047,1.1755,1.0149,1.0779,1.0785,1.1235,1.5743,1.3622,1.4479,1.4943,1.3664,1.183,1.1478,1.2071,1.0343,1.1161,1.0829,1.1069,1.4465,1.4491,1.6972,1.5512,1.3887,1.2096,1.1747,1.2085,1.0396,1.1193,1.1045,1.1965,1.5423,1.556,1.6342,1.595,1.3889,1.2227,1.1939,1.2144,1.0604,1.1131,1.1045,1.135,1.5141,1.5009,1.6139,1.6724,1.4228,1.283,1.2409,1.2177,1.0979,1.146,1.1624,1.1709,1.552,1.556,1.5362,1.7201,1.4777,1.2411,1.2071,1.1881,1.0293,1.1431,1.1274,1.1709,1.4747,1.3931,1.6238,1.6067,1.3673,1.2333,1.2098,1.2247,1.0918,1.16,1.1356,1.1902,1.5462,1.5139,1.6024,1.5837,1.3958,1.2711,1.2173,1.2102,1.114,1.1686,1.0966,1.1717,1.5083,1.5335,1.7229,1.7473,1.53,1.3182,1.1921,1.2342,1.1453,1.2627,1.3022,1.2449,1.5303,1.6726,1.8183,1.7156,1.5125,1.3743,1.3499,1.2948,1.2246,1.2641,1.2434,1.2972,1.5373,1.6108,1.7766,1.8166,1.6325,1.3622,1.2865,1.306,1.1681,1.2167,1.2395,1.2767,1.6149,1.6903,1.7892,1.8711,1.5209,1.405,1.2985,1.2732,1.1795,1.2374,1.3041,1.1984,1.6742,1.628,1.7592,1.7067,1.51,1.358,1.3633,1.2718,1.2041,1.2732,1.2627,1.3382,1.6615,1.6412,1.8298,1.7722,1.5257,1.4695,1.4275,1.413,1.3119,1.3752,1.3789,1.4284,1.7238,1.8007,1.9254,1.9284,1.6468,1.5016,1.4329,1.4139,1.3626,1.385,1.3942,1.4476,1.7576,1.7991,1.9936,1.9028,1.6507,1.4713,1.4295,1.3847,1.3731,1.405,1.3973,1.4828,1.739,1.8076,2.0079,1.8832,1.6644,1.5458,1.4738,1.4122,1.3764,1.4327,1.445,1.5256,1.779,1.8647,1.8807,2.0123,1.7598,1.6759,1.5676,1.5256,1.4737,1.5567,1.6163,1.7472,2.1546,2.0439,2.0034,2.2626,1.9028,1.6433,1.6016,1.5993,1.619,1.6839,1.5549,1.635,1.9277,2.1161,2.2715,2.2221,1.9363,1.772,1.6569,1.5706,1.5257,1.6294,1.5905,1.6118,1.9003,2.0044,2.1615,2.1523,1.9537,1.6976,1.7241,1.5988,1.5412,1.6043,1.6035,1.6979,1.9739,2.0305,2.3061,2.1783,2.0564,1.7554,1.7541,1.6588,1.6631,1.6776,1.6563,1.7032,2.006,2.1065,2.2119,2.2643,1.9864,1.8112,1.7288,1.6507,1.6575,1.654,1.6531,1.6901,1.8875,2.0984,2.2565,2.2158,2.0141,1.834,1.7744
1,10,1,Tea,0.2768,0.2945,0.3095,0.2965,0.514,0.4119,0.4077,0.3703,0.3228,0.2956,0.3355,0.3509,0.2742,0.2938,0.2965,0.3435,0.5181,0.4101,0.4261,0.3951,0.3437,0.3262,0.3052,0.387,0.3149,0.3218,0.3254,0.3501,0.5501,0.3707,0.3852,0.3782,0.3256,0.3194,0.3237,0.3544,0.2875,0.3122,0.3116,0.3272,0.6111,0.3705,0.367,0.3811,0.349,0.3326,0.3271,0.3851,0.3004,0.3264,0.3285,0.3342,0.5057,0.3943,0.423,0.3753,0.3538,0.3299,0.3336,0.3764,0.2969,0.3186,0.3251,0.341,0.5555,0.4584,0.3915,0.3762,0.3439,0.3325,0.3406,0.3644,0.2865,0.3151,0.3182,0.3161,0.5357,0.4287,0.3766,0.406,0.3715,0.3614,0.3557,0.3534,0.3015,0.3142,0.3349,0.3378,0.5283,0.4348,0.3806,0.4091,0.3645,0.3118,0.3536,0.3674,0.2889,0.3419,0.3311,0.3412,0.4762,0.3827,0.3978,0.3912,0.34,0.3389,0.3487,0.3695,0.2989,0.3263,0.3196,0.333,0.5075,0.4062,0.3841,0.377,0.3526,0.3447,0.3361,0.3531,0.3141,0.335,0.3188,0.3197,0.4895,0.4188,0.4038,0.3954,0.3563,0.3291,0.3079,0.3391,0.3029,0.3367,0.3402,0.3343,0.4722,0.433,0.4049,0.3915,0.3622,0.3491,0.3398,0.3551,0.3094,0.3099,0.3271,0.3362,0.456,0.4025,0.3996,0.3999,0.3764,0.337,0.328,0.3462,0.2976,0.3178,0.3296,0.3354,0.4816,0.4031,0.389,0.4174,0.3466,0.3275,0.3366,0.3489,0.3107,0.3106,0.359,0.2876,0.5022,0.3853,0.3835,0.3637,0.3386,0.3202,0.345,0.3385,0.3019,0.3095,0.3212,0.3301,0.4689,0.3726,0.3819,0.3819,0.3496,0.3495,0.3425,0.367,0.3264,0.3355,0.3436,0.341,0.4822,0.4368,0.42,0.4158,0.377,0.3635,0.3699,0.3642,0.3456,0.3484,0.3618,0.3474,0.4692,0.4248,0.4284,0.4045,0.3661,0.35,0.3432,0.356,0.3369,0.3498,0.3489,0.36,0.4891,0.4293,0.4291,0.4082,0.3686,0.3809,0.3572,0.362,0.332,0.348,0.3418,0.3699,0.4806,0.4276,0.4079,0.4606,0.4062,0.3983,0.3863,0.3945,0.3615,0.382,0.3925,0.4009,0.5694,0.471,0.4121,0.486,0.4165,0.3831,0.3742,0.3822,0.3742,0.3926,0.3667,0.3933,0.4874,0.4737,0.4751,0.4527,0.4003,0.3879,0.3873,0.377,0.3589,0.3742,0.3674,0.3566,0.4713,0.4417,0.428,0.4311,0.3879,0.3577,0.3808,0.3581,0.3279,0.3442,0.3559,0.3765,0.4884,0.4333,0.4657,0.437,0.4227,0.36,0.3788,0.3699,0.3472,0.3616,0.3549,0.3591,0.4815,0.4528,0.4479,0.4753,0.4136,0.3908,0.3776,0.3633,0.3473,0.3521,0.3617,0.3531,0.4442,0.4353,0.4576,0.4376,0.3925,0.3751,0.3774
1,10,2,coffee/cocoa,0.1867,0.2099,0.2007,0.2013,0.2191,0.2355,0.2542,0.2494,0.2263,0.2274,0.2288,0.2814,0.1913,0.1978,0.1827,0.1856,0.2168,0.2356,0.266,0.248,0.2352,0.2133,0.237,0.3023,0.2002,0.2062,0.1892,0.1977,0.2261,0.247,0.2569,0.2487,0.2258,0.2275,0.2508,0.3011,0.226,0.2162,0.2097,0.2041,0.2347,0.2399,0.2549,0.2418,0.2273,0.2322,0.2494,0.3001,0.2094,0.2176,0.2068,0.1892,0.2354,0.2428,0.2568,0.2378,0.2313,0.2224,0.2481,0.2783,0.2141,0.2188,0.2035,0.2014,0.2346,0.2447,0.2622,0.2359,0.2277,0.2332,0.2528,0.2936,0.221,0.226,0.2212,0.2161,0.2321,0.2639,0.2832,0.2575,0.2518,0.2396,0.2613,0.2892,0.227,0.2277,0.2121,0.2034,0.2408,0.2687,0.2729,0.2574,0.2587,0.2488,0.2655,0.2605,0.2256,0.2291,0.2176,0.2192,0.2495,0.2461,0.2638,0.2689,0.247,0.2521,0.2743,0.2792,0.2374,0.2443,0.2382,0.2285,0.2644,0.2738,0.2901,0.2691,0.266,0.2617,0.2813,0.2859,0.2538,0.2535,0.2259,0.2437,0.2654,0.2752,0.2808,0.2638,0.2611,0.2641,0.2653,0.289,0.258,0.2976,0.258,0.2331,0.273,0.2871,0.2903,0.2706,0.2626,0.2693,0.2929,0.3015,0.2727,0.2681,0.2534,0.2504,0.2664,0.2828,0.2859,0.2695,0.2718,0.2667,0.2809,0.3029,0.2523,0.2596,0.2552,0.2625,0.2918,0.3203,0.295,0.2884,0.2832,0.29,0.2944,0.2969,0.2696,0.2914,0.2932,0.2505,0.2962,0.2988,0.3075,0.2924,0.3001,0.2952,0.3147,0.306,0.2815,0.3012,0.2963,0.2862,0.3135,0.3473,0.3491,0.3194,0.319,0.3378,0.3594,0.3554,0.3171,0.3195,0.3207,0.3112,0.3325,0.3572,0.346,0.3402,0.3201,0.3309,0.3526,0.3491,0.3173,0.3242,0.3115,0.321,0.3342,0.3571,0.361,0.3346,0.3456,0.3213,0.3313,0.3259,0.3203,0.3159,0.3004,0.3101,0.3295,0.3437,0.3289,0.3169,0.324,0.322,0.3355,0.328,0.3179,0.3193,0.3224,0.3324,0.332,0.3622,0.3503,0.3381,0.3233,0.325,0.3555,0.3364,0.3273,0.3375,0.3343,0.3613,0.4091,0.3939,0.393,0.3738,0.3491,0.3552,0.3756,0.3825,0.3839,0.3929,0.3315,0.3355,0.3722,0.4092,0.403,0.3908,0.3894,0.3642,0.3783,0.3641,0.3558,0.3614,0.3437,0.3317,0.3671,0.3724,0.3904,0.3666,0.3751,0.3681,0.3941,0.3825,0.371,0.3751,0.3565,0.3623,0.3854,0.3934,0.3958,0.3664,0.3746,0.3722,0.4025,0.3681,0.3918,0.3798,0.3715,0.3703,0.4078,0.4229,0.3905,0.3718,0.3702,0.3685,0.4054,0.386,0.3856,0.4031,0.3929,0.3921,0.41,0.4519,0.4508,0.4532,0.4353,0.4598,0.4952
1,10,3,other drinks,0.479,0.536,0.532,0.5685,0.6877,0.7338,0.9057,0.9439,0.7384,0.5909,0.5193,0.4607,0.471,0.5264,0.5301,0.5852,0.6919,0.7771,0.9998,0.9078,0.7311,0.6017,0.5123,0.4948,0.4679,0.5364,0.5503,0.6005,0.7199,0.7791,0.9275,0.9542,0.7474,0.6043,0.5302,0.52,0.5011,0.5495,0.5568,0.5922,0.7288,0.7517,0.8256,0.871,0.7901,0.6182,0.571,0.5219,0.5244,0.5721,0.5477,0.5836,0.7054,0.8117,1.0175,0.938,0.804,0.657,0.5931,0.5538,0.5282,0.5818,0.5762,0.6538,0.7519,0.8528,0.9804,0.9828,0.8173,0.657,0.6008,0.5561,0.5526,0.5716,0.5652,0.6028,0.7463,0.8087,0.9541,1.0086,0.7994,0.6817,0.624,0.5754,0.5694,0.6042,0.6155,0.6297,0.7833,0.8525,0.8826,1.0536,0.8545,0.6802,0.588,0.5602,0.5148,0.5721,0.5784,0.6106,0.7486,0.764,0.9622,0.9462,0.7803,0.6422,0.5868,0.576,0.5555,0.5898,0.5774,0.6287,0.7747,0.8343,0.9282,0.9375,0.7777,0.6647,0.6002,0.5709,0.5457,0.5801,0.5519,0.6087,0.7534,0.8394,1.0383,1.0884,0.913,0.7254,0.6189,0.6058,0.5844,0.6281,0.704,0.6775,0.7851,0.9526,1.1227,1.0539,0.8881,0.7559,0.7172,0.638,0.6425,0.6858,0.6628,0.7107,0.8148,0.9255,1.0911,1.1471,0.9846,0.7585,0.6776,0.6565,0.6178,0.6393,0.6547,0.6788,0.8415,0.9673,1.1052,1.1653,0.8914,0.7875,0.6675,0.6273,0.5992,0.6354,0.6519,0.6603,0.8754,0.9439,1.0682,1.0506,0.8713,0.7426,0.704,0.6273,0.6207,0.6626,0.6449,0.7218,0.8791,0.9213,1.0992,1.0709,0.8571,0.7826,0.7257,0.6906,0.6684,0.7202,0.7145,0.7762,0.9091,1.0071,1.1591,1.1725,0.9501,0.8068,0.7104,0.7002,0.6997,0.7128,0.7209,0.7792,0.9542,1.0175,1.2042,1.164,0.939,0.8,0.755,0.7025,0.7163,0.7398,0.7476,0.8127,0.9203,1.0346,1.2495,1.1577,0.9713,0.843,0.781,0.7222,0.7265,0.7654,0.7809,0.8232,0.9668,1.0748,1.1225,1.2135,1.0302,0.9529,0.8258,0.795,0.7852,0.8372,0.8898,0.985,1.1757,1.179,1.1982,1.4025,1.1372,0.9051,0.8514,0.8349,0.8612,0.8988,0.857,0.9062,1.0684,1.2333,1.3933,1.3786,1.1466,1.0199,0.8912,0.8294,0.8106,0.8934,0.8794,0.9238,1.0619,1.1904,1.3431,1.3546,1.1908,0.9721,0.9491,0.8579,0.8424,0.885,0.8914,0.9592,1.1,1.2034,1.4443,1.375,1.2595,1.0233,0.9727,0.9207,0.9241,0.9358,0.9303,0.9738,1.1167,1.2307,1.3735,1.4172,1.2026,1.0519,0.9458,0.9012,0.9243,0.8988,0.8985,0.945,1.0333,1.2112,1.3481,1.3249,1.186,0.9991,0.9019
1,11,-,Alcoholic beverages,0.9702,1.102,1.1099,1.1241,1.3394,1.404,1.6424,1.5613,1.3041,1.2264,1.2899,1.6064,0.9792,1.0725,1.0314,1.1271,1.2925,1.4396,1.628,1.4772,1.2691,1.2053,1.2088,1.7628,0.9708,1.1083,1.0766,1.103,1.3019,1.4719,1.5122,1.559,1.1935,1.1404,1.2645,1.7566,0.9125,1.0882,1.0722,1.2429,1.2216,1.381,1.4912,1.5085,1.2006,1.1643,1.2687,1.7279,0.9828,1.108,1.028,1.0544,1.2698,1.4032,1.5373,1.3974,1.2251,1.1863,1.2752,1.6856,0.982,1.0569,1.0168,1.048,1.3043,1.3912,1.5826,1.4335,1.2171,1.2127,1.2468,1.6641,0.9585,1.033,1.0199,1.1225,1.165,1.3446,1.459,1.4287,1.1329,1.1673,1.2321,1.6201,0.9937,1.0555,1.0901,1.1058,1.1898,1.4288,1.4186,1.4799,1.2375,1.1297,1.2502,1.6328,0.9376,1.1018,1.0859,1.0795,1.2845,1.3903,1.4667,1.4638,1.1914,1.1966,1.2646,1.685,1.0565,1.1107,1.1021,1.0952,1.286,1.3624,1.38,1.3682,1.1252,1.1856,1.2408,1.5538,0.9856,1.0989,0.9853,1.0737,1.2262,1.3602,1.4407,1.3962,1.1853,1.17,1.1755,1.6189,0.9682,1.061,1.0332,1.1184,1.2116,1.3608,1.4194,1.3776,1.1466,1.0977,1.1725,1.5374,0.9632,1.027,1.017,1.0641,1.1184,1.2564,1.3174,1.3544,1.183,1.0403,1.2036,1.5871,1.0359,1.0608,1.0602,1.0727,1.1793,1.3696,1.3142,1.3332,1.1475,1.1277,1.1748,1.5704,0.9762,1.0649,1.1988,0.8771,1.242,1.3248,1.3589,1.3593,1.13,1.0985,1.2006,1.5757,0.9588,1.0714,1.0177,1.056,1.1957,1.3467,1.337,1.2914,1.1308,1.1261,1.2288,1.5953,1.0165,1.1002,1.0851,1.0562,1.1986,1.3586,1.3626,1.3451,1.119,1.1193,1.201,1.5175,0.9472,1.0017,1.0291,1.0482,1.2948,1.25,1.385,1.3888,1.1667,1.1486,1.2212,1.5511,0.9945,1.0647,1.0726,1.0994,1.1678,1.2954,1.2838,1.249,1.1313,1.084,1.1571,1.4089,0.9256,1.015,1.0192,1.0361,1.0801,1.2493,1.2245,1.3111,1.3177,0.9751,1.191,1.5013,1.0046,1.1401,1.1806,1.4269,1.636,1.4841,1.4822,1.5704,1.5545,1.1749,1.3609,1.6577,1.2455,1.2597,1.112,1.1975,1.4047,1.5095,1.4785,1.493,1.3396,1.2553,1.2981,1.6267,1.1056,1.2257,1.1297,1.1399,1.2774,1.3276,1.3641,1.3363,1.5032,1.0956,1.223,1.5199,1.0927,1.1513,1.1232,1.1977,1.35,1.4078,1.4421,1.3631,1.4479,1.1527,1.2582,1.558,1.044,1.1327,1.1208,1.0926,1.241,1.3717,1.3233,1.3607,1.2519,1.2171,1.3025,1.4888,1.0785,1.139,1.2953,1.0174,1.1668,1.2958,1.2571,1.2469,1.1546,1.1311,1.193
1,12,-,Eating out,5.1531,4.36,4.2509,4.0659,5.0822,4.4391,4.5988,5.5611,4.2296,4.4962,4.5315,4.0503,4.7884,4.316,4.0637,4.1889,4.7822,4.3757,4.5206,5.3076,4.4687,3.9911,4.576,4.3877,4.8896,4.3304,4.4264,4.0677,5.1057,4.5165,4.4482,5.5638,4.4776,4.0897,4.6481,4.3734,4.9475,4.2041,4.3126,3.8743,4.8431,4.2524,4.4273,5.2626,4.4112,4.119,4.6971,4.2694,4.873,4.3048,4.0995,3.853,5.0356,4.3272,4.7294,5.2511,4.3938,4.2966,4.4377,4.3797,4.7914,4.1871,3.9683,4.0429,4.8688,4.4102,4.833,5.1949,4.4127,4.4418,4.4735,4.1332,4.5347,4.1293,4.3252,4.0998,5.0419,4.3251,4.7625,5.3689,4.5356,4.183,4.5393,4.3334,5.021,4.3584,4.387,4.1877,4.8989,4.5227,4.5564,5.5051,4.7376,4.2427,4.6228,4.3908,4.7217,4.1947,4.5479,4.0097,5.0078,4.4543,4.6396,5.6053,4.6338,4.38,4.9188,4.4677,4.791,4.2591,4.2761,4.0488,5.2698,4.4489,4.6058,5.5077,4.7559,4.4154,4.606,4.3784,5.0435,4.4072,4.1945,4.1377,5.2673,4.2453,4.6394,5.2955,4.4689,4.4936,4.5083,4.5354,4.8663,4.4319,3.8441,4.0354,4.962,4.3697,4.7703,5.3077,4.4521,4.5136,4.6561,4.451,5.025,4.2344,4.5119,4.1408,4.7084,4.4628,4.6393,5.3458,4.6782,4.3298,4.6425,4.4124,4.8374,4.1929,4.4999,4.1806,5.1171,4.8011,4.7819,5.7682,4.7739,4.3505,4.9448,4.7023,4.9924,4.2298,4.1385,4.3556,5.544,4.7131,4.8,5.8701,4.8277,4.413,5.1593,4.4445,4.8598,4.3944,4.6332,4.2202,5.4878,4.6815,5.0629,6.0023,5.0808,4.6838,5.1836,4.7669,5.2329,4.6068,4.821,4.4757,5.4328,4.7466,5.1527,5.8642,4.8761,4.8656,4.8164,4.7176,5.0611,4.3577,4.7677,4.6068,5.3555,4.8519,5.0925,5.9418,4.9773,4.6823,4.9942,4.8939,5.1915,4.4783,4.9802,4.6522,5.1655,4.9544,4.9071,5.7648,4.974,4.747,4.99,4.882,4.9797,4.5994,5.0085,4.8357,5.2964,4.9891,4.9648,5.8412,4.741,4.6519,5.2636,5.0837,5.3828,4.748,3.6768,1.9136,2.5978,3.3573,3.9326,4.1953,4.1465,4.3784,4.5455,3.6177,3.2974,3.506,3.5978,3.173,3.4199,3.4939,4.0955,3.7819,3.3874,4.2518,4.4764,4.3861,3.9972,3.1684,3.6409,3.7411,4.6898,4.3318,4.4867,4.7639,4.2545,4.621,4.6369,4.3622,4.6266,4.4079,4.718,4.5206,5.348,4.698,5.2024,5.717,4.8511,4.8696,5.2161,4.9008,5.1871,4.8705,5.1639,4.5378,5.2861,5.2095,5.3834,6.3579,5.3757,4.9546,5.4836,4.7874,5.1663,4.7974,5.1186,4.6583,5.5283,5.1578,5.2925,6.5957,5.258,5.1855,5.4363
1,12,1,General eating out,4.7713,3.9468,4.0413,3.8699,4.5977,3.9819,4.2438,5.3414,3.8387,4.0738,4.1209,3.7392,4.3958,3.9047,3.8693,3.9939,4.2881,3.9262,4.1476,5.1376,4.0652,3.5828,4.1603,4.0479,4.4836,3.8806,4.227,3.8744,4.6132,4.0846,4.0868,5.3958,4.1097,3.7185,4.2566,4.0804,4.5803,3.8146,4.1361,3.7058,4.3838,3.8534,4.0748,5.1095,4.0372,3.7467,4.3144,3.9622,4.4995,3.9117,3.9079,3.6619,4.5595,3.8873,4.3712,5.0704,4.0151,3.9233,4.0461,4.0713,4.4307,3.7811,3.7964,3.8588,4.4282,4.0324,4.4965,5.0241,4.0594,4.0917,4.0923,3.8364,4.1773,3.7421,4.1497,3.8821,4.5982,3.9238,4.407,5.1889,4.1644,3.8175,4.1515,4.0225,4.65,3.9496,4.1941,3.9745,4.4156,4.0936,4.1748,5.3396,4.3635,3.881,4.2282,4.0828,4.3808,3.8114,4.3629,3.8256,4.5782,4.0674,4.29,5.4542,4.2653,4.0092,4.5336,4.1567,4.4246,3.846,4.0984,3.8405,4.7498,4.0016,4.2122,5.3026,4.3546,4.0304,4.2017,4.0691,4.654,3.9887,4.0076,3.9304,4.781,3.8193,4.2563,5.0808,4.0807,4.1144,4.1159,4.2128,4.4953,4.0039,3.6485,3.8372,4.4681,3.942,4.4368,5.114,4.0854,4.147,4.249,4.1152,4.6375,3.7983,4.3342,3.9434,4.2659,4.0625,4.2659,5.1665,4.3239,3.9576,4.2685,4.119,4.5052,3.8232,4.3404,3.9933,4.6688,4.4154,4.4331,5.6003,4.4287,4.0175,4.5792,4.4176,4.6736,3.8629,3.9879,4.1812,5.1162,4.2974,4.4525,5.694,4.4712,4.0547,4.7907,4.1548,4.5293,4.0357,4.4751,4.0169,5.0724,4.2717,4.7331,5.8148,4.725,4.3711,4.833,4.4986,4.9168,4.271,4.6825,4.2828,5.0382,4.3794,4.8388,5.6626,4.5257,4.5141,4.463,4.4407,4.7338,4.0293,4.5959,4.4169,4.9609,4.4799,4.7751,5.7691,4.667,4.3437,4.6539,4.6176,4.8719,4.1504,4.8325,4.4834,4.7667,4.5879,4.5775,5.5942,4.6448,4.3971,4.6438,4.6011,4.6679,4.2606,4.8685,4.6667,4.8916,4.6446,4.6645,5.6971,4.441,4.2807,4.9074,4.7651,5.0262,4.3958,3.5488,1.7826,2.4248,3.1286,3.6141,3.9915,3.806,4.0757,4.1888,3.3469,2.9982,3.1634,3.4132,2.9883,3.041,3.0924,3.7817,3.5423,3.0482,3.9355,4.1032,4.0967,3.6796,2.8253,3.4853,3.5661,4.3269,3.989,4.2035,4.547,3.9641,4.3281,4.3333,4.1214,4.3442,4.1155,4.5687,4.3649,5.0223,4.3623,4.9135,5.528,4.6464,4.5961,4.9846,4.7154,4.9432,4.6408,5.0406,4.3904,5.0061,4.9692,5.1067,6.2285,5.1361,4.7214,5.2741,4.5889,4.9384,4.5661,4.9792,4.5294,5.3514,4.8883,5.0642,6.4734,5.0482,4.9754,5.2539
1,12,2,school lunch,0.3814,0.4132,0.2093,0.196,0.4845,0.4573,0.355,0.2197,0.391,0.4224,0.4106,0.3111,0.3927,0.4113,0.1945,0.195,0.4944,0.4496,0.373,0.1699,0.4039,0.4083,0.416,0.3398,0.4059,0.4497,0.1992,0.1933,0.4925,0.4319,0.3614,0.1683,0.3679,0.3712,0.3915,0.2932,0.3672,0.3895,0.1765,0.1685,0.4597,0.399,0.3525,0.1532,0.374,0.3726,0.3827,0.3071,0.3737,0.3931,0.1919,0.191,0.4757,0.4396,0.3579,0.181,0.3787,0.3733,0.3916,0.3084,0.3608,0.406,0.1719,0.1841,0.4402,0.3778,0.3365,0.1707,0.3533,0.3505,0.3812,0.2968,0.3571,0.3875,0.1755,0.2177,0.4437,0.4013,0.3551,0.1801,0.3712,0.3658,0.3878,0.3109,0.371,0.4088,0.1926,0.2132,0.4832,0.4291,0.3816,0.1655,0.3741,0.3616,0.3946,0.308,0.3408,0.3828,0.1849,0.1841,0.43,0.3869,0.3496,0.1511,0.3685,0.3708,0.3852,0.3113,0.3665,0.4131,0.1777,0.2083,0.5201,0.4473,0.3936,0.2052,0.4013,0.385,0.4042,0.3093,0.3895,0.4185,0.1869,0.2073,0.4863,0.4264,0.3831,0.2148,0.3882,0.3796,0.3923,0.3226,0.371,0.4279,0.1956,0.1983,0.4939,0.4278,0.3332,0.1936,0.3667,0.3662,0.4071,0.3359,0.3875,0.4364,0.1774,0.1974,0.4428,0.4003,0.3738,0.1793,0.3543,0.3722,0.374,0.2931,0.3323,0.3696,0.1594,0.1869,0.4484,0.3853,0.3488,0.1679,0.3452,0.333,0.3656,0.2847,0.3188,0.3668,0.1505,0.1741,0.4278,0.4157,0.3475,0.1762,0.3561,0.3583,0.3689,0.29,0.3305,0.3591,0.1578,0.2033,0.4155,0.4098,0.3298,0.1875,0.3562,0.313,0.3506,0.2683,0.316,0.3358,0.1386,0.193,0.3946,0.3672,0.314,0.2016,0.3504,0.3515,0.3537,0.2769,0.3273,0.3284,0.1715,0.1899,0.3943,0.372,0.3173,0.1727,0.3103,0.3387,0.3404,0.276,0.3196,0.3279,0.1481,0.1688,0.3989,0.3662,0.3296,0.1706,0.3292,0.3502,0.3462,0.2809,0.3115,0.3388,0.14,0.1694,0.4048,0.3446,0.3003,0.1438,0.3001,0.3708,0.3566,0.3186,0.3566,0.3522,0.128,0.131,0.1734,0.2287,0.3185,0.2037,0.3402,0.3026,0.3566,0.2708,0.2991,0.3426,0.1846,0.185,0.3789,0.4015,0.3138,0.2393,0.3392,0.3163,0.3732,0.2891,0.3176,0.3432,0.1559,0.175,0.3629,0.3427,0.2832,0.2169,0.2904,0.2929,0.3036,0.2405,0.2825,0.2924,0.1493,0.1557,0.3257,0.3357,0.2886,0.189,0.2046,0.2735,0.2314,0.1851,0.2439,0.2298,0.1233,0.1478,0.2804,0.2403,0.2767,0.1294,0.2396,0.2331,0.2095,0.1988,0.2278,0.2313,0.1394,0.1289,0.1769,0.2694,0.2283,0.1223,0.2098,0.2102,0.182
2,-,-,residence,5.3482,6.3489,5.4873,5.6121,6.2392,7.2052,7.4979,6.0227,6.5595,6.5871,7.4183,7.2531,5.2526,6.365,5.2567,5.868,7.3911,7.1137,6.7542,6.4875,6.2784,6.6909,6.3632,6.75,4.997,6.2709,5.3454,6.1313,6.9275,7.4547,7.7723,6.3654,6.7263,7.1327,5.8732,7.2697,5.208,5.8621,5.1354,6.3296,7.085,8.3097,6.3668,7.4149,7.0021,7.3187,6.2864,7.3243,5.0499,6.1857,5.5388,6.1399,7.1489,7.242,6.7323,6.0344,5.9432,6.085,7.5742,6.612,5.0006,5.8016,4.8808,6.1134,7.3517,7.2619,7.007,6.8044,6.8625,5.8232,7.6914,6.5216,5.3768,6.1317,5.8586,5.4332,6.3557,6.7911,6.6956,5.9962,6.0389,6.1332,6.0514,6.8375,5.1664,5.672,6.0061,5.5155,6.2841,6.3863,6.0888,5.849,6.1798,6.1199,5.9766,6.9338,5.099,5.1619,4.6985,5.2318,5.7946,6.1238,6.5235,5.2467,5.7044,6.1845,5.9674,6.5595,5.279,5.4085,5.0483,5.6875,6.1107,6.8559,6.3134,5.9576,5.3899,6.0715,6.2984,5.725,5.5824,5.5843,5.7833,6.5021,6.1133,7.4562,5.7422,6.9011,6.3533,5.5672,7.1137,6.5103,5.698,6.295,5.2604,6.1687,6.703,6.887,6.7825,7.6012,7.1071,7.6763,6.9781,6.952,5.659,6.2045,4.9332,5.034,7.04,7.8244,7.4198,6.8418,6.1457,6.6501,6.8919,6.1224,5.1403,5.4845,5.845,5.9484,6.8571,6.5033,6.4268,6.8323,6.0939,6.9934,6.9831,6.4405,5.7084,6.0643,6.0296,6.6873,5.3568,7.1318,6.5617,5.4979,5.6673,6.2454,5.6253,7.1927,5.4632,5.7335,5.5955,5.3744,6.303,6.9789,6.2456,6.1757,6.3035,6.921,6.8951,7.012,4.7464,5.4553,6.085,4.8057,6.1236,5.6125,6.8458,5.4336,5.3983,6.8364,6.4062,7.0474,4.4727,5.9656,5.9981,5.4412,5.565,6.8251,6.5015,5.4994,6.0186,6.9498,5.7791,5.3468,4.7556,5.1387,4.8743,5.6327,6.0859,6.6118,6.3366,5.6147,5.8366,6.5989,6.8296,6.3662,5.4929,5.2896,5.2025,4.9519,6.212,6.1705,6.6893,5.4872,5.9443,6.2109,6.819,5.6183,5.5959,5.5076,5.753,6.2115,5.6226,6.7899,6.3362,6.0631,6.2999,6.9674,7.1675,6.6183,5.7693,5.9964,6.9935,6.4928,6.617,7.3485,6.3363,6.7946,6.8962,6.2767,6.2087,7.0147,6.1303,5.6098,5.6913,5.8208,6.0813,7.982,7.2289,6.2278,6.2915,6.5375,7.344,6.1125,5.3805,5.6937,5.5362,5.167,6.1087,8.097,6.1905,6.6926,5.7741,7.1331,5.9037,5.9969,4.5857,6.1708,5.2059,5.2608,5.9002,6.1533,7.1477,6.2174,5.5764,6.4349,6.9762,6.6293,6.1819,5.5946,4.874,5.7731,5.7801,6.7338,6.5834,6.0243,5.0565,5.9598,6.5924
2,1,-,rent and ground rent,3.6231,3.876,3.4213,3.2949,3.7878,3.9933,3.7316,3.5401,3.7887,3.8225,3.7426,3.2024,3.4829,3.824,3.1617,3.241,3.4843,3.6948,3.5564,3.5173,3.7722,3.6502,3.7056,3.4167,3.5604,3.9523,3.1791,3.4569,3.884,3.6552,3.5809,3.5222,3.4852,3.4155,3.6545,3.3647,3.641,4.0862,3.4085,3.5798,3.7674,3.8723,3.7329,3.4709,3.8422,3.71,3.6767,3.4645,3.7255,3.9422,3.5465,3.5293,3.6504,3.7633,3.402,3.6285,3.7442,3.585,3.8533,3.416,3.6085,4.0917,3.3341,3.3598,3.5698,3.9162,3.6388,3.7415,3.8057,3.6536,3.8138,3.2456,3.5473,4.0387,3.5832,3.4778,3.8461,3.8886,3.6921,3.6222,3.6758,3.5148,3.7764,3.2978,3.4833,3.7373,3.2564,3.2635,3.5883,3.7158,3.512,3.4249,3.3146,3.3867,3.4988,3.0353,3.0711,3.5036,3.0893,2.9737,3.0986,3.3073,3.0627,3.0602,3.2775,3.3008,3.222,3.0403,3.1996,3.6426,3.3465,3.1925,3.3201,3.8119,3.4327,3.4075,3.517,3.3876,3.3599,3.0859,3.4129,3.7031,3.2313,3.3294,3.572,3.6764,3.4728,3.5141,3.6943,3.5243,3.6726,3.3161,3.5164,4.0308,3.5773,3.5747,3.8029,3.9909,3.6705,3.7205,3.9487,3.8,3.8756,3.4431,3.6994,3.9294,3.2652,3.2612,3.449,3.5896,3.3188,3.2811,3.3348,3.3542,3.3079,3.0849,3.0723,3.476,2.7081,2.9144,3.1704,3.309,3.079,3.1133,3.1323,3.0622,3.1422,2.8708,2.9636,3.2024,2.4438,2.85,3.1594,3.227,3.1731,3.0869,3.2871,3.0775,3.0442,2.9284,2.9529,3.2906,2.8308,2.9526,2.9979,3.404,3.0723,3.1694,3.0867,3.1753,3.1873,2.926,3.1601,3.1449,2.7834,2.7268,2.8847,2.9508,2.7871,2.9884,3.1177,3.0036,3.0766,2.8193,2.9178,3.049,2.6284,2.6456,2.7012,2.9416,2.8672,2.7126,2.846,2.7299,2.681,2.5112,2.584,2.6362,2.5588,2.7313,2.8979,3.2398,3.0598,3.2033,3.3118,3.3199,3.1597,2.7977,2.9779,3.0918,2.6132,2.5005,2.9943,3.0453,2.8827,2.6687,2.6303,2.7193,2.5452,2.5067,2.7196,3.0813,2.8428,3.074,3.1149,2.9452,3.0922,2.9443,2.9133,2.917,3.0238,2.7218,3.1386,3.161,3.0723,2.9796,3.2285,3.3579,3.2162,3.4642,3.3377,2.9277,2.9852,2.837,3.1074,3.4034,2.6538,2.703,2.9848,3.1258,3.029,2.8661,3.0014,3.0258,2.9715,2.7164,2.8301,2.8951,2.4396,2.5548,2.743,2.8264,2.9048,2.7838,2.7395,2.7486,2.6394,2.4685,2.7184,2.8517,2.4335,2.5978,2.7552,2.9553,2.7549,2.7379,2.7875,2.7072,2.7017,2.3135,2.8469,2.9152,2.4936,2.4263,2.6066,2.879,2.667,2.5804,2.4758,2.4427,2.3316
2,2,-,Equipment repair/maintenance,1.7253,2.4733,2.066,2.3175,2.4513,3.2118,3.7662,2.4826,2.7707,2.7646,3.6757,4.0508,1.7694,2.541,2.095,2.6269,3.9068,3.4189,3.1978,2.9702,2.5062,3.041,2.6576,3.3333,1.4367,2.3189,2.1663,2.6743,3.0435,3.7996,4.1917,2.8432,3.2411,3.7169,2.2191,3.9052,1.5669,1.7763,1.7272,2.7501,3.3179,4.4371,2.6342,3.9443,3.1599,3.6086,2.6097,3.8601,1.3244,2.2435,1.9923,2.6103,3.4984,3.4788,3.3303,2.4058,2.199,2.5001,3.7209,3.1961,1.3924,1.7099,1.5467,2.7536,3.7818,3.3458,3.3681,3.0629,3.0568,2.1696,3.8776,3.2757,1.8298,2.093,2.2754,1.9551,2.51,2.9029,3.0035,2.374,2.3635,2.618,2.275,3.5397,1.6831,1.935,2.7497,2.2517,2.6958,2.6705,2.5769,2.424,2.8652,2.7335,2.4778,3.8986,2.0279,1.6583,1.6093,2.2582,2.696,2.8164,3.4605,2.1865,2.4269,2.8837,2.7455,3.5195,2.0793,1.7659,1.7018,2.4953,2.7906,3.0436,2.8806,2.5501,1.8729,2.6839,2.9385,2.639,2.1694,1.8816,2.5523,3.1727,2.541,3.7795,2.2697,3.3873,2.6586,2.0429,3.4411,3.1941,2.1816,2.2642,1.6828,2.594,2.9001,2.8961,3.1123,3.8807,3.1588,3.8763,3.1025,3.5089,1.9596,2.2751,1.668,1.7725,3.591,4.2352,4.101,3.5607,2.811,3.2962,3.584,3.0376,2.0676,2.0086,3.137,3.034,3.6867,3.1943,3.3478,3.719,2.9616,3.9308,3.8409,3.5693,2.7448,2.8619,3.5855,3.8373,2.1974,3.9048,3.3886,2.4114,2.3802,3.1679,2.5811,4.264,2.5103,2.4429,2.7644,2.4218,3.3051,3.5749,3.1732,3.0063,3.2168,3.7457,3.7073,4.086,1.5863,2.3101,3.3015,2.0789,3.2389,2.6617,4.0584,2.4452,2.2803,3.8324,3.3295,4.2281,1.5549,2.9166,3.3698,2.7956,2.8637,3.8835,3.6344,2.7868,3.1726,4.2199,3.0981,2.8353,2.1715,2.5025,2.3158,2.9014,3.1883,3.3721,3.2768,2.4118,2.5248,3.279,3.6699,3.5685,2.515,2.1977,2.5893,2.4511,3.2177,3.1255,3.8063,2.8188,3.3136,3.4916,4.2735,3.1113,2.8763,2.4263,2.9102,3.1375,2.5078,3.8447,3.2439,3.1184,3.3869,4.0507,4.1433,3.8961,2.6307,2.8354,3.9212,3.5135,3.3886,3.9906,3.1205,3.3304,3.5585,3.3486,3.2235,4.1777,3.0229,2.2068,3.0375,3.1178,3.0964,4.8562,4.1999,3.3617,3.29,3.5117,4.3725,3.3961,2.5503,2.7989,3.0966,2.6122,3.3661,5.271,3.2857,3.9088,3.0346,4.3845,3.2643,3.5285,1.8672,3.3194,2.7724,2.6629,3.1451,3.1981,4.3928,3.4791,2.7892,3.7277,4.2742,4.3158,3.335,2.6794,2.3807,3.3468,3.1735,3.8549,3.9163,3.4439,2.5807,3.5171,4.2607
2,2,1,equipment materials,0.3491,0.6392,0.376,0.6559,0.3801,1.0805,1.012,0.4568,0.4871,0.4948,0.632,0.6852,0.6361,0.5679,0.3227,0.8333,0.6942,0.4566,0.5111,0.7194,0.4592,0.4852,0.511,0.7148,0.3158,0.7042,0.5115,0.5237,0.771,1.0524,0.9699,0.5301,0.9464,0.7925,0.6744,1.4087,0.5945,0.4375,0.4884,0.6538,0.9924,1.5877,0.8121,1.0262,0.781,0.9995,1.037,1.32,0.4869,1.0066,0.6905,0.8114,1.2281,1.0438,0.8245,0.8706,0.731,0.6547,0.9882,0.8723,0.4197,0.5951,0.3745,0.6692,1.0041,1.1676,1.1521,0.9735,1.1019,0.6983,1.1897,0.863,0.5421,1.1143,0.8725,0.6376,1.0,0.9447,1.2647,0.6994,0.8316,0.7306,0.6862,1.5882,0.5974,0.7567,0.7223,0.8135,0.7663,0.7099,0.9138,1.0049,1.0599,0.6967,0.6933,1.4539,0.7966,0.649,0.5762,0.6077,1.0471,0.7707,0.8185,0.7347,0.7469,1.0816,1.0725,1.433,0.4598,0.574,0.5948,1.0776,0.8924,0.7946,0.8093,0.6767,0.476,0.778,0.8432,0.9139,0.6957,0.5598,0.6285,0.6293,0.6875,0.8423,0.7474,1.3598,0.783,0.6972,0.8817,1.0734,1.1546,0.6856,0.4114,0.8692,1.1251,0.8487,0.8602,1.4868,1.0129,1.8512,1.0573,1.3634,0.7431,0.7172,0.4358,0.5816,1.1847,1.2357,1.4991,1.6096,0.7851,1.3123,0.8368,0.7456,0.7985,0.5132,0.7683,0.8535,1.4591,1.0742,0.9703,1.0754,0.7859,1.4525,1.5225,1.1488,0.891,1.042,1.527,0.8609,0.675,0.7819,1.1238,0.8362,0.8284,0.9879,0.7871,1.1614,0.7973,0.6245,0.9478,0.5002,0.7443,1.0579,0.814,0.7985,1.0536,0.9919,0.8395,1.7326,0.5346,0.9567,1.1569,0.5832,1.32,0.8258,1.2231,0.8649,0.6544,1.1243,1.1338,1.66,0.6034,0.8667,0.7522,0.8343,0.974,1.0718,1.105,0.9279,0.9661,0.8562,1.0531,0.9489,0.8536,0.707,0.906,1.0759,0.6857,0.9408,1.0311,0.7508,0.6495,1.1433,1.0155,1.2646,0.8531,0.6493,0.8678,0.5546,0.9614,0.9712,1.3468,0.6054,0.8998,1.0991,1.0403,1.4145,1.3723,0.8832,1.0393,1.1037,0.8591,1.3606,0.915,0.7602,1.1272,1.3467,1.1887,1.3219,0.7507,1.0176,1.4655,1.1198,1.1659,1.7074,1.2786,1.5122,1.1432,1.0294,0.8042,1.1081,0.9104,0.7492,1.2292,1.067,0.9246,1.4017,1.1244,1.0891,1.2733,1.2456,1.1408,1.2825,0.9067,1.1825,1.3327,1.0219,1.0595,1.4292,1.0524,1.6254,1.0991,1.5982,1.3634,1.2831,0.6813,1.3142,1.4399,0.9192,0.9734,1.0574,1.6385,1.2209,1.0654,1.3335,1.966,1.8455,0.817,0.833,0.528,1.4476,0.6758,1.3679,1.4171,1.237,0.7763,1.2217,1.7347
2,2,2,Construction and other services,1.3762,1.8341,1.6899,1.6616,2.0712,2.131,2.7542,2.0259,2.284,2.2698,3.0436,3.3655,1.1333,1.9731,1.7722,1.7937,3.2126,2.9624,2.6867,2.2508,2.047,2.5558,2.1466,2.6185,1.1208,1.6147,1.6548,2.1507,2.2722,2.7472,3.2217,2.3133,2.2947,2.9247,1.5447,2.4965,0.9724,1.3384,1.2388,2.0963,2.3251,2.8494,1.8222,2.9181,2.3789,2.6091,1.5727,2.5401,0.8374,1.2369,1.3018,1.7992,2.2699,2.4353,2.5061,1.5352,1.4676,1.8454,2.7327,2.3238,0.9727,1.1149,1.1721,2.0844,2.7777,2.1782,2.216,2.0893,1.9549,1.4716,2.6879,2.4127,1.2874,0.9788,1.4032,1.3178,1.51,1.9578,1.7388,1.6745,1.5315,1.8874,1.5884,1.9516,1.0858,1.1783,2.0273,1.4385,1.9295,1.9605,1.6631,1.4191,1.805,2.0368,1.7844,2.4444,1.2317,1.0093,1.0334,1.6505,1.6489,2.0457,2.6424,1.4518,1.68,1.802,1.6726,2.0865,1.6192,1.1919,1.1069,1.4177,1.8979,2.2493,2.0714,1.8734,1.3969,1.9059,2.0956,1.7251,1.474,1.3218,1.9238,2.5434,1.8538,2.9371,1.522,2.0272,1.876,1.3457,2.5594,2.1208,1.027,1.5786,1.2713,1.7248,1.7754,2.047,2.2521,2.3939,2.1458,2.0255,2.0451,2.1458,1.2164,1.5579,1.2322,1.1909,2.4063,2.9995,2.6019,1.9515,2.0255,1.9839,2.7472,2.2919,1.2691,1.4953,2.3687,2.1805,2.2276,2.1201,2.3775,2.644,2.1761,2.4784,2.3184,2.4205,1.8538,1.8203,2.0585,2.9761,1.5224,3.1229,2.2648,1.5752,1.5518,2.1796,1.794,3.1029,1.713,1.8187,1.8169,1.9216,2.5608,2.517,2.3592,2.2078,2.1633,2.7539,2.8679,2.3535,1.0517,1.3537,2.1446,1.4957,1.9189,1.8355,2.8353,1.5807,1.6259,2.7082,2.1957,2.5681,0.9518,2.0499,2.6176,1.9613,1.8897,2.8121,2.5298,1.8593,2.2065,3.3637,2.0453,1.8863,1.3179,1.7955,1.4099,1.8252,2.5022,2.4312,2.2457,1.6606,1.8752,2.1357,2.6544,2.3036,1.6619,1.5485,1.7211,1.8965,2.2562,2.154,2.4595,2.2134,2.4138,2.3925,3.2335,1.6967,1.504,1.543,1.8709,2.0338,1.6487,2.4838,2.329,2.3585,2.2597,2.704,2.9546,2.5742,1.88,1.8174,2.4558,2.3937,2.2226,2.2829,1.8415,1.8182,2.4153,2.3192,2.4189,3.0696,2.1126,1.4576,1.8082,2.0505,2.1718,3.4545,3.0756,2.273,2.0167,2.2661,3.2317,2.1136,1.6436,1.616,1.764,1.5904,2.3066,3.8418,2.2333,2.2834,1.9355,2.786,1.9009,2.2454,1.186,2.0052,1.3325,1.744,2.1717,2.1407,2.7539,2.2582,1.7238,2.3942,2.3085,2.4703,2.518,1.8464,1.8524,1.8992,2.4977,2.4866,2.4992,2.2068,1.8043,2.2954,2.5258
3,-,-,Utilities/Water,8.0602,8.8343,7.5544,6.8332,6.83,6.1936,5.7002,6.545,6.9828,6.2239,6.5578,5.8308,8.4616,9.1179,7.2184,6.8896,6.8328,6.3635,5.8686,6.825,6.9616,6.1704,6.6101,6.3958,8.5643,9.4228,7.0921,6.6237,6.7237,6.2862,5.7384,6.7255,6.8678,5.9917,6.8828,6.4524,8.7546,9.4727,7.5881,6.9434,6.8241,6.2744,5.8292,6.0963,6.7331,6.3178,6.5973,6.0834,8.3837,9.0886,7.5531,6.8616,6.5655,6.4502,5.9025,6.7196,6.6669,6.301,6.6069,6.2405,8.4198,9.8239,7.8905,7.1507,6.9284,6.5841,5.9563,6.4149,6.7504,6.2643,6.8564,6.9312,9.735,10.6017,8.2352,7.6469,7.2783,6.8477,6.19,6.7312,7.1162,6.4813,7.0155,6.9624,8.988,9.6956,7.9104,7.1881,7.3035,6.6639,6.1972,6.3813,6.911,6.6256,7.1593,6.8684,9.1535,10.9366,8.7828,7.6519,7.3488,7.0452,6.24,6.9468,7.0699,6.6912,7.1295,7.0679,9.3875,10.4994,8.6565,7.8638,7.2696,6.8652,6.1657,6.5292,6.4826,6.2549,6.7609,6.622,8.9539,10.1837,8.1662,7.9438,7.7032,6.9206,6.2287,6.7545,7.4798,6.7421,6.9677,6.9127,9.4799,10.9359,9.0997,8.0415,7.6565,7.0374,6.3815,6.7342,7.1175,6.6641,7.0187,7.0983,10.0514,11.1609,9.2677,8.3958,7.7236,6.992,6.3305,6.7617,7.2391,6.8369,7.2838,7.6414,10.3069,11.2671,8.7176,7.9036,7.6716,7.1313,6.6271,7.1844,7.5275,6.7291,7.4775,7.6,10.1498,11.8094,8.6457,8.4629,8.0011,7.4607,6.7458,7.205,7.3947,7.0067,7.375,7.8186,10.6749,11.9891,9.4465,8.7141,7.7858,7.4799,6.6249,7.0138,6.9531,6.4426,6.977,6.809,9.1735,10.5907,8.7451,7.8125,7.2828,6.9734,6.0428,6.7816,6.864,6.43,6.7089,6.6596,9.0586,10.2772,8.5859,8.0171,7.2544,6.8437,6.2497,6.9146,7.0037,6.6192,7.1113,7.4501,9.7496,11.1609,8.9619,7.8828,7.3386,6.6757,6.315,6.7286,7.2278,6.6785,6.6972,6.7513,9.2082,10.7974,8.6745,7.7888,7.7182,6.8379,6.138,6.071,6.4346,6.6382,6.6974,6.8918,8.9451,10.0366,9.1412,9.2318,8.4748,7.2258,6.6614,6.7835,7.2922,6.827,7.01,6.7913,9.4854,10.5335,8.8447,7.5727,7.3909,7.2025,6.3871,7.1453,7.2953,6.7646,7.1548,7.0175,9.6118,12.1111,10.0478,8.8812,8.3003,7.4952,6.7319,7.3596,7.7911,7.4948,7.7864,7.8649,11.0941,12.9586,10.2386,8.717,7.9667,7.0787,6.3574,6.3528,6.665,6.5131,6.8228,6.7125,9.0197,9.9547,8.6648,8.1756,7.5718,6.9206,6.6301,7.0215,7.7347,7.1696,6.8696,6.8162,9.6792,10.9727,9.2273,8.426,7.3784,7.2307,6.5994,6.6855,7.3117,7.0632,6.5752
3,1,-,electricity bill,3.5837,3.7752,3.1956,3.0151,2.8811,2.6101,2.5916,3.4614,3.7999,2.9063,2.7243,2.3215,3.5832,3.856,2.9893,2.9434,2.8334,2.6457,2.646,3.6076,3.5919,2.7292,2.7349,2.5293,3.8428,4.1373,3.041,2.8046,2.8722,2.6528,2.4926,3.5895,3.5451,2.6735,2.8216,2.552,3.8439,4.0544,3.1649,2.952,2.9038,2.5355,2.5109,2.8973,3.3445,2.9074,2.7496,2.4173,3.7069,3.9861,3.1761,2.9052,2.78,2.6357,2.7375,3.4551,3.4884,2.8774,2.7456,2.4728,3.5893,4.1023,3.2959,3.0691,2.8555,2.6246,2.6201,3.1271,3.416,2.8676,2.7627,2.5858,4.0822,4.3943,3.4023,3.2294,3.0604,2.754,2.6593,3.2213,3.6465,2.7883,2.7954,2.6308,3.7258,3.976,3.2287,2.9921,3.0273,2.7246,2.6029,3.0628,3.6032,2.9719,2.8769,2.6318,3.7218,4.393,3.6364,3.1404,3.0868,2.8558,2.7208,3.6084,3.5866,3.0854,2.9828,2.8156,4.2077,4.7432,3.7881,3.5637,3.2095,2.8492,2.748,3.2024,3.2168,2.8486,2.7713,2.6556,3.9073,4.4206,3.4001,3.4557,3.3308,2.8471,2.8471,3.5018,4.1882,3.3343,2.9112,2.7522,4.0188,4.7428,3.7838,3.4701,3.1953,2.8758,2.9149,3.2843,3.6921,3.1113,2.9408,2.778,4.3112,4.8481,4.0452,3.7066,3.3208,2.9558,2.7777,3.415,3.9853,3.2445,3.1135,3.1214,4.4792,4.9153,3.8812,3.4043,3.3811,3.0922,3.0926,3.8676,4.1811,3.3611,3.3858,3.1776,4.6646,5.3918,4.0675,3.9389,3.8186,3.3535,3.2309,3.8838,3.9571,3.3381,3.3225,3.278,5.2121,5.7523,4.5167,4.0891,3.6616,3.3087,3.1009,3.7296,3.6794,3.0892,3.0863,2.9894,4.3844,5.1899,4.2604,3.7331,3.3333,3.048,2.845,3.3995,3.7553,3.1728,2.9747,2.8921,4.1347,4.8626,4.1001,3.8982,3.3834,3.0628,3.0251,3.6961,3.9204,3.2046,3.2254,3.2903,4.6268,5.3544,4.4929,3.8011,3.3554,3.0959,3.058,3.6891,4.1855,3.3744,3.1213,2.9517,4.3618,5.2844,4.3735,3.8919,3.6939,3.1869,2.8841,3.2518,3.5954,3.5363,3.2536,3.0338,4.2595,4.858,4.483,4.5226,4.1827,3.3442,3.2166,3.4958,4.1525,3.5809,3.2165,2.9006,4.4349,5.0917,4.2598,3.553,3.4313,3.261,3.0223,3.6656,3.9174,3.4876,3.2859,3.1065,4.4955,5.9449,5.2961,4.5749,4.1055,3.608,3.459,4.1086,4.6982,4.2969,4.0427,3.8139,5.6987,6.888,5.5084,4.4929,3.901,3.3642,3.0621,3.4186,3.8895,3.5698,3.3215,3.0308,4.2754,4.8734,4.3236,4.0852,3.7933,3.4042,3.4015,4.1094,4.803,4.26,3.5839,3.2192,4.8782,5.6975,4.8813,4.5454,3.866,3.625,3.5679,4.0108,4.5595,4.2079,3.5444
3,2,-,gas bill,2.2634,2.5652,2.2637,2.1648,2.1415,1.871,1.5385,1.4155,1.3968,1.4179,1.7009,1.5783,2.346,2.601,2.1909,2.1353,2.1552,1.9276,1.5535,1.4358,1.4593,1.4903,1.7513,1.7322,2.3357,2.7084,2.1378,2.0298,2.0632,1.8765,1.5293,1.4371,1.3757,1.4358,1.7968,1.7365,2.4098,2.747,2.2113,2.1598,2.1482,1.8746,1.6099,1.5072,1.4911,1.4982,1.7454,1.624,2.3098,2.6302,2.2335,2.1281,2.0146,1.8212,1.4821,1.313,1.3304,1.3693,1.6598,1.617,2.2079,2.6923,2.2469,2.1344,2.0718,1.882,1.5596,1.3766,1.3274,1.3583,1.6738,1.7176,2.4961,2.8239,2.2981,2.237,2.1587,1.9991,1.6389,1.5054,1.466,1.4469,1.7493,1.6855,2.4201,2.7317,2.256,2.1489,2.2105,1.9185,1.6439,1.4329,1.3914,1.356,1.6929,1.7201,2.3962,2.9682,2.5521,2.3225,2.2743,2.0142,1.6838,1.4642,1.4106,1.5026,1.7383,1.7874,2.5566,2.9228,2.4891,2.3431,2.2267,1.898,1.6252,1.4104,1.359,1.4017,1.6197,1.6349,2.3472,2.7431,2.336,2.286,2.2817,1.9798,1.6051,1.3414,1.2932,1.3158,1.5942,1.6987,2.3739,2.8137,2.4406,2.3093,2.1973,1.9477,1.5822,1.3815,1.3492,1.3711,1.6692,1.7103,2.5575,2.9109,2.5365,2.3756,2.2618,1.9781,1.6146,1.4026,1.3041,1.301,1.6393,1.8151,2.6051,2.9325,2.3848,2.2166,2.1763,1.9342,1.5295,1.3543,1.2558,1.2777,1.6512,1.7432,2.4859,2.9725,2.2452,2.3519,2.2744,1.93,1.6062,1.3941,1.352,1.4041,1.7076,1.777,2.6379,3.0746,2.5515,2.498,2.2382,1.927,1.6116,1.3343,1.2628,1.3003,1.567,1.5981,2.2191,2.5955,2.2606,2.1372,1.9491,1.741,1.3971,1.2383,1.1587,1.1658,1.4144,1.5021,2.0935,2.4317,2.0873,2.0039,1.8325,1.6153,1.3259,1.1558,1.1685,1.1942,1.4941,1.6237,2.2188,2.6079,2.2113,1.9668,1.8151,1.6029,1.3388,1.092,1.1188,1.1505,1.3631,1.4332,2.1242,2.5639,2.1392,1.9533,1.998,1.6671,1.3787,1.144,0.9986,1.0988,1.3158,1.4783,2.0371,2.328,2.1765,2.2197,2.1141,1.6672,1.447,1.2704,1.1828,1.1428,1.4305,1.4543,2.1437,2.3688,2.0739,1.8848,1.8341,1.6985,1.4079,1.2643,1.2073,1.1819,1.3908,1.5296,2.1848,2.7756,2.3361,2.1773,2.0467,1.7939,1.4566,1.2539,1.1819,1.2154,1.5244,1.7028,2.6435,3.045,2.523,2.2423,2.0126,1.7188,1.4194,1.1141,0.986,0.9458,1.2373,1.3948,2.0396,2.3086,2.0875,2.0109,1.8624,1.627,1.3532,1.1443,1.0408,1.0147,1.2023,1.3181,2.1183,2.3483,2.0635,1.972,1.8141,1.6262,1.3,1.0459,0.9726,0.9675,1.1195
3,3,-,other light heat,0.6844,0.9083,0.6602,0.3561,0.233,0.1438,0.1081,0.0897,0.1069,0.2225,0.4637,0.732,1.0022,1.0766,0.6881,0.421,0.246,0.1751,0.1066,0.1045,0.1218,0.2202,0.4984,0.7237,0.7798,0.8436,0.4855,0.2942,0.2,0.1299,0.0953,0.0833,0.0961,0.2059,0.6184,0.7695,0.875,0.9094,0.7224,0.3606,0.2222,0.1296,0.1177,0.0863,0.1206,0.2239,0.399,0.6365,0.7979,0.7644,0.5837,0.3326,0.2324,0.1551,0.1262,0.108,0.1063,0.2658,0.4159,0.692,1.0051,1.1545,0.8496,0.4675,0.3188,0.2106,0.1282,0.1307,0.1753,0.2872,0.6156,1.1962,1.4945,1.4702,1.0436,0.6773,0.3779,0.2521,0.2244,0.1681,0.2046,0.2898,0.6455,1.1092,1.1559,1.1109,0.9032,0.5355,0.3236,0.2042,0.1773,0.1165,0.1421,0.3919,0.8178,1.0555,1.3743,1.7177,1.0119,0.6238,0.3741,0.2667,0.2068,0.1669,0.1656,0.3077,0.7287,0.9057,1.0016,1.0194,0.7068,0.3682,0.2143,0.1558,0.0975,0.0966,0.1104,0.2269,0.5191,0.8186,1.0294,1.1257,0.7928,0.6107,0.347,0.2177,0.1444,0.107,0.1166,0.2658,0.6006,0.933,1.3545,1.3888,1.2073,0.6911,0.4143,0.2746,0.1775,0.1269,0.1533,0.2794,0.5683,1.0488,1.3951,1.4825,1.1151,0.7058,0.3439,0.2072,0.119,0.107,0.1192,0.3019,0.6911,1.1718,1.4391,1.4864,0.8761,0.6167,0.3634,0.235,0.1444,0.1166,0.1364,0.2814,0.6854,1.1066,1.3118,1.4842,0.9292,0.4885,0.3029,0.1939,0.132,0.1063,0.1453,0.3261,0.6358,1.0732,1.1013,1.1362,0.6849,0.4177,0.2119,0.1336,0.0881,0.102,0.1068,0.2068,0.3927,0.6234,0.7898,0.764,0.5274,0.2904,0.17,0.1247,0.0809,0.0774,0.0651,0.177,0.4442,0.6804,0.9497,0.9407,0.7354,0.4359,0.2395,0.1551,0.0842,0.0792,0.0744,0.2471,0.583,0.9173,1.1208,1.2123,0.6865,0.4279,0.2887,0.1808,0.1129,0.0995,0.1261,0.2417,0.4711,0.796,0.9354,0.9674,0.6202,0.3859,0.211,0.1405,0.092,0.0773,0.1464,0.1709,0.4663,0.7897,0.8685,0.9631,0.7009,0.4987,0.2551,0.1414,0.0877,0.0727,0.0897,0.1958,0.3965,0.7355,0.9591,0.8711,0.6081,0.3687,0.222,0.1518,0.0919,0.0761,0.098,0.2599,0.4498,0.7503,1.0754,1.2447,0.7124,0.4788,0.2809,0.1827,0.1023,0.0817,0.0886,0.2597,0.434,0.8595,0.981,1.0826,0.5797,0.362,0.2346,0.1473,0.1079,0.1013,0.0756,0.2318,0.4918,0.752,0.9479,0.924,0.754,0.3632,0.226,0.126,0.0797,0.0766,0.0785,0.1648,0.4501,0.7952,0.9783,1.1562,0.7202,0.405,0.2173,0.1472,0.0972,0.0589,0.0679,0.2288,0.4388
3,4,-,Water and sewage charges,1.5286,1.5857,1.435,1.2971,1.5744,1.5686,1.462,1.5787,1.6788,1.6773,1.6686,1.1991,1.5305,1.5839,1.3501,1.3899,1.5982,1.6147,1.5621,1.6772,1.7886,1.7307,1.6251,1.4108,1.6057,1.7339,1.4274,1.4955,1.5882,1.627,1.6212,1.6155,1.8509,1.6768,1.6463,1.3942,1.6262,1.7623,1.4895,1.4714,1.5499,1.7348,1.5907,1.6058,1.7765,1.6884,1.7033,1.4056,1.569,1.7079,1.5601,1.496,1.5385,1.8378,1.5571,1.8432,1.7417,1.7884,1.7856,1.459,1.6178,1.8748,1.4984,1.4797,1.682,1.8665,1.6484,1.7809,1.8317,1.7511,1.8043,1.4315,1.6622,1.9138,1.491,1.5032,1.6812,1.8424,1.6673,1.8364,1.7991,1.9566,1.8253,1.5368,1.6865,1.8767,1.5228,1.5116,1.7416,1.8162,1.7728,1.769,1.7744,1.9058,1.7717,1.4613,1.6616,1.8577,1.5824,1.5652,1.6135,1.9081,1.6285,1.7073,1.9074,1.7955,1.68,1.5592,1.6216,1.814,1.6725,1.5888,1.6187,1.9622,1.695,1.8198,1.7968,1.7773,1.8505,1.5129,1.67,1.8946,1.6369,1.5917,1.7438,1.876,1.6325,1.8046,1.8819,1.8262,1.8616,1.5287,1.7328,1.9901,1.668,1.571,1.8493,1.9394,1.7069,1.9418,1.9229,1.9023,1.8403,1.5612,1.7876,1.9193,1.5709,1.6082,1.7971,1.8506,1.819,1.8372,1.8305,1.9899,1.8395,1.5334,1.7828,1.9329,1.5751,1.666,1.7509,1.8696,1.8606,1.8458,1.9541,1.8089,1.7553,1.5725,1.6878,1.9605,1.4034,1.6837,1.6053,1.9832,1.7767,1.8208,1.9402,1.9388,1.7091,1.69,1.724,2.0265,1.6931,1.7093,1.674,2.1102,1.8248,1.8482,1.9041,1.8463,1.9311,1.5984,1.7802,2.0413,1.6966,1.6518,1.8309,2.0597,1.7194,2.0663,1.8849,1.9141,1.876,1.585,1.8808,2.0422,1.6631,1.6791,1.7989,2.0108,1.8145,1.9834,1.8408,1.9733,1.8092,1.6188,1.7832,1.9863,1.5716,1.6869,1.8794,1.7961,1.805,1.8476,1.7978,1.9119,1.7421,1.5707,1.7868,1.9817,1.5417,1.5574,1.8149,1.8434,1.7828,1.5979,1.6942,1.8322,1.6616,1.59,1.7801,1.8871,1.7809,1.9909,1.9233,2.0731,1.9101,1.9442,1.8676,1.9075,1.9669,1.7012,1.9473,2.2016,1.9025,1.7665,1.9035,2.0912,1.8647,2.1392,2.0731,1.8351,2.0283,1.6308,1.8561,2.1459,1.7031,1.6502,1.8673,1.9105,1.7139,1.9153,1.8224,1.7228,1.7853,1.4891,1.7706,1.943,1.6275,1.6194,1.8182,1.8483,1.768,1.7189,1.714,1.7657,1.7723,1.535,1.7567,1.8487,1.4998,1.7162,1.6898,1.7633,1.7956,1.6912,1.8124,1.7301,1.6337,1.4837,1.7043,1.7707,1.5624,1.5035,1.4812,1.832,1.6343,1.5699,1.7117,1.6593,1.4728
4,-,-,Furniture/household supplies,3.1668,3.1679,3.296,2.8773,3.6543,3.9389,4.6331,3.5665,3.4477,3.5185,3.8574,4.5181,3.646,3.5431,3.8654,3.1688,3.3298,4.0615,4.7144,4.0397,3.3933,3.6306,3.8053,4.4296,3.1734,3.1833,3.199,3.0631,3.487,4.0176,4.1989,3.7311,3.3244,3.5772,4.0135,4.2276,3.0823,3.1391,3.2982,2.8984,3.4049,3.7516,4.2623,3.85,3.3149,3.3194,3.904,4.4158,3.1141,2.8394,3.1125,2.9568,3.4471,3.7905,4.1792,3.7501,3.0265,3.274,3.6354,4.0157,3.2931,2.7771,3.2371,2.6821,3.1273,3.8063,4.1308,3.5331,3.4038,3.7485,3.6622,4.1531,3.066,3.0551,3.0748,2.7845,3.0882,3.6119,4.2008,3.6623,3.126,3.3771,3.8507,4.1248,3.1224,2.8164,2.8278,2.9244,3.0989,3.709,3.9557,3.6925,3.2361,3.2759,3.7326,4.1116,2.8777,3.1077,2.9773,2.9337,3.1791,4.1124,4.3933,3.685,3.5472,3.3334,3.721,4.0021,3.1828,2.7349,3.0407,3.0482,3.4469,3.906,4.4128,4.0409,3.3878,3.3816,3.854,4.0647,3.2968,3.103,3.1792,3.034,3.0266,3.9907,4.6019,3.9105,3.5317,3.6756,4.1504,4.1822,3.1806,3.0825,3.2754,3.0384,3.6432,4.3825,4.6185,3.7602,3.5976,3.5476,3.8683,4.0899,3.1958,3.111,3.2932,2.8041,3.5761,4.1907,4.4148,3.809,3.7157,3.9347,3.7623,4.0268,3.1097,2.9817,2.9554,2.9755,3.5504,4.2536,4.6851,4.0735,3.5512,3.6773,3.8623,4.1476,3.2878,3.8697,5.0205,2.5978,3.2954,4.0907,4.3347,3.961,3.3471,3.2844,3.8309,4.0955,3.1072,3.1826,3.4127,3.0737,3.7443,4.1221,4.4703,4.1624,3.5639,3.6781,3.8453,4.4207,3.4142,2.9921,3.478,2.9452,3.8048,4.1572,4.9312,4.0237,3.8818,3.7842,3.7309,4.0407,3.657,3.2473,3.1798,3.1653,3.8688,4.0375,4.9521,4.1039,3.7038,3.498,4.3398,4.1623,3.4843,3.2148,3.4087,3.4459,3.6341,4.3218,4.7747,3.9709,3.6329,3.7149,4.2154,4.4504,3.528,3.3621,3.4675,3.1982,4.0083,4.5117,4.4315,4.5379,5.4433,3.4022,3.8552,4.1316,3.3015,3.711,3.6614,3.6223,5.0076,5.9971,5.758,5.4035,4.5201,4.7311,4.351,4.9066,4.2646,3.8443,3.8157,3.6075,4.4616,5.0195,5.3864,5.2423,3.9336,4.0004,4.3826,4.2685,4.0559,3.545,3.664,3.5664,4.4093,4.6333,4.9605,4.4866,4.5235,4.2435,4.3176,4.6831,3.7876,3.6001,3.7732,3.6704,4.419,4.1656,5.465,4.5091,4.0701,3.8997,4.779,4.4292,4.129,3.6071,3.8025,3.7086,4.0351,5.2437,5.3796,4.9905,4.1776,3.7987,4.1483,4.2052,3.6102,3.3007,3.8534,3.6998,4.1742,4.868,5.2876,4.4971,4.0285,3.8423,4.3915
4,1,-,household durable goods,1.0009,0.9165,1.0544,0.6872,1.0192,1.3879,1.9373,1.1797,0.9988,0.9069,1.1661,1.5012,1.4749,1.2727,1.6893,0.9234,0.9439,1.2498,2.0598,1.4024,0.886,1.1399,1.0447,1.3955,1.0504,1.0436,0.9501,0.8347,1.009,1.2836,1.6304,1.3143,0.8777,1.0777,1.2911,1.3143,0.9657,0.8857,1.0521,0.8109,0.9012,1.2988,1.5864,1.3603,0.9103,0.7323,1.3924,1.5314,0.9994,0.6914,0.882,0.7964,0.9998,1.3042,1.6523,1.4313,0.8261,0.9144,1.287,1.2325,1.1739,0.7617,1.0102,0.7422,0.8144,1.251,1.545,1.2267,1.0991,1.2001,1.0839,1.4535,0.9541,0.9754,0.9778,0.7553,0.8288,1.0986,1.6269,1.2897,0.8481,1.0492,1.3272,1.2881,0.9815,0.7329,0.8142,0.8575,0.8648,1.1116,1.3819,1.3873,0.9462,0.8522,1.1735,1.4204,0.9292,0.9307,0.9025,0.8211,0.8593,1.5446,1.6885,1.3052,1.0443,0.8779,1.1627,1.1894,1.1402,0.7585,0.9196,0.8118,0.8938,1.2772,1.7988,1.6301,1.0292,0.9351,1.2573,1.2596,1.1558,1.0001,1.0032,0.9713,0.6455,1.4149,1.9448,1.6106,1.3313,1.2295,1.635,1.4156,1.1466,0.9444,1.0103,0.8436,0.9987,1.4567,1.7211,1.3085,1.1755,1.0311,1.2771,1.2506,0.9858,0.9643,1.0584,0.6842,1.1042,1.4592,1.6435,1.2841,1.1102,1.1191,1.1265,1.1275,1.0065,0.9176,0.8439,0.7888,0.9378,1.5203,1.993,1.5911,1.1322,1.1951,1.2166,1.4206,1.13,1.4748,2.1338,0.7109,0.7752,1.3094,1.5869,1.4611,0.9618,0.7807,1.1589,1.3726,0.9733,0.8888,1.0904,0.8427,1.1402,1.324,1.7856,1.6335,1.0248,1.0981,1.1981,1.3357,1.0969,0.7884,1.1802,0.7514,1.0709,1.3819,2.0035,1.382,1.3533,1.0228,1.1172,1.1442,1.1513,1.0535,0.974,0.8965,1.2581,1.4003,2.1659,1.3203,1.138,0.9336,1.427,1.2509,1.077,1.0207,1.0577,0.991,1.0362,1.6137,1.9517,1.5813,1.1129,1.1037,1.4795,1.613,1.1264,1.1057,1.0628,0.8435,1.3586,1.8159,1.6655,1.8807,2.3333,0.9361,1.1867,1.2204,0.9928,1.0742,1.0106,0.9607,1.6896,2.4761,2.5103,2.2112,1.5797,1.5622,1.3594,1.5822,1.4401,1.1578,1.2127,1.068,1.5754,1.6632,2.1676,2.1415,1.1198,1.0897,1.4024,1.3401,1.4889,1.1385,1.1427,1.0098,1.6292,1.6866,1.9109,1.6122,1.6249,1.4275,1.4115,1.5577,1.405,1.2211,1.1696,1.1301,1.5466,1.2281,2.2638,1.7878,1.4192,1.0935,1.6109,1.315,1.4537,1.0498,1.2036,1.174,1.1594,2.0389,2.2325,2.0643,1.4325,1.1608,1.1688,1.2492,1.1953,0.96,1.2861,1.1206,1.3958,1.8232,2.2084,1.7157,1.3624,1.0258,1.467
4,1,1,Durable goods for household use,0.5455,0.4569,0.5857,0.4298,0.5953,0.7301,0.7875,0.5378,0.5242,0.4531,0.4826,0.6224,0.6568,0.6874,0.9961,0.5096,0.4099,0.4478,0.7624,0.6106,0.5145,0.5637,0.4109,0.7071,0.5252,0.5126,0.5333,0.4178,0.424,0.6012,0.7577,0.6945,0.4881,0.5453,0.5631,0.626,0.4693,0.5742,0.6149,0.4193,0.5422,0.5868,0.7122,0.6352,0.5037,0.4077,0.5893,0.6036,0.4531,0.4008,0.6579,0.5562,0.4994,0.6382,0.684,0.6896,0.5127,0.4906,0.6574,0.6634,0.6649,0.391,0.5261,0.4191,0.547,0.6415,0.7586,0.5702,0.5823,0.589,0.4982,0.7405,0.5309,0.5538,0.697,0.5219,0.5426,0.5089,0.6978,0.6361,0.4868,0.6186,0.5352,0.7514,0.5599,0.4938,0.553,0.5127,0.5064,0.5506,0.7739,0.708,0.4875,0.4293,0.5749,0.7476,0.509,0.4818,0.6331,0.5581,0.4914,0.6703,0.6338,0.6416,0.6048,0.4648,0.6096,0.6748,0.6269,0.477,0.5916,0.4841,0.5085,0.5897,0.8934,0.7286,0.6045,0.5692,0.597,0.7272,0.6063,0.6069,0.5678,0.638,0.3968,0.5747,0.863,0.7942,0.8149,0.5953,0.8596,0.7437,0.5948,0.5338,0.5317,0.4939,0.5334,0.6727,0.7742,0.7418,0.6863,0.556,0.61,0.7071,0.5708,0.5787,0.6879,0.4501,0.4522,0.5771,0.6329,0.5366,0.6404,0.5777,0.5326,0.5416,0.5534,0.4931,0.4868,0.4734,0.4862,0.6807,0.6763,0.5927,0.6655,0.6598,0.6171,0.732,0.6648,0.9092,1.2798,0.4134,0.4057,0.4927,0.6986,0.7649,0.5977,0.4637,0.5124,0.5437,0.5213,0.4348,0.7028,0.4493,0.598,0.6417,0.7095,0.6467,0.5374,0.6657,0.5625,0.7604,0.6214,0.4741,0.6693,0.4827,0.5507,0.5863,0.5952,0.7082,0.718,0.5455,0.5158,0.6926,0.5783,0.6637,0.6582,0.5616,0.5918,0.7403,0.8789,0.5683,0.6801,0.4946,0.7748,0.6605,0.6945,0.6781,0.6234,0.5533,0.5681,0.8037,0.7827,0.7074,0.5098,0.6112,0.6867,0.7514,0.5676,0.629,0.6677,0.4825,0.5959,0.8177,0.7013,0.8855,1.3083,0.5517,0.6188,0.7468,0.6341,0.775,0.654,0.6233,0.69,0.9777,1.205,1.1076,0.7393,0.8603,0.77,0.8378,0.8452,0.7431,0.8315,0.583,0.7283,0.7987,0.79,1.1337,0.6785,0.6192,0.7934,0.6876,0.8461,0.7119,0.744,0.5993,0.7699,0.6696,0.776,0.8666,0.8466,0.7872,0.6449,0.6888,0.7757,0.7101,0.7738,0.5543,0.8148,0.487,0.8799,0.6935,0.739,0.7199,0.7831,0.7068,0.8574,0.6653,0.7069,0.7054,0.5067,0.7263,0.8466,0.76,0.7456,0.6049,0.5668,0.6128,0.6713,0.5704,0.7317,0.6242,0.5518,0.6536,0.9405,0.7478,0.5979,0.5928,0.8563
4,1,2,Air conditioning equipment,0.3097,0.2374,0.1712,0.0972,0.176,0.4532,0.854,0.3797,0.2503,0.2338,0.4735,0.5003,0.4516,0.2887,0.2671,0.1617,0.2557,0.5342,0.9041,0.4311,0.1757,0.3213,0.4432,0.5209,0.3037,0.2863,0.181,0.0862,0.2791,0.4668,0.6775,0.3986,0.1378,0.2226,0.5818,0.5024,0.2993,0.2173,0.0932,0.1419,0.2197,0.424,0.6163,0.3993,0.1352,0.2088,0.4415,0.5915,0.2918,0.1179,0.091,0.0842,0.2207,0.4343,0.655,0.4208,0.1435,0.2544,0.4242,0.3755,0.3502,0.1924,0.1826,0.1073,0.0994,0.4479,0.5883,0.4209,0.1881,0.3265,0.4136,0.5899,0.2196,0.1893,0.1146,0.0841,0.1332,0.4252,0.6828,0.4358,0.1347,0.2905,0.5596,0.3678,0.2297,0.0895,0.1154,0.1135,0.1695,0.4266,0.4242,0.5118,0.2093,0.2256,0.4119,0.5076,0.2256,0.2784,0.1267,0.1336,0.2041,0.3852,0.9388,0.4774,0.1951,0.2405,0.4249,0.3389,0.3654,0.1545,0.0904,0.1753,0.1527,0.51,0.7044,0.6777,0.1447,0.2335,0.4601,0.3694,0.3203,0.2263,0.2316,0.175,0.1079,0.6637,0.9212,0.664,0.4053,0.3643,0.6027,0.5336,0.3634,0.2956,0.2008,0.1692,0.2763,0.6527,0.8109,0.4461,0.2896,0.3015,0.4451,0.4063,0.3186,0.2076,0.1655,0.0898,0.3918,0.6849,0.8609,0.5611,0.2613,0.3701,0.4599,0.4295,0.2931,0.2727,0.1876,0.1183,0.2196,0.6867,1.094,0.7887,0.3035,0.3588,0.4439,0.5412,0.343,0.3601,0.5202,0.1529,0.2093,0.6481,0.7624,0.4757,0.1392,0.1788,0.4246,0.5783,0.287,0.3422,0.2088,0.1005,0.3268,0.4787,0.8782,0.8013,0.2964,0.2351,0.4984,0.4251,0.273,0.2206,0.2832,0.1149,0.3602,0.5703,1.2234,0.5334,0.4054,0.2961,0.3969,0.3108,0.2292,0.2759,0.1725,0.1818,0.4208,0.4814,1.0283,0.528,0.2861,0.2263,0.4633,0.4585,0.3082,0.1984,0.2536,0.2398,0.3089,0.6987,1.018,0.6937,0.4213,0.2607,0.538,0.5819,0.383,0.3274,0.2419,0.1853,0.6148,0.8325,0.7739,0.7863,0.6038,0.2038,0.4247,0.3133,0.2145,0.1869,0.2012,0.2142,0.7777,1.1856,0.8232,0.9032,0.5473,0.3485,0.4155,0.5533,0.4702,0.2393,0.2518,0.3166,0.5796,0.7446,1.1341,0.9008,0.2363,0.3362,0.4238,0.4924,0.3805,0.3091,0.2473,0.31,0.6469,0.8509,0.8787,0.5487,0.5402,0.4278,0.4347,0.7019,0.4538,0.2847,0.2302,0.3857,0.516,0.6358,1.1152,0.8132,0.5382,0.258,0.5751,0.4819,0.3472,0.2437,0.2654,0.3677,0.4822,1.1382,1.2367,1.1039,0.5028,0.3384,0.4633,0.471,0.2723,0.2929,0.3779,0.3294,0.6843,0.9982,1.0618,0.7373,0.5781,0.3079,0.4535
4,1,3,General furniture,0.1457,0.2226,0.2976,0.1602,0.2476,0.2046,0.2962,0.2623,0.224,0.2199,0.2103,0.3785,0.3664,0.2966,0.426,0.2521,0.278,0.2678,0.3933,0.3604,0.1958,0.2549,0.1909,0.1678,0.2215,0.2446,0.2358,0.3307,0.3062,0.2156,0.1951,0.2212,0.2515,0.3098,0.146,0.1859,0.1975,0.0942,0.344,0.2495,0.1389,0.2879,0.2579,0.3259,0.2715,0.1154,0.3617,0.3364,0.2546,0.1727,0.1332,0.156,0.2797,0.2318,0.3133,0.3209,0.1702,0.1695,0.2057,0.1936,0.1589,0.1784,0.3016,0.2158,0.1677,0.1616,0.1978,0.2359,0.3287,0.2845,0.1721,0.1231,0.2037,0.2324,0.1663,0.1493,0.153,0.1642,0.2463,0.2177,0.2266,0.1401,0.2323,0.1686,0.1919,0.1492,0.1457,0.2312,0.1893,0.1344,0.1838,0.1675,0.2491,0.1973,0.1867,0.1652,0.1946,0.1704,0.1424,0.1294,0.1638,0.4891,0.116,0.1865,0.2445,0.1726,0.1282,0.1754,0.1482,0.127,0.2375,0.1524,0.2325,0.1775,0.201,0.2237,0.28,0.1324,0.2002,0.1634,0.2292,0.1669,0.2041,0.1583,0.1404,0.1765,0.1609,0.1527,0.1111,0.27,0.1728,0.1382,0.1885,0.115,0.2782,0.1808,0.189,0.1313,0.136,0.1209,0.1996,0.1737,0.222,0.1372,0.0964,0.1777,0.205,0.1444,0.2605,0.1972,0.1497,0.1863,0.2081,0.1717,0.1341,0.1564,0.1599,0.1518,0.1695,0.1968,0.232,0.1529,0.223,0.2097,0.1632,0.1765,0.1556,0.1474,0.1222,0.2055,0.3338,0.1446,0.1603,0.1683,0.1259,0.2208,0.2253,0.1383,0.2219,0.2509,0.1649,0.1118,0.1785,0.2932,0.2154,0.2036,0.1979,0.1855,0.1907,0.1972,0.1372,0.1502,0.2022,0.0938,0.2277,0.1538,0.16,0.2253,0.1848,0.1408,0.2299,0.1812,0.2045,0.141,0.3438,0.1139,0.1433,0.1531,0.2455,0.1789,0.259,0.224,0.1719,0.2132,0.1889,0.1316,0.0742,0.1438,0.1803,0.1983,0.1593,0.111,0.1514,0.1802,0.1817,0.2318,0.2551,0.2794,0.1758,0.1497,0.1529,0.1757,0.1479,0.1658,0.1903,0.2089,0.4211,0.1806,0.1431,0.1602,0.1445,0.1122,0.155,0.1232,0.2218,0.3128,0.4822,0.2008,0.2931,0.3534,0.174,0.1911,0.1247,0.1755,0.1291,0.1681,0.2676,0.1199,0.2435,0.1065,0.205,0.1348,0.1852,0.1601,0.2623,0.1175,0.1517,0.1008,0.2124,0.1661,0.2566,0.1966,0.2381,0.2124,0.3319,0.1667,0.1754,0.2259,0.1656,0.1897,0.2157,0.1052,0.2687,0.2811,0.1421,0.1156,0.2527,0.1259,0.2491,0.1408,0.2309,0.1009,0.1702,0.1744,0.1492,0.2003,0.1841,0.2174,0.1387,0.1656,0.252,0.0967,0.1766,0.167,0.1598,0.1713,0.2061,0.2309,0.1863,0.1255,0.1575
4,2,-,Interior equipment/decoration items,0.3084,0.3389,0.2672,0.2658,0.4547,0.3753,0.3556,0.2652,0.3572,0.3881,0.4991,0.5629,0.3257,0.3149,0.2707,0.2936,0.3103,0.3814,0.4216,0.287,0.3571,0.372,0.5591,0.5673,0.304,0.2698,0.3414,0.3004,0.3202,0.4526,0.3475,0.3136,0.3717,0.4233,0.506,0.515,0.2752,0.2771,0.3359,0.2453,0.4057,0.3198,0.3743,0.2984,0.3876,0.43,0.382,0.4605,0.3133,0.2843,0.3055,0.3154,0.3394,0.3004,0.3837,0.3454,0.2474,0.3524,0.3561,0.4389,0.3204,0.2595,0.3016,0.1925,0.3175,0.4447,0.3549,0.3091,0.2638,0.4478,0.5046,0.3353,0.369,0.235,0.2623,0.2611,0.2766,0.23,0.2884,0.2626,0.2229,0.2847,0.4515,0.4411,0.2155,0.2431,0.1917,0.2597,0.2889,0.2997,0.3264,0.2807,0.2857,0.3771,0.3765,0.4268,0.2334,0.2411,0.2479,0.2259,0.2704,0.2362,0.3472,0.2325,0.3237,0.3911,0.3722,0.3487,0.2378,0.2037,0.2182,0.2321,0.3467,0.3553,0.2589,0.2224,0.2367,0.3068,0.4221,0.3338,0.3039,0.1892,0.2163,0.186,0.2316,0.225,0.2636,0.1684,0.1761,0.3016,0.3835,0.307,0.2078,0.2071,0.1871,0.1959,0.3255,0.3209,0.3524,0.2042,0.2333,0.3099,0.3328,0.3874,0.2239,0.1837,0.2949,0.2226,0.2716,0.3969,0.348,0.2751,0.3682,0.3469,0.4299,0.4329,0.2302,0.2219,0.1967,0.2379,0.2929,0.3055,0.3436,0.2424,0.2269,0.3058,0.3609,0.3878,0.2343,0.2941,0.3074,0.1678,0.2262,0.3556,0.3371,0.1974,0.2205,0.3032,0.3254,0.3186,0.207,0.3245,0.2406,0.1844,0.2332,0.3689,0.2542,0.2157,0.2319,0.3463,0.3542,0.4864,0.295,0.2213,0.1951,0.1899,0.2395,0.2605,0.3291,0.2428,0.234,0.3529,0.312,0.3542,0.4082,0.1638,0.2104,0.2071,0.2233,0.2262,0.2303,0.2893,0.1901,0.3136,0.4085,0.2856,0.2268,0.1766,0.1793,0.1878,0.2261,0.2208,0.241,0.1545,0.1839,0.2514,0.2804,0.3192,0.1913,0.1648,0.1921,0.2308,0.217,0.2153,0.1906,0.2528,0.2239,0.2299,0.2705,0.3093,0.1765,0.1616,0.1636,0.1616,0.2242,0.2759,0.2477,0.2819,0.2223,0.2991,0.3093,0.3079,0.2345,0.1893,0.2482,0.1604,0.2149,0.277,0.2331,0.2835,0.1922,0.3521,0.283,0.2771,0.2992,0.1474,0.1923,0.2752,0.1933,0.208,0.2962,0.2066,0.2352,0.2889,0.3123,0.3712,0.1913,0.2256,0.471,0.2993,0.206,0.1989,0.2403,0.1849,0.1601,0.2864,0.3545,0.2616,0.1599,0.1947,0.1691,0.181,0.249,0.194,0.2265,0.1657,0.1552,0.171,0.2406,0.2073,0.1525,0.1897,0.1559,0.1854,0.1541,0.194,0.1914,0.1987,0.1923,0.2235,0.2173
4,3,-,Bedding,0.3149,0.2876,0.3599,0.2234,0.2933,0.2456,0.2846,0.2142,0.251,0.391,0.3655,0.4408,0.3185,0.3418,0.3366,0.2063,0.2251,0.2825,0.2457,0.4255,0.2831,0.3049,0.4398,0.3859,0.268,0.2567,0.3009,0.2273,0.2767,0.2588,0.2512,0.1888,0.2823,0.2902,0.3863,0.3333,0.2825,0.3211,0.2908,0.2142,0.2239,0.2375,0.2883,0.3245,0.2099,0.3366,0.3434,0.3654,0.2639,0.2608,0.3362,0.211,0.2704,0.2541,0.2396,0.2292,0.2358,0.2925,0.2728,0.3764,0.327,0.2199,0.3902,0.1589,0.2526,0.1891,0.3097,0.1873,0.2665,0.3208,0.3255,0.4509,0.3123,0.3192,0.3124,0.1752,0.1944,0.3144,0.299,0.2037,0.2482,0.3298,0.2821,0.317,0.3221,0.25,0.2752,0.2227,0.1558,0.3051,0.2438,0.1834,0.1944,0.3115,0.3246,0.3344,0.2414,0.2897,0.2089,0.2308,0.1711,0.3235,0.2132,0.2425,0.3138,0.2645,0.295,0.3505,0.2398,0.1842,0.2128,0.2556,0.1867,0.2042,0.2441,0.1684,0.2111,0.278,0.3326,0.3531,0.2049,0.2175,0.2944,0.1513,0.2355,0.2141,0.2391,0.1817,0.1961,0.3368,0.2706,0.4211,0.251,0.2209,0.248,0.2294,0.2285,0.3416,0.3089,0.2035,0.2067,0.3382,0.3262,0.3603,0.2458,0.2722,0.2781,0.1994,0.2542,0.2302,0.2743,0.2325,0.2658,0.4855,0.3119,0.3444,0.2402,0.2227,0.2103,0.2316,0.2741,0.2524,0.2614,0.2252,0.2854,0.3196,0.377,0.299,0.2626,0.3912,0.4539,0.1678,0.2726,0.2771,0.2662,0.1992,0.2347,0.2984,0.4253,0.3066,0.2622,0.253,0.3215,0.234,0.2793,0.2412,0.323,0.2614,0.2694,0.3116,0.2917,0.3733,0.2413,0.2128,0.2306,0.209,0.2317,0.2524,0.3042,0.2718,0.2722,0.3837,0.3264,0.363,0.2911,0.2394,0.2088,0.1869,0.2081,0.2106,0.289,0.2183,0.2872,0.2842,0.4171,0.3532,0.3804,0.2259,0.2838,0.2571,0.2449,0.219,0.3292,0.2239,0.2322,0.3103,0.4152,0.3499,0.3192,0.2489,0.3062,0.2245,0.2825,0.2286,0.2715,0.2379,0.319,0.2789,0.32,0.3535,0.2486,0.2245,0.2714,0.156,0.2909,0.4194,0.3054,0.2569,0.2883,0.6017,0.3907,0.3835,0.338,0.2729,0.2718,0.2106,0.2768,0.3296,0.3545,0.2899,0.2559,0.3241,0.3823,0.3004,0.278,0.2098,0.2519,0.2295,0.2113,0.2344,0.2646,0.2728,0.2676,0.3057,0.3347,0.3459,0.2417,0.1885,0.1733,0.1663,0.2845,0.2588,0.3677,0.1862,0.2082,0.2911,0.3747,0.3963,0.3544,0.2365,0.245,0.2107,0.2449,0.3332,0.3692,0.2293,0.2473,0.2753,0.3228,0.3238,0.2209,0.1552,0.2792,0.2324,0.2465,0.2556,0.3288,0.2363,0.2045,0.2943,0.3478
4,4,-,Housework miscellaneous goods,0.7432,0.7132,0.7613,0.7931,0.8186,0.7358,0.8273,0.7458,0.7856,0.7934,0.7962,0.935,0.7157,0.7484,0.7196,0.8125,0.7595,0.8096,0.7529,0.7782,0.7797,0.7545,0.7822,0.9627,0.7693,0.6754,0.741,0.7613,0.8066,0.8389,0.7678,0.7771,0.7464,0.7656,0.7997,0.9375,0.7157,0.7058,0.6944,0.6868,0.7271,0.7256,0.7796,0.7265,0.6945,0.7156,0.7931,0.9408,0.7186,0.6556,0.6657,0.6542,0.7114,0.717,0.7164,0.6806,0.705,0.6816,0.7053,0.8381,0.6894,0.6314,0.6608,0.6717,0.711,0.7324,0.7274,0.7138,0.6927,0.742,0.7493,0.8581,0.649,0.6239,0.6469,0.6693,0.697,0.6983,0.7382,0.7286,0.672,0.6698,0.7573,0.9218,0.7265,0.6702,0.6905,0.649,0.6899,0.7534,0.7201,0.7195,0.7167,0.6957,0.7442,0.8406,0.6733,0.6805,0.6856,0.6823,0.7382,0.7703,0.7856,0.7141,0.7149,0.6861,0.7915,0.9051,0.6866,0.645,0.7229,0.7423,0.7856,0.7236,0.7437,0.7633,0.6965,0.7297,0.7684,0.9406,0.7084,0.6938,0.6881,0.7117,0.762,0.7479,0.7624,0.7196,0.6791,0.7282,0.7526,0.8856,0.7151,0.6526,0.7287,0.7561,0.8147,0.854,0.812,0.7447,0.7637,0.7388,0.7633,0.8989,0.8106,0.7078,0.7326,0.6895,0.7287,0.7616,0.8062,0.767,0.7473,0.7641,0.7857,0.9023,0.7137,0.63,0.7101,0.6919,0.7519,0.7668,0.7379,0.7455,0.7107,0.6705,0.7355,0.8579,0.7106,0.6474,0.7984,0.613,0.7763,0.7097,0.7264,0.7522,0.6969,0.7211,0.7718,0.8798,0.7625,0.6912,0.7299,0.7132,0.8061,0.7575,0.7527,0.7917,0.7149,0.7114,0.7502,0.9109,0.7741,0.652,0.7681,0.7045,0.793,0.7504,0.7754,0.7458,0.6881,0.7203,0.7454,0.8939,0.7785,0.6956,0.731,0.7035,0.7935,0.7314,0.7976,0.7848,0.7329,0.6936,0.7791,0.9384,0.7494,0.6637,0.7572,0.7907,0.7636,0.7678,0.7897,0.7071,0.7719,0.7376,0.7387,0.8962,0.824,0.6828,0.7644,0.7478,0.762,0.7285,0.8044,0.7617,0.8453,0.7212,0.7856,0.8725,0.7511,0.7559,0.7412,0.7013,0.9301,0.9828,0.9086,0.926,0.8704,0.8127,0.817,1.0422,0.8941,0.8271,0.8254,0.7942,0.8169,0.8702,0.8722,0.8356,0.824,0.7695,0.8429,0.9234,0.7717,0.7019,0.7902,0.7711,0.812,0.7992,0.8138,0.8166,0.8043,0.7748,0.8257,0.9567,0.7718,0.6855,0.7274,0.7506,0.7632,0.7567,0.8575,0.7661,0.7245,0.7097,0.8323,0.9289,0.8491,0.745,0.8098,0.7312,0.7967,0.796,0.7957,0.8179,0.7699,0.6749,0.8419,0.8887,0.743,0.6919,0.7656,0.7691,0.8052,0.7972,0.8407,0.7988,0.7262,0.7531,0.8127
4,5,-,Housework consumables,0.5122,0.6234,0.5967,0.6255,0.7438,0.8302,0.853,0.7742,0.7397,0.6921,0.7091,0.7509,0.5173,0.5737,0.5816,0.6276,0.7371,0.8691,0.8452,0.7822,0.7716,0.6969,0.6808,0.786,0.5317,0.6125,0.6244,0.6242,0.7723,0.8451,0.8223,0.7905,0.7457,0.6928,0.6734,0.7847,0.557,0.6744,0.663,0.6681,0.8201,0.8624,0.862,0.8088,0.7518,0.7753,0.6991,0.8074,0.5556,0.637,0.6045,0.6441,0.7601,0.8442,0.8281,0.7567,0.737,0.7163,0.6966,0.7878,0.5567,0.616,0.61,0.634,0.7593,0.8408,0.8553,0.7723,0.7371,0.7093,0.696,0.759,0.5563,0.6388,0.6194,0.6504,0.774,0.9045,0.8805,0.8015,0.7833,0.7214,0.7117,0.8268,0.6024,0.6434,0.6439,0.662,0.7772,0.9038,0.9162,0.8165,0.781,0.73,0.7591,0.7982,0.5593,0.6888,0.6776,0.6888,0.8392,0.9009,0.916,0.8432,0.8105,0.7725,0.7796,0.8541,0.6159,0.695,0.6998,0.7247,0.9022,0.9595,0.9492,0.8843,0.8722,0.7815,0.7705,0.831,0.632,0.6957,0.6588,0.705,0.8539,0.9624,0.9812,0.8747,0.8498,0.8026,0.7579,0.8388,0.6363,0.7481,0.8082,0.7349,0.9317,1.0511,1.0063,0.9067,0.9011,0.8085,0.8123,0.8702,0.6781,0.725,0.7027,0.7316,0.9079,0.9963,0.9806,0.9268,0.9092,0.8412,0.8113,0.8787,0.6766,0.7348,0.7477,0.7707,0.9389,1.0808,0.9941,0.9401,0.8846,0.8477,0.8578,0.8528,0.6992,0.8105,1.0589,0.6391,0.9344,1.0598,1.0685,0.9861,0.9214,0.8722,0.8681,0.9105,0.7021,0.7748,0.7696,0.8337,1.0135,1.0601,1.06,0.9806,0.9526,0.9363,0.9302,1.0067,0.7777,0.8644,0.8638,0.8586,1.1159,1.1425,1.1411,1.0588,1.0115,0.9977,0.9419,1.0098,0.7996,0.8644,0.8418,0.9178,1.0765,1.1016,1.1522,1.1045,1.0513,0.9644,0.963,1.0172,0.8094,0.8802,0.8927,0.9489,1.0714,1.1564,1.1313,1.0182,1.0469,1.0004,0.9824,1.0025,0.8426,0.9247,0.9173,0.9262,1.0568,1.198,1.1534,1.0883,1.4175,0.8932,0.9747,1.071,0.8995,1.2597,1.2012,1.3358,1.4614,1.4191,1.4241,1.3692,1.2636,1.134,1.1901,1.2473,1.1137,1.1242,1.0355,1.1042,1.3097,1.4265,1.3869,1.3805,1.2823,1.1667,1.1457,1.1595,1.0278,1.0997,1.0616,1.0653,1.2145,1.341,1.315,1.2332,1.2712,1.1382,1.1743,1.188,0.9766,1.0554,1.0305,1.0968,1.2701,1.3794,1.3733,1.2382,1.2528,1.1938,1.2205,1.226,1.0775,1.1152,1.1374,1.1446,1.2903,1.4451,1.3811,1.3547,1.3002,1.2164,1.2405,1.2276,1.0566,1.0695,1.1158,1.1123,1.2338,1.4166,1.3428,1.2794,1.2572,1.2227,1.2124
4,6,-,housekeeping services,0.2874,0.2883,0.2565,0.2825,0.3247,0.3639,0.3758,0.3874,0.3157,0.3467,0.3214,0.3274,0.2939,0.2915,0.2677,0.3052,0.3543,0.4688,0.3892,0.3643,0.3162,0.3625,0.2987,0.332,0.25,0.3251,0.2409,0.3151,0.3021,0.3386,0.3795,0.3467,0.3009,0.3276,0.3569,0.3426,0.2862,0.2749,0.2622,0.273,0.3266,0.3075,0.3716,0.3308,0.3604,0.3296,0.294,0.3102,0.2632,0.3099,0.3189,0.336,0.3657,0.371,0.3592,0.3069,0.2748,0.3167,0.3176,0.3425,0.2257,0.2882,0.264,0.2825,0.2722,0.3482,0.3386,0.3243,0.3443,0.3285,0.3029,0.2968,0.2257,0.2628,0.2566,0.2733,0.317,0.3664,0.3674,0.3763,0.3514,0.3224,0.3214,0.33,0.2742,0.2768,0.2118,0.2733,0.3223,0.3354,0.3669,0.305,0.3123,0.3098,0.355,0.2918,0.2408,0.277,0.2547,0.2848,0.3013,0.3369,0.4427,0.3476,0.34,0.3413,0.3199,0.3546,0.2625,0.2481,0.2675,0.2817,0.332,0.3863,0.4178,0.3729,0.3417,0.3506,0.3027,0.3466,0.2912,0.3071,0.3184,0.3087,0.2982,0.426,0.4105,0.3549,0.2996,0.2766,0.3508,0.3141,0.2241,0.3098,0.2936,0.2786,0.3444,0.3578,0.4174,0.3925,0.3178,0.3211,0.3562,0.3225,0.2515,0.258,0.2268,0.2769,0.3091,0.3462,0.3622,0.3237,0.315,0.3771,0.297,0.341,0.2426,0.2548,0.2467,0.2549,0.3549,0.3277,0.3555,0.3292,0.311,0.3385,0.3144,0.3295,0.2515,0.2521,0.2684,0.2989,0.3106,0.379,0.3496,0.3654,0.3114,0.3084,0.2812,0.3075,0.2005,0.2503,0.2607,0.2656,0.272,0.37,0.2949,0.2796,0.37,0.2748,0.3209,0.3076,0.2292,0.2528,0.2403,0.2318,0.3538,0.3691,0.378,0.3224,0.3223,0.3068,0.2876,0.2757,0.2281,0.2306,0.2138,0.2534,0.3091,0.3676,0.3166,0.3871,0.3039,0.3083,0.3447,0.3169,0.2413,0.2481,0.238,0.27,0.2919,0.3441,0.3317,0.2862,0.2853,0.312,0.3192,0.2697,0.2241,0.2352,0.2247,0.2255,0.3313,0.3254,0.3465,0.3165,0.3044,0.3429,0.3182,0.3046,0.2333,0.2348,0.2738,0.3068,0.4115,0.4235,0.3616,0.3582,0.2953,0.321,0.2849,0.3435,0.2446,0.2733,0.2218,0.2704,0.2683,0.453,0.3724,0.3117,0.2593,0.2982,0.3263,0.2683,0.1908,0.2478,0.2249,0.2151,0.349,0.3644,0.36,0.3452,0.3203,0.308,0.2595,0.2636,0.2012,0.2241,0.2018,0.2273,0.3491,0.3437,0.3624,0.3462,0.3053,0.3252,0.3862,0.3013,0.2346,0.2658,0.2372,0.2668,0.2948,0.4365,0.3747,0.3583,0.2726,0.3002,0.3333,0.3083,0.2419,0.2348,0.2509,0.2803,0.3388,0.3815,0.3755,0.2675,0.2859,0.3226,0.3338
5,-,-,clothing and footwear,6.331,4.9542,5.4768,5.3771,6.0642,5.7602,5.6019,4.2407,4.486,5.7844,5.6669,5.3706,5.7032,4.5843,5.4097,5.1666,5.2896,5.6629,5.3814,3.9402,4.3656,5.4032,5.8567,5.4392,5.5206,4.2803,5.4737,5.1801,5.254,5.8616,5.0361,3.7722,4.2688,5.2235,5.8158,5.0246,5.4811,4.3644,5.2295,4.7602,5.1356,5.1357,4.9358,3.6145,4.0042,5.3187,5.4135,5.1651,5.4459,4.2234,5.1392,4.6451,5.1683,4.7894,4.9839,3.4897,3.8383,5.1905,5.0228,4.6918,5.2088,3.7165,4.6866,4.8609,4.8194,5.3496,4.9497,3.5447,3.5843,5.1002,5.5733,5.0436,4.9033,3.6553,4.5629,4.3705,4.9381,5.0003,4.876,3.5972,3.995,4.9367,5.3447,4.9959,5.2177,4.0607,4.7101,4.4698,4.9091,5.1845,4.7961,3.6087,3.708,4.812,5.3876,4.5077,4.7878,3.8782,4.7363,4.3387,4.8444,4.5026,4.826,3.6187,3.7831,4.6366,5.3697,4.3466,4.9496,3.5321,4.559,4.291,4.7119,4.5788,4.3725,3.2488,3.7263,4.4891,5.0583,4.7578,4.7137,3.8057,4.3292,3.7777,4.6043,4.4449,4.5511,3.1378,3.5182,4.6898,4.6648,4.17,4.5807,3.5611,3.9651,4.032,4.5959,4.539,4.5307,3.3829,3.451,4.8049,5.1366,4.4955,4.9243,3.4892,4.2177,4.0782,4.31,4.4424,4.459,3.1905,3.3663,4.5149,5.3132,4.5623,4.5086,3.5961,4.4031,4.0804,4.69,4.7796,4.3705,3.3125,3.4668,4.5339,5.2306,4.4741,5.2452,3.3112,4.544,3.9458,4.8701,4.7729,4.2081,3.5747,3.5233,4.3773,5.2749,4.6284,4.707,3.5079,4.3954,4.3587,4.6702,4.268,4.3249,3.3257,3.6856,4.2454,4.7748,4.1366,4.6296,3.2809,4.1135,4.0158,4.9917,4.3381,4.1961,3.1183,3.236,4.3112,4.607,4.0413,4.819,3.2604,4.3163,4.1463,4.3423,3.9475,4.3736,3.0205,3.2965,4.2171,4.7209,4.0738,4.535,3.2491,4.48,4.0671,4.1286,4.045,3.8908,2.966,3.3365,3.8293,4.6634,4.2382,4.265,3.2835,4.2959,3.8192,4.1303,4.0107,3.7219,3.0814,3.5199,3.6343,4.4668,3.9713,4.2427,3.0633,3.4071,1.9405,3.0871,3.9386,3.2443,2.6701,2.8029,3.742,3.7292,3.5774,3.2749,2.7526,3.3806,3.1975,3.1349,3.53,3.3458,2.4674,2.6189,3.4132,4.0909,3.6232,3.2693,2.4305,3.4342,3.4652,3.4621,3.3599,3.2024,2.4892,2.7025,3.805,3.6884,3.6704,3.3824,2.6332,3.5481,3.2688,3.438,3.3563,3.6083,2.4181,2.2677,3.491,4.3615,3.4975,3.6961,2.9321,3.5876,3.5969,3.454,3.6399,3.3682,2.5917,2.6812,3.0456,3.7473,3.5008,3.3284,2.5431,3.3667,3.4785,3.5206,3.3143,3.284,2.6648,2.4171,3.3085,3.8754
5,1,-,Japanese clothes,0.3795,0.3282,0.0999,0.2165,0.2048,0.2993,0.2398,0.279,0.3933,0.1326,0.1774,0.2373,0.1318,0.4191,0.3416,0.1224,0.1049,0.1783,0.2533,0.2595,0.1412,0.246,0.235,0.2142,0.1874,0.1104,0.2355,0.1068,0.1123,0.3897,0.1489,0.1312,0.1645,0.16,0.1588,0.1421,0.3227,0.3111,0.2349,0.0546,0.0571,0.1145,0.3528,0.138,0.1317,0.1962,0.1689,0.2134,0.2191,0.1242,0.1888,0.2377,0.134,0.1152,0.2561,0.1133,0.0912,0.2665,0.3791,0.1267,0.098,0.0415,0.1973,0.1516,0.0663,0.2391,0.2141,0.0831,0.1447,0.1776,0.3491,0.3081,0.1259,0.0895,0.1436,0.0655,0.2431,0.0908,0.1697,0.0928,0.1248,0.2277,0.0873,0.1208,0.1434,0.1958,0.1757,0.0867,0.057,0.1522,0.1714,0.2074,0.0785,0.0953,0.233,0.0392,0.1778,0.1157,0.0515,0.0489,0.1531,0.0507,0.1324,0.2693,0.0817,0.1506,0.066,0.1101,0.1208,0.0695,0.1941,0.1257,0.0662,0.0505,0.0916,0.1327,0.0974,0.0302,0.0864,0.2661,0.0373,0.1838,0.0738,0.056,0.047,0.0412,0.2762,0.0654,0.1474,0.0988,0.0901,0.0294,0.0515,0.1269,0.1593,0.0314,0.0214,0.0489,0.115,0.1773,0.1085,0.2227,0.2315,0.018,0.0964,0.143,0.0494,0.0321,0.0455,0.0726,0.1105,0.1356,0.0866,0.0915,0.2261,0.0538,0.0132,0.0772,0.0452,0.0447,0.0864,0.1737,0.0769,0.0337,0.0762,0.1146,0.0669,0.0598,0.2252,0.0458,0.0504,0.0265,0.1234,0.1595,0.1384,0.0854,0.0679,0.0884,0.0446,0.0316,0.069,0.0602,0.039,0.0549,0.0391,0.0651,0.0606,0.0879,0.2074,0.0687,0.1292,0.0085,0.0167,0.0237,0.0432,0.0439,0.1146,0.0811,0.0899,0.0449,0.0498,0.028,0.0318,0.0606,0.0326,0.0921,0.1658,0.0463,0.0533,0.1503,0.2199,0.0228,0.0681,0.0074,0.0458,0.0304,0.0483,0.0584,0.0186,0.0829,0.0491,0.1577,0.0575,0.0557,0.0476,0.0196,0.0552,0.0207,0.0172,0.038,0.0259,0.0369,0.0502,0.0495,0.1476,0.027,0.1035,0.024,0.0438,0.0694,0.07,0.021,0.0729,0.0635,0.0048,0.0259,0.012,0.0358,0.096,0.019,0.0165,0.0568,0.0407,0.0261,0.009,0.0801,0.0082,0.1091,0.118,0.2018,0.0923,0.0067,0.0148,0.0498,0.008,0.0147,0.0228,0.1438,0.007,0.039,0.0761,0.0307,0.0502,0.0547,0.1035,0.061,0.0119,0.022,0.0208,0.004,0.0136,0.0272,0.0344,0.0276,0.0039,0.0142,0.1662,0.007,0.095,0.0475,0.0289,0.0124,0.0227,0.1709,0.1512,0.0454,0.0903,0.0134,0.0122,0.0145,0.0029,0.0341,0.0168,0.0599,0.0626,0.0762,0.0788,0.1153,0.0221,0.0209,0.0092
5,2,-,clothes,2.8551,2.1011,2.5431,2.0535,2.0949,1.8364,2.016,1.4639,1.5264,2.2944,2.3571,2.0973,2.5839,1.9275,2.4283,1.9726,1.8705,1.9818,1.8049,1.289,1.635,2.1534,2.4965,2.2745,2.3914,1.9189,2.4723,1.9392,1.7478,1.9915,1.7976,1.2705,1.5713,2.0912,2.5774,2.0446,2.4413,1.9193,2.4173,1.8948,1.8811,1.7478,1.6763,1.2257,1.4571,2.1127,2.2494,2.0801,2.4463,1.9013,2.4018,1.6508,1.8622,1.5095,1.7293,1.1722,1.3925,1.9546,1.9364,1.9419,2.2906,1.5866,2.1319,1.8814,1.6509,1.7169,1.682,1.1942,1.2584,2.0383,2.1703,1.898,2.1981,1.5006,2.1232,1.7013,1.686,1.6722,1.7155,1.3095,1.4726,1.9301,2.3429,2.0865,2.2879,1.8243,2.2149,1.826,1.7,1.7585,1.7165,1.1668,1.3573,1.9058,2.1931,1.8731,2.1519,1.6673,2.1762,1.692,1.7336,1.5985,1.6694,1.1616,1.4067,1.7712,2.3026,1.7414,2.3127,1.5652,2.1382,1.5839,1.6772,1.5416,1.4442,1.0479,1.2735,1.7301,2.0784,1.8358,2.1732,1.6587,2.0807,1.473,1.592,1.5078,1.4779,1.0721,1.2057,1.8533,1.9028,1.7052,1.9935,1.5629,1.8106,1.5214,1.5998,1.4616,1.554,1.0691,1.1818,1.8764,1.9563,1.7801,2.092,1.5031,1.9234,1.5589,1.4355,1.4547,1.515,1.0135,1.1781,1.7559,2.0923,1.8695,1.9409,1.6166,2.0711,1.5957,1.571,1.6113,1.539,1.1024,1.3118,1.8677,2.1871,1.8189,2.3149,1.4204,2.055,1.5264,1.6057,1.639,1.3853,1.2427,1.2444,1.725,2.2403,1.8802,2.1701,1.551,2.0666,1.6717,1.5941,1.445,1.5592,1.0829,1.3004,1.6785,1.9841,1.6952,2.045,1.4831,1.917,1.5014,1.7734,1.4228,1.4572,1.0853,1.1789,1.7549,1.8649,1.6176,2.1923,1.4119,2.0504,1.5179,1.5188,1.2883,1.5097,0.9949,1.1841,1.7573,1.9094,1.7069,2.0749,1.4562,2.1555,1.4152,1.482,1.3484,1.3674,1.0555,1.2961,1.6288,2.0638,1.8143,1.8887,1.4762,2.1221,1.3824,1.5228,1.4255,1.3419,1.1386,1.3266,1.5014,1.9342,1.6494,1.9845,1.4098,1.5752,0.6465,1.0372,1.3533,1.0952,0.8757,1.0502,1.5873,1.56,1.4854,1.4681,1.2196,1.571,1.1729,1.0901,1.1522,1.0997,0.7043,0.8929,1.4064,1.8312,1.5479,1.4889,1.0993,1.5941,1.2482,1.1853,1.1268,1.0557,0.8739,1.0153,1.5503,1.5279,1.5339,1.4772,1.152,1.5971,1.2462,1.1664,1.1769,1.2114,0.8023,0.8057,1.4177,1.7695,1.4828,1.5891,1.3874,1.6382,1.3661,1.231,1.1296,1.1212,0.9123,0.897,1.1752,1.5992,1.5172,1.5397,1.0915,1.5072,1.2778,1.2104,1.0578,1.0331,0.844,0.8509,1.2565,1.7194
5,2,1,men's clothes,0.8859,0.663,0.849,0.5938,0.7075,0.642,0.5832,0.3539,0.399,0.62,0.771,0.7777,0.8494,0.6006,0.7964,0.6,0.6026,0.6869,0.4691,0.3266,0.4004,0.6664,0.8083,0.8285,0.6687,0.5459,0.853,0.6424,0.5555,0.7214,0.5398,0.2805,0.3943,0.6259,0.8716,0.6944,0.7679,0.5617,0.8324,0.6478,0.5864,0.5621,0.4569,0.3411,0.3723,0.6372,0.7351,0.7939,0.8099,0.5732,0.7517,0.4936,0.6464,0.5028,0.4808,0.28,0.3053,0.5623,0.6588,0.7198,0.7573,0.5121,0.6777,0.6223,0.5511,0.6356,0.5187,0.3481,0.27,0.6287,0.7472,0.6801,0.6924,0.4825,0.6948,0.6089,0.5433,0.5925,0.3821,0.3653,0.3207,0.545,0.8555,0.6939,0.7448,0.5818,0.7421,0.5766,0.5368,0.6283,0.4859,0.2767,0.3915,0.562,0.7828,0.7305,0.7001,0.4974,0.7,0.5098,0.5636,0.5196,0.488,0.3208,0.3162,0.4463,0.8154,0.5897,0.7278,0.3849,0.7039,0.4573,0.4886,0.4646,0.3904,0.254,0.2768,0.5177,0.6592,0.6381,0.6238,0.5234,0.785,0.4593,0.4766,0.4738,0.3737,0.3071,0.325,0.5664,0.6485,0.5281,0.5311,0.4548,0.6242,0.4091,0.4711,0.4876,0.3996,0.2507,0.2789,0.6131,0.6682,0.6029,0.6064,0.4081,0.628,0.4964,0.4481,0.4525,0.4243,0.258,0.306,0.5274,0.7517,0.6529,0.6008,0.5028,0.6709,0.4836,0.4579,0.5182,0.3757,0.2796,0.3128,0.5776,0.7265,0.6097,0.7594,0.4351,0.6916,0.4561,0.4967,0.5323,0.3757,0.3495,0.2507,0.4751,0.7921,0.6514,0.6459,0.4442,0.6565,0.5009,0.5097,0.4184,0.3601,0.2459,0.3296,0.5393,0.6572,0.5989,0.6947,0.5056,0.6069,0.4418,0.6064,0.4341,0.4035,0.2899,0.2669,0.5394,0.5955,0.5473,0.7055,0.4596,0.7038,0.4481,0.4992,0.4714,0.461,0.2754,0.3002,0.4854,0.6439,0.6062,0.6928,0.4288,0.7851,0.4303,0.4561,0.4476,0.3987,0.2725,0.3778,0.4428,0.7024,0.6032,0.654,0.4822,0.6858,0.3955,0.5294,0.4627,0.4007,0.3459,0.3749,0.4158,0.6073,0.5551,0.5686,0.4331,0.5564,0.1989,0.3155,0.4355,0.2945,0.2142,0.2901,0.4212,0.5088,0.5136,0.5217,0.351,0.5187,0.3438,0.3501,0.4138,0.3063,0.1913,0.2548,0.4486,0.5768,0.5507,0.5087,0.3602,0.5878,0.3767,0.3483,0.3406,0.3196,0.2373,0.295,0.5033,0.5008,0.5391,0.5387,0.3868,0.5362,0.4223,0.3763,0.38,0.4242,0.2466,0.2212,0.4292,0.6207,0.5223,0.5925,0.4981,0.6134,0.4657,0.466,0.372,0.3214,0.3022,0.2361,0.3221,0.5597,0.5808,0.5685,0.4113,0.5527,0.478,0.4303,0.3409,0.3471,0.272,0.2124,0.4256,0.6972
5,2,2,women's clothes,1.5903,1.1649,1.3974,1.1704,1.1395,0.9985,1.1615,0.9171,0.8942,1.2934,1.2654,1.0379,1.3684,1.0552,1.3392,1.0829,1.0435,1.0736,1.0832,0.7829,0.9842,1.1902,1.3766,1.1396,1.4196,1.1178,1.3306,1.0571,0.9676,1.0742,1.0418,0.8022,0.9397,1.1525,1.3544,1.0429,1.3159,1.1252,1.273,0.9842,1.0778,0.9868,0.9909,0.7179,0.8547,1.1479,1.2145,0.9799,1.2497,1.0677,1.3592,0.9435,0.9855,0.8155,1.0194,0.7122,0.8837,1.0698,1.0059,0.9495,1.216,0.8513,1.2022,1.0301,0.9084,0.894,0.9503,0.687,0.8215,1.1491,1.1389,0.9393,1.17,0.8177,1.1936,0.8706,0.9325,0.8788,1.08,0.7833,0.9144,1.0642,1.1614,1.0685,1.2133,0.9833,1.1982,1.0061,0.944,0.9437,1.0256,0.7347,0.8033,1.0354,1.107,0.8949,1.0964,0.9408,1.2014,0.9723,0.9798,0.8775,0.9609,0.678,0.8819,1.0442,1.1669,0.8915,1.2575,0.9581,1.169,0.9127,0.9663,0.8801,0.8605,0.642,0.7863,0.9583,1.1179,0.9385,1.2178,0.9132,1.0632,0.8367,0.9145,0.8564,0.8865,0.633,0.7052,0.9954,0.9764,0.9104,1.1667,0.8819,0.9527,0.8873,0.9219,0.7882,0.9463,0.6645,0.7111,0.9503,0.99,0.8943,1.126,0.8837,1.0667,0.828,0.7936,0.8161,0.9001,0.6223,0.6925,0.9738,1.0443,0.9364,1.0546,0.9172,1.1418,0.9189,0.9109,0.8993,0.9787,0.6696,0.8137,1.0063,1.1601,0.9679,1.2337,0.7993,1.1345,0.8685,0.881,0.9014,0.8202,0.7029,0.7917,0.9602,1.1457,0.9583,1.2479,0.8775,1.1921,0.9235,0.87,0.8591,0.9948,0.6876,0.7805,0.9093,1.0371,0.865,1.0791,0.8081,1.0891,0.8465,0.9644,0.8235,0.8584,0.6452,0.7165,0.9193,0.9736,0.8302,1.1599,0.7654,1.1056,0.8512,0.8016,0.673,0.8614,0.5801,0.7106,1.0043,0.9897,0.8769,1.1018,0.849,1.1201,0.7744,0.8514,0.7379,0.7968,0.6448,0.724,0.9625,1.0963,0.9561,1.0022,0.7757,1.1769,0.787,0.8295,0.8162,0.7926,0.6527,0.7804,0.8471,1.0446,0.8529,1.153,0.7765,0.8169,0.3527,0.5226,0.7369,0.6531,0.5442,0.5714,0.879,0.813,0.7651,0.7604,0.6936,0.8493,0.6487,0.5977,0.5847,0.6642,0.4032,0.4957,0.745,1.041,0.7941,0.8155,0.5987,0.8439,0.6847,0.6844,0.6667,0.6092,0.5249,0.5601,0.8084,0.8379,0.7875,0.7784,0.6208,0.8687,0.6648,0.6445,0.6826,0.6605,0.4421,0.4499,0.7934,0.9274,0.7808,0.8198,0.7336,0.8396,0.7236,0.6279,0.6159,0.684,0.5066,0.5327,0.6837,0.8203,0.739,0.8052,0.5339,0.7703,0.6328,0.6233,0.5975,0.5793,0.4615,0.5214,0.6126,0.8121
5,2,3,children's clothes,0.3789,0.2728,0.2967,0.2893,0.2479,0.1959,0.2711,0.1929,0.2331,0.3813,0.3204,0.2814,0.3658,0.2717,0.2927,0.2898,0.2244,0.2213,0.253,0.1795,0.2504,0.2967,0.3116,0.3067,0.3031,0.2549,0.2885,0.2398,0.225,0.1962,0.216,0.1878,0.2373,0.3125,0.3514,0.3073,0.3575,0.2324,0.3116,0.2631,0.2169,0.1988,0.2285,0.1667,0.2301,0.3273,0.3002,0.3066,0.3864,0.2601,0.2909,0.2138,0.2304,0.1912,0.2293,0.18,0.2032,0.3224,0.2717,0.2725,0.3174,0.2232,0.2521,0.2294,0.1914,0.1873,0.2127,0.1595,0.1669,0.2609,0.2838,0.2786,0.3357,0.2004,0.2346,0.2218,0.2105,0.2008,0.2538,0.1609,0.2372,0.321,0.326,0.3241,0.3299,0.2592,0.2743,0.2432,0.2193,0.1864,0.2051,0.1554,0.1627,0.3084,0.3034,0.2477,0.355,0.2288,0.2748,0.2099,0.1905,0.2015,0.2205,0.1625,0.2086,0.2806,0.3203,0.2606,0.327,0.2218,0.2652,0.2135,0.2227,0.1969,0.1929,0.1519,0.21,0.254,0.301,0.259,0.3316,0.2221,0.2325,0.177,0.2009,0.1779,0.218,0.1316,0.1754,0.2915,0.278,0.2667,0.2953,0.2258,0.2336,0.2249,0.2068,0.1862,0.2082,0.1539,0.1918,0.3127,0.2981,0.2829,0.3596,0.2117,0.2287,0.2345,0.1938,0.1861,0.1906,0.1332,0.1796,0.2547,0.2962,0.2802,0.2855,0.1969,0.2587,0.1932,0.2019,0.1941,0.1846,0.1532,0.1853,0.2842,0.3005,0.2413,0.3218,0.186,0.229,0.2022,0.2281,0.2053,0.1898,0.1903,0.202,0.29,0.3029,0.2705,0.2764,0.2293,0.2179,0.2473,0.2144,0.1679,0.2043,0.1497,0.1903,0.2295,0.2898,0.2313,0.2712,0.169,0.221,0.2131,0.203,0.1656,0.1956,0.1498,0.1954,0.2961,0.2957,0.2399,0.3269,0.1865,0.2413,0.2186,0.218,0.1436,0.1877,0.1398,0.1734,0.2673,0.2755,0.2238,0.2803,0.1785,0.2503,0.2102,0.1745,0.1629,0.1718,0.1381,0.1943,0.2235,0.2651,0.2551,0.2325,0.2186,0.2596,0.1999,0.1638,0.1466,0.1486,0.1397,0.171,0.2385,0.2823,0.2415,0.2633,0.2002,0.2019,0.0948,0.1996,0.1809,0.1472,0.1172,0.1886,0.2875,0.2382,0.2067,0.186,0.1751,0.203,0.1804,0.1427,0.1537,0.1296,0.1099,0.1425,0.2131,0.2133,0.203,0.1647,0.14,0.1624,0.1869,0.1526,0.1192,0.1265,0.1117,0.1601,0.2386,0.1895,0.2072,0.1601,0.1447,0.1925,0.1587,0.1452,0.1143,0.1271,0.1136,0.135,0.1954,0.221,0.1797,0.1769,0.1558,0.1848,0.1768,0.1371,0.1413,0.1158,0.1035,0.1281,0.1694,0.2196,0.1974,0.1659,0.1463,0.1839,0.167,0.1572,0.1192,0.1066,0.1105,0.1171,0.2183,0.21
5,3,-,Shirts/Sweaters,1.2166,0.8825,0.9757,1.0746,1.3676,1.357,1.3514,0.9416,0.8952,1.2229,1.0379,0.985,1.0174,0.7589,0.8673,1.0797,1.3092,1.3543,1.3858,0.9098,0.9223,1.0538,1.0287,0.9354,1.0337,0.7931,0.9707,1.1086,1.2286,1.3623,1.2211,0.9113,0.9204,1.0266,0.9788,0.9033,1.0099,0.7335,0.9051,0.9966,1.2407,1.2864,1.2062,0.8823,0.8818,1.0745,1.0328,0.9492,1.0359,0.8076,0.9205,1.0191,1.2585,1.2569,1.3175,0.8839,0.8605,1.1314,0.9454,0.9113,1.0816,0.7173,0.7854,1.014,1.2049,1.3866,1.3071,0.9163,0.792,1.0825,1.0843,0.8936,0.9572,0.6663,0.8061,0.8908,1.1239,1.2869,1.2712,0.8672,0.8851,1.038,0.9761,0.9177,1.0429,0.7285,0.782,0.8749,1.2025,1.3486,1.1984,0.8222,0.7934,1.0374,1.0027,0.8778,0.9379,0.7041,0.8347,0.8597,1.0867,1.1367,1.2605,0.8277,0.7902,0.9797,0.9745,0.7793,0.9096,0.6559,0.6817,0.8406,1.0405,1.1524,1.1113,0.7939,0.8217,0.9858,0.9191,0.8399,0.8663,0.6743,0.6975,0.7493,1.0983,1.0872,1.1039,0.7527,0.7288,0.9533,0.8796,0.7465,0.9004,0.592,0.6382,0.8638,1.0921,1.1696,1.1562,0.7656,0.7507,1.0136,1.012,0.8184,0.9964,0.6011,0.7172,0.8439,1.0361,1.103,1.1571,0.7572,0.7356,0.933,0.9665,0.812,0.9462,0.646,0.7816,0.8775,1.1156,1.167,1.159,0.8158,0.7293,0.9285,0.9666,0.8094,1.0085,0.5836,0.7703,0.8625,1.1647,1.0865,1.1067,0.816,0.8186,0.9245,1.0254,0.8196,0.8546,0.6829,0.773,0.8906,1.1092,1.0955,1.0839,0.7546,0.806,0.904,0.8881,0.7569,0.8816,0.5749,0.6979,0.8713,1.1635,1.1165,1.0339,0.7328,0.6982,0.9154,0.8392,0.7266,0.8913,0.5862,0.6743,0.9164,1.015,0.9479,1.0204,0.696,0.7087,0.8622,0.9017,0.7087,0.776,0.5632,0.7307,0.8678,0.9235,0.9543,0.9358,0.679,0.6694,0.7807,0.8195,0.6912,0.7555,0.528,0.7071,0.8146,0.9445,0.9513,0.8444,0.7171,0.6543,0.7116,0.8312,0.6858,0.687,0.495,0.5547,0.2952,0.6674,0.9551,0.7546,0.5999,0.5707,0.7894,0.7104,0.5711,0.5277,0.471,0.5901,0.6713,0.7329,0.8614,0.8061,0.5168,0.533,0.7188,0.6909,0.6141,0.5215,0.4017,0.5943,0.7461,0.836,0.8162,0.7413,0.5321,0.5498,0.8023,0.6624,0.6251,0.5792,0.4419,0.6718,0.7246,0.826,0.8256,0.8501,0.5495,0.4718,0.8057,0.8138,0.5896,0.6467,0.4516,0.6429,0.7734,0.8418,0.8851,0.7627,0.563,0.5761,0.6703,0.7143,0.5544,0.5319,0.4471,0.6037,0.7568,0.8719,0.7951,0.7965,0.637,0.5392,0.7427,0.7011
5,3,1,Shirts and sweaters for men,0.3679,0.2704,0.2639,0.3168,0.3963,0.5325,0.4447,0.2829,0.2274,0.3968,0.3123,0.3399,0.3399,0.2363,0.2374,0.3105,0.3965,0.5328,0.4528,0.2648,0.2546,0.3304,0.3075,0.3109,0.2949,0.2227,0.2639,0.3276,0.3908,0.5058,0.376,0.2647,0.2512,0.3197,0.313,0.2986,0.312,0.2173,0.2588,0.2888,0.3625,0.508,0.3594,0.2355,0.2329,0.3289,0.3088,0.3173,0.3044,0.2271,0.2651,0.2902,0.385,0.465,0.4365,0.2571,0.2102,0.3288,0.2738,0.307,0.3191,0.1979,0.2324,0.2863,0.3743,0.5503,0.4132,0.2651,0.2027,0.3342,0.3286,0.2913,0.2882,0.1837,0.2346,0.265,0.3403,0.5042,0.4009,0.2715,0.2134,0.3125,0.303,0.3012,0.3029,0.1961,0.222,0.2644,0.3755,0.526,0.3474,0.2557,0.2103,0.3239,0.2963,0.273,0.2569,0.1816,0.2361,0.2536,0.3176,0.4444,0.4196,0.2669,0.199,0.2696,0.3066,0.2582,0.2659,0.1695,0.2057,0.2487,0.3198,0.4242,0.3325,0.2447,0.2241,0.3058,0.2855,0.2625,0.2645,0.1999,0.2134,0.2097,0.3309,0.3953,0.3519,0.2263,0.2041,0.2842,0.266,0.2165,0.2517,0.1626,0.2062,0.2451,0.3342,0.4165,0.3749,0.2259,0.1989,0.291,0.3211,0.2691,0.2688,0.1702,0.1866,0.2457,0.3185,0.3777,0.3749,0.2339,0.186,0.2846,0.3039,0.2716,0.2796,0.1854,0.223,0.2444,0.3481,0.4061,0.3537,0.2512,0.191,0.2749,0.3044,0.2736,0.2956,0.1875,0.2325,0.2383,0.3824,0.3783,0.3232,0.2478,0.206,0.2887,0.3229,0.2804,0.2422,0.1946,0.2107,0.2669,0.3397,0.3782,0.3405,0.2301,0.2155,0.2702,0.2949,0.2363,0.2773,0.1642,0.2144,0.2616,0.3786,0.3752,0.3186,0.2027,0.1853,0.2639,0.2692,0.2487,0.2868,0.1865,0.1906,0.2845,0.3169,0.3322,0.3342,0.2101,0.1842,0.2648,0.2769,0.2229,0.2427,0.1626,0.2214,0.2523,0.2549,0.3303,0.3148,0.2151,0.1972,0.2249,0.2594,0.2071,0.2565,0.1471,0.2105,0.2404,0.3164,0.3297,0.2771,0.2501,0.1976,0.211,0.2572,0.2107,0.227,0.1454,0.1667,0.0858,0.2075,0.3416,0.254,0.1997,0.1397,0.2416,0.2092,0.1854,0.1669,0.1256,0.1717,0.1996,0.2498,0.3123,0.2544,0.1946,0.1391,0.2156,0.2047,0.2096,0.1595,0.1159,0.2005,0.2174,0.26,0.2832,0.2671,0.1821,0.163,0.2433,0.1895,0.1899,0.1807,0.1602,0.1938,0.2323,0.2744,0.3335,0.3248,0.2084,0.1435,0.2321,0.2293,0.1939,0.2056,0.1276,0.1967,0.2327,0.2869,0.3222,0.2863,0.2111,0.1882,0.1949,0.2088,0.1857,0.1692,0.1408,0.1922,0.2465,0.3306,0.3179,0.2954,0.2452,0.1755,0.2262,0.2371
5,3,2,Women's shirts and sweaters,0.7474,0.5309,0.6176,0.6308,0.8436,0.7284,0.789,0.58,0.5795,0.7034,0.6347,0.568,0.583,0.4641,0.5296,0.6483,0.7981,0.732,0.8143,0.5746,0.5796,0.6301,0.6368,0.5448,0.6631,0.5115,0.6102,0.6711,0.7292,0.766,0.7387,0.5603,0.5775,0.6171,0.5887,0.5419,0.6169,0.4645,0.5509,0.6037,0.7598,0.6849,0.7377,0.5644,0.5547,0.6475,0.6356,0.5568,0.6429,0.5138,0.5635,0.6265,0.7674,0.6965,0.7554,0.5487,0.5745,0.6931,0.5917,0.528,0.6679,0.4592,0.4719,0.6141,0.7205,0.7341,0.784,0.5721,0.5147,0.641,0.6703,0.5275,0.5896,0.4239,0.4828,0.5302,0.6706,0.6844,0.7492,0.529,0.5857,0.6217,0.5787,0.5323,0.652,0.4715,0.4873,0.5298,0.7196,0.7352,0.7564,0.502,0.5184,0.6054,0.6258,0.5349,0.599,0.4622,0.5173,0.5069,0.6723,0.6072,0.742,0.4843,0.5117,0.6134,0.5752,0.4576,0.5833,0.4315,0.403,0.4955,0.6276,0.6359,0.6907,0.4811,0.5243,0.5907,0.5451,0.5126,0.5392,0.4197,0.4131,0.4637,0.6679,0.6185,0.6643,0.4619,0.463,0.5793,0.5436,0.4706,0.5744,0.3746,0.3611,0.5343,0.667,0.6817,0.6952,0.4837,0.4885,0.6271,0.6104,0.4807,0.6457,0.3801,0.4627,0.5051,0.6356,0.6534,0.7084,0.4657,0.4916,0.5798,0.5863,0.4836,0.5898,0.4107,0.4782,0.5592,0.68,0.6885,0.7284,0.5041,0.4681,0.5635,0.5756,0.4811,0.6406,0.3458,0.469,0.5438,0.6849,0.6272,0.6996,0.5005,0.5483,0.5541,0.6244,0.4799,0.5472,0.4423,0.4928,0.5255,0.6871,0.6536,0.6632,0.4681,0.5286,0.5549,0.5193,0.4525,0.5481,0.374,0.4201,0.5296,0.693,0.6659,0.6405,0.4748,0.4432,0.5749,0.4874,0.4167,0.5332,0.3514,0.4226,0.5444,0.6112,0.5517,0.6078,0.4234,0.4676,0.5094,0.5408,0.4352,0.4753,0.355,0.4362,0.5302,0.5915,0.559,0.5575,0.3997,0.4129,0.4849,0.4839,0.4149,0.4481,0.3296,0.421,0.4888,0.5464,0.5544,0.5059,0.41,0.3975,0.4276,0.5033,0.4222,0.4116,0.304,0.3224,0.1728,0.3758,0.5228,0.4395,0.3394,0.3624,0.4659,0.4237,0.3428,0.3234,0.2979,0.3589,0.4039,0.4109,0.4818,0.4849,0.276,0.346,0.4333,0.4288,0.3581,0.3294,0.2524,0.3323,0.4575,0.5068,0.4746,0.4115,0.3035,0.3324,0.4835,0.4074,0.3855,0.3633,0.2443,0.4112,0.4157,0.4772,0.4275,0.4703,0.294,0.2813,0.4944,0.5176,0.3514,0.4042,0.278,0.3815,0.4676,0.4936,0.4913,0.4355,0.3069,0.3355,0.4081,0.4291,0.3273,0.3293,0.2592,0.3508,0.4264,0.4746,0.4126,0.4498,0.343,0.3183,0.4474,0.4035
5,3,3,Children's shirts and sweaters,0.1014,0.0808,0.0945,0.1268,0.128,0.0958,0.1176,0.0787,0.0884,0.1226,0.0905,0.0771,0.0945,0.0586,0.1003,0.1209,0.1145,0.0895,0.1184,0.0704,0.088,0.0936,0.0844,0.0797,0.0754,0.0589,0.0969,0.1096,0.1082,0.0905,0.1064,0.0863,0.0917,0.0898,0.0771,0.0628,0.081,0.0517,0.0951,0.1041,0.1184,0.0936,0.1091,0.0824,0.0945,0.0981,0.0888,0.0752,0.0886,0.0667,0.0916,0.1023,0.106,0.0954,0.1256,0.0781,0.0755,0.1098,0.0799,0.0767,0.0947,0.0606,0.0808,0.1133,0.1102,0.1021,0.1099,0.0791,0.0746,0.1073,0.0853,0.0746,0.0798,0.0586,0.089,0.0956,0.113,0.0983,0.1208,0.0668,0.0857,0.1038,0.0944,0.0842,0.0877,0.0609,0.0724,0.0807,0.1078,0.087,0.0943,0.0645,0.0647,0.1081,0.0806,0.0702,0.0823,0.0605,0.0813,0.0991,0.0968,0.0851,0.0985,0.0766,0.0796,0.0967,0.0927,0.0632,0.06,0.0549,0.0731,0.0963,0.0932,0.092,0.088,0.0684,0.0733,0.0893,0.0885,0.0648,0.0627,0.0551,0.0706,0.0757,0.099,0.0734,0.0876,0.0644,0.0614,0.0898,0.07,0.0596,0.074,0.0548,0.0713,0.0844,0.0905,0.0711,0.0861,0.056,0.0633,0.0952,0.0808,0.0686,0.0823,0.0508,0.0678,0.0934,0.082,0.0719,0.0734,0.0577,0.0581,0.069,0.0763,0.0568,0.0768,0.05,0.0803,0.0736,0.0875,0.0727,0.0769,0.0604,0.0702,0.0905,0.0862,0.0547,0.0724,0.0499,0.0689,0.0804,0.0976,0.081,0.0838,0.0681,0.0643,0.0814,0.0781,0.0593,0.0652,0.0456,0.0696,0.0982,0.082,0.064,0.0806,0.0563,0.062,0.079,0.0739,0.0679,0.0559,0.0367,0.0635,0.0797,0.0919,0.0753,0.0748,0.0557,0.0696,0.0766,0.0827,0.0612,0.0716,0.0487,0.0611,0.0875,0.0869,0.064,0.0784,0.0624,0.0569,0.088,0.084,0.0506,0.058,0.0456,0.073,0.0852,0.0775,0.0646,0.0635,0.0643,0.0593,0.0709,0.0765,0.0692,0.051,0.0512,0.0757,0.0853,0.0818,0.0672,0.0615,0.0574,0.0595,0.0729,0.0703,0.0532,0.0481,0.046,0.0657,0.0366,0.0841,0.091,0.0611,0.0604,0.0689,0.0818,0.0779,0.0429,0.0373,0.0471,0.0594,0.0674,0.0722,0.0672,0.0672,0.0461,0.0475,0.0699,0.057,0.0463,0.0323,0.033,0.0612,0.0713,0.0692,0.0585,0.0624,0.0466,0.0544,0.0755,0.0657,0.0497,0.0351,0.0375,0.0668,0.0765,0.0744,0.0646,0.0547,0.0467,0.047,0.0791,0.0669,0.0443,0.0373,0.0461,0.0649,0.0734,0.0613,0.0716,0.0409,0.045,0.0521,0.0677,0.0765,0.0414,0.0334,0.0472,0.0604,0.0838,0.0671,0.0647,0.0514,0.0487,0.0455,0.0694,0.0608
5,4,-,Underwear,0.4909,0.45,0.3927,0.4059,0.5551,0.6101,0.5565,0.4407,0.4142,0.5547,0.5374,0.5828,0.5014,0.3888,0.3469,0.389,0.4588,0.5695,0.5407,0.4179,0.4106,0.4688,0.5262,0.582,0.4967,0.3715,0.3529,0.4203,0.5035,0.5494,0.5303,0.41,0.3791,0.4833,0.5842,0.5657,0.4539,0.3865,0.3586,0.3805,0.4579,0.5333,0.5032,0.3907,0.4025,0.4794,0.5012,0.5287,0.4315,0.3717,0.3248,0.3428,0.4561,0.5078,0.4937,0.388,0.3976,0.468,0.4458,0.473,0.4408,0.3381,0.3636,0.376,0.4368,0.5412,0.4936,0.3948,0.3543,0.4651,0.5229,0.572,0.4246,0.3727,0.2958,0.3257,0.4556,0.5327,0.4933,0.3811,0.3778,0.4347,0.4932,0.5426,0.3987,0.312,0.296,0.3384,0.4478,0.5129,0.4434,0.3672,0.3773,0.4633,0.5392,0.4809,0.3679,0.3397,0.3311,0.336,0.429,0.4128,0.4746,0.3854,0.3429,0.4086,0.5541,0.4891,0.3795,0.2785,0.2871,0.3362,0.4021,0.4462,0.4792,0.3337,0.362,0.4514,0.5142,0.5238,0.3785,0.2918,0.2856,0.2863,0.4157,0.4311,0.4694,0.345,0.3537,0.4937,0.481,0.4648,0.4146,0.2987,0.2861,0.3254,0.4458,0.4977,0.4928,0.3496,0.3411,0.4394,0.4908,0.5361,0.4193,0.2882,0.3051,0.3279,0.4022,0.4714,0.4751,0.3528,0.3311,0.4173,0.5282,0.5054,0.4046,0.2962,0.2812,0.3006,0.4349,0.4465,0.4425,0.3661,0.3096,0.3777,0.5298,0.485,0.3942,0.2629,0.3535,0.2995,0.4462,0.4696,0.442,0.364,0.3128,0.3822,0.4949,0.547,0.4016,0.2492,0.2705,0.3098,0.4245,0.4013,0.4182,0.3544,0.3132,0.3803,0.4582,0.4672,0.4267,0.2632,0.2675,0.3079,0.4375,0.4093,0.4625,0.3355,0.2976,0.3798,0.5088,0.4449,0.4093,0.2398,0.2685,0.3207,0.4088,0.3702,0.4663,0.3064,0.3103,0.3871,0.5195,0.4811,0.3794,0.2899,0.2589,0.3563,0.3957,0.3546,0.4234,0.3128,0.3377,0.3502,0.4782,0.4914,0.3941,0.2559,0.2871,0.3307,0.3928,0.3648,0.3642,0.3233,0.3909,0.3282,0.4552,0.4278,0.3803,0.2418,0.2228,0.1907,0.3643,0.4731,0.3724,0.3315,0.3135,0.3951,0.3817,0.4422,0.3488,0.2666,0.2515,0.3016,0.3476,0.395,0.3859,0.2678,0.2846,0.3433,0.4761,0.4117,0.3242,0.2028,0.2304,0.2979,0.3441,0.3543,0.3607,0.28,0.2708,0.3658,0.3885,0.395,0.3338,0.2333,0.2398,0.2696,0.3512,0.3626,0.405,0.2644,0.2523,0.3275,0.4165,0.3793,0.323,0.2458,0.246,0.3055,0.3386,0.3849,0.386,0.2871,0.2698,0.2946,0.3888,0.4058,0.3155,0.2117,0.2299,0.2938,0.3426,0.3663,0.3559,0.287,0.2566,0.3383,0.4242
5,4,1,men's underwear,0.1634,0.1483,0.1109,0.1286,0.1633,0.2053,0.1715,0.1406,0.1238,0.1924,0.2012,0.2117,0.1738,0.1318,0.1033,0.1281,0.1478,0.1926,0.1578,0.1296,0.1282,0.1629,0.1807,0.2156,0.1714,0.1221,0.1065,0.1305,0.1439,0.188,0.1641,0.1265,0.1127,0.159,0.1968,0.2156,0.1536,0.1205,0.1125,0.1105,0.1341,0.1827,0.1574,0.1194,0.1098,0.1551,0.1665,0.1971,0.1457,0.1116,0.0919,0.1032,0.1317,0.171,0.1421,0.1123,0.1183,0.1516,0.1522,0.1794,0.1496,0.1167,0.1043,0.1114,0.1305,0.188,0.1527,0.1155,0.1076,0.1566,0.1671,0.2101,0.1544,0.1054,0.0855,0.0911,0.1325,0.1795,0.1567,0.1147,0.1168,0.1327,0.1612,0.2012,0.138,0.0862,0.0899,0.099,0.1371,0.1729,0.1382,0.1223,0.1112,0.1488,0.175,0.1877,0.1314,0.1146,0.0905,0.0956,0.1315,0.1458,0.1515,0.1161,0.1009,0.1242,0.1963,0.1864,0.1307,0.0936,0.0869,0.0989,0.1184,0.1544,0.1386,0.1045,0.1021,0.1421,0.1812,0.2018,0.1329,0.0927,0.0875,0.084,0.1275,0.1591,0.1525,0.1081,0.1075,0.1465,0.1696,0.1722,0.1387,0.0982,0.088,0.1039,0.1441,0.1761,0.1653,0.1103,0.0922,0.1387,0.1723,0.2021,0.1469,0.0959,0.0816,0.0984,0.1198,0.1749,0.1723,0.1192,0.1035,0.1312,0.2045,0.1917,0.1447,0.0865,0.0892,0.094,0.1502,0.1615,0.1499,0.1209,0.0912,0.1307,0.1839,0.1911,0.1414,0.0851,0.0987,0.0887,0.1326,0.1631,0.1341,0.1053,0.0985,0.1306,0.1791,0.2133,0.1539,0.0809,0.0699,0.0912,0.1327,0.1277,0.1451,0.1164,0.086,0.1232,0.1599,0.1747,0.1552,0.0901,0.0754,0.1018,0.1327,0.1339,0.1482,0.1071,0.0865,0.1298,0.1813,0.1721,0.1504,0.0875,0.0809,0.0987,0.1229,0.1217,0.1375,0.0988,0.0874,0.1269,0.1907,0.1707,0.126,0.0922,0.0744,0.0982,0.1166,0.1132,0.1288,0.0844,0.0918,0.1047,0.1744,0.1734,0.1411,0.0793,0.0779,0.0867,0.1133,0.1192,0.1042,0.0975,0.0908,0.0973,0.1564,0.1431,0.1135,0.0655,0.0582,0.0564,0.1095,0.1476,0.0982,0.0966,0.0823,0.1115,0.1213,0.1663,0.1244,0.0808,0.0671,0.0797,0.1021,0.1206,0.1169,0.0855,0.0754,0.1124,0.1379,0.151,0.122,0.0632,0.0589,0.0798,0.09,0.1087,0.1108,0.0759,0.0733,0.1101,0.1161,0.1457,0.1117,0.0702,0.0675,0.0825,0.0974,0.1165,0.121,0.0843,0.0774,0.0868,0.1303,0.1323,0.1029,0.0804,0.0725,0.0871,0.0982,0.1285,0.1196,0.0817,0.0677,0.0857,0.1147,0.1409,0.0995,0.0647,0.0625,0.0761,0.0933,0.1154,0.1089,0.094,0.0709,0.0994,0.1394
5,4,2,women's underwear,0.2642,0.2515,0.2281,0.2162,0.3157,0.3403,0.3222,0.2497,0.2338,0.2917,0.277,0.3009,0.2687,0.2131,0.1924,0.2066,0.2497,0.3139,0.3217,0.248,0.2321,0.2454,0.2831,0.3006,0.2736,0.2113,0.1992,0.2317,0.2928,0.2916,0.3066,0.2376,0.2156,0.261,0.3192,0.2904,0.2537,0.2343,0.1964,0.2215,0.2636,0.2862,0.2982,0.2329,0.2517,0.2622,0.2746,0.2742,0.239,0.2204,0.1903,0.1947,0.268,0.2848,0.304,0.2385,0.2393,0.2588,0.2415,0.2427,0.2439,0.1858,0.2208,0.213,0.259,0.2898,0.2867,0.2472,0.212,0.2472,0.2958,0.3055,0.2298,0.2413,0.1691,0.1934,0.2691,0.2913,0.2877,0.228,0.2138,0.2447,0.275,0.2807,0.2152,0.1928,0.1719,0.1993,0.2623,0.2844,0.2555,0.2118,0.2324,0.2505,0.3101,0.2423,0.1985,0.1947,0.1939,0.1938,0.2429,0.2174,0.2728,0.2349,0.2068,0.2346,0.3024,0.2582,0.2131,0.1579,0.1642,0.1893,0.2283,0.2456,0.2954,0.1904,0.2172,0.2564,0.2789,0.2655,0.2093,0.1673,0.1597,0.1637,0.2344,0.221,0.2706,0.2032,0.2081,0.2811,0.2628,0.2394,0.2293,0.1722,0.1627,0.1791,0.2513,0.2637,0.285,0.2089,0.2081,0.244,0.2578,0.2716,0.2299,0.1609,0.185,0.1812,0.2365,0.2439,0.2587,0.2,0.1942,0.2354,0.2707,0.2639,0.2225,0.1809,0.1547,0.1646,0.2369,0.2346,0.2559,0.2143,0.1821,0.1951,0.2776,0.2404,0.2134,0.15,0.2113,0.1708,0.2627,0.2588,0.264,0.2237,0.1719,0.2045,0.2562,0.2696,0.2077,0.1355,0.1656,0.1684,0.2398,0.2304,0.236,0.2057,0.1867,0.2011,0.2437,0.2375,0.2285,0.149,0.1529,0.1621,0.2487,0.2333,0.269,0.1958,0.1715,0.1968,0.2525,0.221,0.2131,0.1281,0.1527,0.172,0.2328,0.2072,0.2797,0.1784,0.1823,0.2082,0.27,0.257,0.214,0.1672,0.1394,0.2082,0.2296,0.1988,0.252,0.1932,0.1994,0.1942,0.2395,0.26,0.2112,0.1456,0.1727,0.1936,0.23,0.2037,0.2222,0.189,0.2558,0.1816,0.2339,0.2268,0.2236,0.1468,0.1256,0.1015,0.1885,0.2773,0.2413,0.2044,0.1875,0.2194,0.2117,0.2235,0.1923,0.1537,0.153,0.1771,0.195,0.2278,0.2364,0.1541,0.1738,0.1766,0.292,0.2175,0.1699,0.1187,0.1383,0.1737,0.2103,0.2084,0.2173,0.1783,0.1623,0.2017,0.2294,0.2057,0.1913,0.1403,0.1391,0.1445,0.2109,0.2058,0.2467,0.1535,0.1463,0.1884,0.2251,0.2097,0.1921,0.1369,0.1399,0.1724,0.1991,0.2175,0.2375,0.1782,0.1712,0.1625,0.223,0.222,0.1826,0.1236,0.1335,0.171,0.2015,0.2116,0.2123,0.1678,0.1573,0.1887,0.2355
5,4,3,children's underwear,0.0633,0.0499,0.054,0.0611,0.0765,0.0645,0.0628,0.0503,0.0567,0.0708,0.0596,0.0702,0.0589,0.0439,0.0515,0.0543,0.0613,0.0629,0.0611,0.0403,0.05,0.0609,0.062,0.0658,0.0518,0.038,0.0472,0.0581,0.0668,0.0698,0.0596,0.0459,0.0504,0.0633,0.0681,0.0597,0.0465,0.0321,0.0497,0.0486,0.0602,0.0644,0.0476,0.0384,0.041,0.0617,0.0601,0.0574,0.0468,0.04,0.0425,0.0448,0.0563,0.0516,0.0473,0.0372,0.0397,0.0576,0.0518,0.0509,0.047,0.0356,0.0385,0.0516,0.0473,0.0634,0.0543,0.0321,0.0351,0.0613,0.0599,0.0564,0.0404,0.026,0.0408,0.0412,0.0541,0.062,0.0489,0.0383,0.0472,0.0573,0.0573,0.0604,0.0455,0.0334,0.0344,0.0399,0.0481,0.0556,0.0497,0.0331,0.0338,0.064,0.0544,0.0509,0.0381,0.0308,0.0467,0.0463,0.0545,0.0497,0.0503,0.0343,0.0352,0.0497,0.0555,0.0442,0.036,0.0271,0.036,0.0483,0.055,0.0462,0.0456,0.0388,0.0429,0.0528,0.0541,0.0565,0.0363,0.0314,0.0384,0.0387,0.0534,0.0506,0.0463,0.0337,0.0385,0.0665,0.0486,0.0532,0.0467,0.0284,0.0356,0.0424,0.0507,0.0579,0.0425,0.0305,0.0407,0.0564,0.0607,0.0625,0.0424,0.0314,0.0382,0.0484,0.0458,0.053,0.0441,0.0339,0.0337,0.0503,0.053,0.0498,0.0374,0.0287,0.0373,0.0421,0.0478,0.0509,0.0367,0.0313,0.036,0.0519,0.0683,0.0532,0.0394,0.0278,0.0434,0.0397,0.0508,0.0477,0.0439,0.0354,0.0421,0.0471,0.0596,0.0641,0.04,0.0328,0.035,0.0503,0.0524,0.0432,0.0371,0.0319,0.0408,0.0556,0.0545,0.055,0.0431,0.0245,0.0392,0.0435,0.0561,0.0421,0.0453,0.0329,0.0393,0.0532,0.0753,0.0518,0.0455,0.0242,0.0346,0.0497,0.0526,0.0409,0.0487,0.0293,0.0406,0.052,0.0584,0.0534,0.0394,0.0305,0.0455,0.0499,0.0491,0.0426,0.0427,0.0352,0.0464,0.0513,0.064,0.058,0.0418,0.031,0.0365,0.0505,0.0492,0.0419,0.0382,0.0368,0.0446,0.0493,0.0649,0.0579,0.0432,0.0298,0.0394,0.0328,0.0659,0.0482,0.033,0.0304,0.0434,0.0642,0.0488,0.0527,0.0321,0.0317,0.0313,0.0448,0.0505,0.0465,0.0325,0.0281,0.0354,0.0546,0.0466,0.0432,0.0323,0.0213,0.0335,0.0443,0.0438,0.0376,0.0326,0.0262,0.0349,0.054,0.0427,0.0436,0.0308,0.0224,0.0333,0.0426,0.0433,0.0399,0.0373,0.0269,0.0283,0.052,0.061,0.0373,0.0276,0.0282,0.0336,0.046,0.0413,0.0388,0.0292,0.0272,0.0313,0.0464,0.0511,0.0428,0.0334,0.0234,0.0342,0.0467,0.0478,0.0393,0.0347,0.0252,0.0284,0.0502,0.0493
5,5,-,Fabric/thread,0.0927,0.0922,0.0918,0.0796,0.1147,0.1193,0.0812,0.0916,0.0752,0.0821,0.1033,0.0958,0.1279,0.0865,0.093,0.0653,0.0752,0.0731,0.0881,0.0635,0.0708,0.1047,0.119,0.087,0.076,0.0936,0.0881,0.0762,0.1171,0.067,0.0719,0.0499,0.0575,0.0925,0.0789,0.0586,0.0914,0.0709,0.0876,0.053,0.0672,0.0662,0.0536,0.0592,0.0501,0.0964,0.0898,0.0729,0.0853,0.0642,0.0751,0.0565,0.0597,0.0583,0.0542,0.0445,0.0551,0.06,0.0657,0.0501,0.0635,0.0705,0.0582,0.068,0.0582,0.0556,0.0444,0.045,0.0607,0.056,0.0705,0.0598,0.0597,0.0995,0.0827,0.0531,0.0537,0.0637,0.0561,0.0418,0.0611,0.0584,0.0633,0.0516,0.0826,0.0638,0.0622,0.0585,0.0546,0.0517,0.0902,0.0986,0.0441,0.0522,0.0672,0.0515,0.0575,0.0645,0.0573,0.0579,0.0413,0.0525,0.0466,0.0402,0.0807,0.0683,0.0629,0.0445,0.0556,0.0669,0.0602,0.0535,0.0532,0.0606,0.0526,0.0378,0.0487,0.0685,0.0671,0.053,0.0565,0.0628,0.0541,0.046,0.0566,0.0546,0.0466,0.0355,0.0418,0.0536,0.0507,0.0474,0.0505,0.0709,0.0521,0.0489,0.054,0.0474,0.0396,0.039,0.0496,0.0504,0.0611,0.0463,0.0689,0.0665,0.0497,0.048,0.0479,0.0504,0.0522,0.0395,0.0562,0.0602,0.0541,0.0427,0.0509,0.0604,0.05,0.0483,0.0457,0.046,0.0384,0.0306,0.0438,0.0444,0.0508,0.0463,0.0518,0.0559,0.0553,0.0371,0.052,0.0506,0.0342,0.0393,0.053,0.0558,0.0571,0.0569,0.0438,0.0636,0.0513,0.0463,0.0447,0.0432,0.051,0.0361,0.0365,0.0432,0.0443,0.0386,0.0456,0.0526,0.0499,0.0382,0.0405,0.044,0.045,0.0311,0.0412,0.0422,0.0546,0.0386,0.0505,0.0545,0.0497,0.0487,0.0456,0.0465,0.0423,0.0467,0.0472,0.046,0.0501,0.0354,0.0414,0.0422,0.0465,0.0384,0.0441,0.0508,0.0512,0.0267,0.0398,0.0479,0.0434,0.0316,0.0405,0.0461,0.0462,0.0382,0.0389,0.0336,0.0503,0.0405,0.0376,0.0318,0.043,0.0345,0.0324,0.0467,0.0561,0.084,0.0627,0.0493,0.0536,0.0402,0.0419,0.0557,0.0509,0.0356,0.0459,0.0483,0.0491,0.0409,0.0338,0.0396,0.0336,0.0394,0.0362,0.0312,0.0379,0.0306,0.0299,0.0442,0.0335,0.0338,0.0334,0.0311,0.0361,0.0255,0.0327,0.0453,0.0301,0.0219,0.0395,0.0371,0.0313,0.0277,0.0304,0.0392,0.0252,0.0235,0.0269,0.0219,0.0349,0.0307,0.0425,0.0407,0.0336,0.0278,0.0265,0.0267,0.023,0.0198,0.026,0.0213,0.0284,0.023,0.0239,0.0282,0.0221,0.0224,0.0301,0.0271,0.0226,0.0185,0.0211,0.0274,0.0296
5,6,-,other clothing,0.4748,0.3891,0.371,0.3779,0.4592,0.4069,0.3492,0.2577,0.3181,0.4376,0.4954,0.5366,0.5247,0.3572,0.3695,0.383,0.3952,0.4244,0.3332,0.2632,0.3208,0.369,0.495,0.5409,0.4731,0.3287,0.3423,0.3797,0.3822,0.4091,0.3215,0.2393,0.2843,0.3899,0.5119,0.4808,0.4482,0.3259,0.3269,0.3294,0.3775,0.3664,0.2867,0.2316,0.3069,0.394,0.4629,0.4862,0.4776,0.2983,0.3176,0.312,0.3834,0.3686,0.303,0.2594,0.2727,0.3989,0.3839,0.4374,0.4587,0.3054,0.3132,0.342,0.3729,0.3884,0.3165,0.2419,0.2676,0.3618,0.445,0.5448,0.4222,0.2851,0.3025,0.3487,0.3547,0.3561,0.3038,0.2273,0.3016,0.3621,0.4677,0.5086,0.4402,0.3193,0.3154,0.334,0.3884,0.3685,0.2973,0.2311,0.275,0.3579,0.4915,0.4749,0.4331,0.3154,0.3462,0.3396,0.3762,0.3284,0.3211,0.2511,0.2807,0.3595,0.5117,0.457,0.4358,0.2857,0.3264,0.3584,0.4035,0.3513,0.3266,0.2282,0.2862,0.3732,0.4861,0.5037,0.4275,0.3124,0.3163,0.303,0.3748,0.3443,0.3218,0.2226,0.2862,0.3733,0.4528,0.4318,0.4658,0.2907,0.2926,0.3275,0.3701,0.3555,0.3174,0.2273,0.2707,0.3764,0.4685,0.5282,0.4539,0.3214,0.2995,0.3564,0.3793,0.3425,0.3135,0.2353,0.264,0.3831,0.5201,0.5266,0.4416,0.2954,0.297,0.3308,0.4144,0.3756,0.3065,0.2536,0.2494,0.3423,0.5369,0.4931,0.4561,0.3008,0.332,0.3101,0.4046,0.3581,0.2993,0.257,0.2721,0.3722,0.4785,0.5271,0.4392,0.291,0.2969,0.3328,0.3865,0.3317,0.3102,0.2507,0.261,0.3569,0.4362,0.4584,0.4196,0.268,0.2709,0.2941,0.3768,0.3048,0.2899,0.2135,0.24,0.3281,0.4327,0.4003,0.4408,0.2686,0.2702,0.3041,0.3462,0.2879,0.283,0.2058,0.2433,0.332,0.4687,0.4358,0.4021,0.2613,0.2991,0.3159,0.3178,0.3019,0.2936,0.2092,0.2389,0.2992,0.438,0.461,0.3638,0.2544,0.2784,0.3078,0.3141,0.3052,0.259,0.2362,0.2432,0.2886,0.4003,0.4359,0.343,0.262,0.218,0.1549,0.2532,0.3,0.245,0.2157,0.1927,0.2744,0.329,0.4032,0.3216,0.1992,0.2227,0.2561,0.2362,0.2739,0.251,0.1755,0.1858,0.261,0.3599,0.3786,0.3124,0.2059,0.2353,0.2598,0.2565,0.2579,0.2524,0.1738,0.1893,0.2849,0.3294,0.4151,0.3272,0.2149,0.2414,0.2524,0.2782,0.2562,0.2676,0.1736,0.1792,0.2547,0.3848,0.3772,0.3327,0.2226,0.229,0.2413,0.2642,0.2649,0.2533,0.195,0.2049,0.2129,0.3364,0.399,0.3116,0.2227,0.2208,0.245,0.2629,0.2535,0.2365,0.1873,0.1903,0.2506,0.3548
5,7,-,footwear,0.5339,0.4259,0.6471,0.6061,0.6326,0.6414,0.6567,0.4868,0.5566,0.5919,0.5455,0.5371,0.5704,0.3861,0.6028,0.6012,0.5946,0.6327,0.6313,0.4946,0.5884,0.5755,0.5442,0.5018,0.5514,0.4092,0.6393,0.6242,0.6062,0.6758,0.6224,0.4893,0.6002,0.5449,0.5489,0.5425,0.4573,0.3873,0.604,0.5681,0.5436,0.6252,0.5565,0.4456,0.5193,0.5705,0.5351,0.4873,0.4863,0.3973,0.5883,0.5218,0.5691,0.5703,0.536,0.4039,0.5015,0.5425,0.4771,0.4641,0.5276,0.3825,0.5299,0.5468,0.5815,0.6134,0.6015,0.454,0.4515,0.5707,0.5606,0.5046,0.4776,0.3864,0.5355,0.5549,0.5405,0.6143,0.5737,0.4523,0.5114,0.5694,0.5289,0.4907,0.5461,0.3948,0.5686,0.5323,0.5504,0.6041,0.6032,0.48,0.5216,0.5596,0.5611,0.4592,0.4564,0.4119,0.614,0.5594,0.5678,0.5739,0.608,0.4699,0.5383,0.5695,0.5731,0.4618,0.525,0.395,0.5768,0.5611,0.6462,0.5944,0.5984,0.4701,0.5925,0.5608,0.5767,0.4942,0.5371,0.4296,0.5697,0.521,0.5657,0.5902,0.5598,0.437,0.5327,0.5827,0.507,0.4954,0.537,0.3915,0.5204,0.563,0.6036,0.6046,0.5924,0.5131,0.5222,0.5497,0.58,0.4944,0.5485,0.3782,0.6059,0.5246,0.5592,0.6001,0.5676,0.4818,0.4991,0.5682,0.5859,0.5235,0.5482,0.4431,0.6221,0.5657,0.6049,0.6529,0.5848,0.4925,0.5308,0.5917,0.5885,0.5086,0.5891,0.4857,0.6383,0.5315,0.6168,0.6818,0.5815,0.5473,0.5624,0.5693,0.6244,0.5693,0.5651,0.4152,0.6483,0.6127,0.6295,0.6116,0.6289,0.5564,0.5574,0.5655,0.5833,0.5235,0.6004,0.457,0.6105,0.601,0.6685,0.6154,0.5973,0.4911,0.5428,0.5994,0.5568,0.5109,0.6192,0.4201,0.6125,0.6299,0.5918,0.5684,0.6075,0.5016,0.5413,0.5603,0.5444,0.4755,0.6389,0.3934,0.5962,0.6005,0.5933,0.5795,0.5565,0.4715,0.5216,0.4849,0.5473,0.5202,0.5551,0.4155,0.5966,0.5649,0.556,0.571,0.5191,0.4374,0.5748,0.5217,0.5517,0.5047,0.5342,0.3945,0.4873,0.2538,0.3928,0.5407,0.5242,0.431,0.4065,0.442,0.4754,0.4241,0.4202,0.368,0.4887,0.4268,0.4319,0.4752,0.4976,0.4058,0.3928,0.4525,0.4805,0.459,0.4743,0.3389,0.4976,0.4844,0.4852,0.4468,0.4539,0.4118,0.4545,0.4705,0.4746,0.4547,0.4751,0.3931,0.5391,0.5028,0.4971,0.4627,0.5565,0.4469,0.394,0.4765,0.5604,0.4558,0.5479,0.3959,0.5594,0.5148,0.4805,0.5461,0.4723,0.4091,0.4792,0.4333,0.4785,0.4378,0.4913,0.3786,0.5433,0.5465,0.4572,0.504,0.5368,0.4182,0.405,0.5207,0.4764
5,8,-,Clothing related services,0.2878,0.2856,0.3555,0.5628,0.6352,0.4898,0.3513,0.279,0.3066,0.468,0.4129,0.2988,0.2457,0.2601,0.3607,0.5532,0.4814,0.4492,0.3437,0.243,0.2768,0.4315,0.4123,0.3031,0.3103,0.2545,0.3726,0.5253,0.5562,0.4174,0.3225,0.2711,0.2918,0.4351,0.377,0.2874,0.2564,0.2298,0.2958,0.4831,0.5105,0.3956,0.3006,0.2412,0.2548,0.395,0.3731,0.3477,0.2639,0.2587,0.3226,0.504,0.4451,0.4032,0.2941,0.2249,0.2674,0.3686,0.3895,0.287,0.2479,0.2742,0.3075,0.4811,0.4476,0.4092,0.2901,0.2148,0.2551,0.3485,0.3706,0.2633,0.2379,0.2554,0.2735,0.4308,0.4803,0.3839,0.2928,0.2249,0.261,0.3159,0.385,0.2777,0.2759,0.2225,0.2953,0.4191,0.5085,0.3881,0.2757,0.2358,0.2604,0.3404,0.2995,0.2508,0.2056,0.2596,0.3254,0.4448,0.4564,0.3486,0.3134,0.2136,0.2622,0.3297,0.3248,0.2641,0.2107,0.2154,0.2945,0.4315,0.4234,0.382,0.2687,0.2045,0.2443,0.2891,0.3308,0.2412,0.2367,0.1926,0.2516,0.343,0.4546,0.3881,0.2959,0.2073,0.2212,0.2811,0.3005,0.2492,0.1677,0.2274,0.2055,0.351,0.4095,0.3536,0.2632,0.2411,0.2267,0.2773,0.3365,0.2737,0.249,0.187,0.2676,0.3865,0.4043,0.3473,0.2676,0.1752,0.2156,0.3061,0.3401,0.2289,0.163,0.1611,0.2549,0.317,0.4172,0.3062,0.2234,0.2182,0.2155,0.267,0.3041,0.2533,0.205,0.1557,0.2889,0.3522,0.4565,0.3274,0.2208,0.2226,0.1922,0.2599,0.3097,0.1971,0.1628,0.195,0.2497,0.4403,0.442,0.2747,0.2129,0.2033,0.2041,0.2482,0.2518,0.1882,0.1943,0.1587,0.2566,0.3581,0.4169,0.3442,0.2205,0.1842,0.1879,0.2639,0.3186,0.2415,0.1833,0.1868,0.2249,0.3626,0.3628,0.2883,0.2246,0.2458,0.1931,0.2651,0.2816,0.1996,0.1736,0.1845,0.3741,0.3899,0.3235,0.2978,0.205,0.1559,0.1858,0.218,0.2181,0.2077,0.2497,0.2695,0.2325,0.3444,0.3114,0.3099,0.1955,0.1613,0.1886,0.2271,0.2073,0.1637,0.211,0.1928,0.22,0.2516,0.3043,0.2411,0.187,0.1404,0.1319,0.1788,0.2052,0.159,0.1027,0.1541,0.1988,0.2481,0.2544,0.224,0.1543,0.156,0.2013,0.1929,0.1996,0.1315,0.1101,0.1233,0.2265,0.2512,0.3146,0.2878,0.2268,0.1614,0.1399,0.2312,0.1721,0.1634,0.1382,0.1392,0.2072,0.2415,0.2754,0.2065,0.2577,0.1306,0.1343,0.1725,0.215,0.1751,0.1192,0.1404,0.2096,0.3559,0.2487,0.2318,0.1983,0.1597,0.1379,0.2243,0.1892,0.1492,0.1116,0.1291,0.2232,0.2763,0.2828,0.2342,0.2241,0.1577,0.1316,0.1519,0.1604
6,-,-,health care,3.5337,4.0559,3.509,3.3557,3.6734,3.7662,3.6505,3.6004,3.3614,3.6841,3.9223,3.4095,3.4363,3.7767,3.8504,3.6059,4.06,4.0796,3.6025,3.5996,3.943,3.9028,4.1464,3.6328,3.8294,4.0909,3.9818,3.4535,3.8419,3.9164,3.7517,3.7284,3.5119,3.8693,4.1034,3.9271,4.1472,4.3947,3.9861,3.8997,4.2347,4.3275,4.423,3.946,4.503,4.0537,4.1686,3.9214,4.2327,4.2047,3.9517,3.7753,3.8725,4.4993,4.0741,3.8414,4.0169,4.2619,4.4558,3.7863,4.1076,4.5003,4.2517,4.231,4.2792,4.5729,4.4554,4.4186,4.3637,4.2286,4.8064,4.256,4.2645,4.5769,3.9582,3.7539,4.3052,4.8486,3.9107,4.3939,4.7981,4.4616,4.8901,4.4744,4.1606,4.5263,4.2212,3.9587,4.5653,4.9026,4.565,4.466,4.5039,4.4619,4.947,4.1278,4.1756,4.844,4.2286,4.0274,4.1016,4.2674,4.4285,4.3372,4.2426,4.2054,4.7907,3.9706,4.3913,4.5541,4.4306,3.8046,4.2055,4.876,4.5188,4.4602,4.7938,4.7246,5.0783,4.2863,4.2693,4.5313,3.9917,4.2897,4.1565,4.4735,4.6345,3.8451,4.4435,4.3704,4.7306,4.4357,4.4545,4.6823,4.6629,4.5492,4.345,4.6,4.6217,4.2538,4.6032,4.6767,4.8002,4.1313,4.1145,4.8299,4.5201,4.0269,4.2148,4.5039,4.8179,4.5187,4.6366,4.8787,4.8354,4.1721,4.1529,4.3984,4.3939,4.1139,4.446,4.8482,4.4873,4.376,4.5612,4.4025,4.8164,4.1913,4.0576,4.7523,4.4653,4.0332,4.2246,4.396,4.4314,4.414,4.3154,4.8794,5.0126,4.4163,4.3571,4.5431,4.278,4.15,4.1734,4.5337,4.5049,4.1407,4.3283,4.6668,4.9402,4.7116,4.6101,5.0809,4.741,4.3009,4.2278,4.9581,4.6928,4.721,4.4437,4.5006,4.8872,4.1355,4.3252,4.8453,4.3582,4.2392,4.302,4.9635,4.4016,4.3839,4.6904,4.7403,5.1265,4.6186,4.7735,4.8025,4.7037,4.3615,4.6,4.8382,4.6477,4.5517,4.3937,4.7728,4.8989,4.3794,4.5093,4.8335,4.5229,4.3827,4.3795,5.1191,5.0058,4.5298,5.0398,4.9083,5.303,4.8575,4.8333,5.2389,4.8399,4.8126,4.8894,5.3084,5.6539,5.4425,4.9329,5.5808,5.4302,4.8094,4.8532,5.2363,4.8702,4.6495,5.0327,5.7164,5.2146,5.1482,5.4778,5.2887,5.5016,4.7509,4.9069,5.0821,4.8294,4.5923,4.8174,5.5518,5.3142,5.4129,5.0851,5.2103,5.5353,4.8084,4.3713,4.9123,5.0352,4.808,4.8212,5.2289,5.0842,4.8642,5.0946,5.4008,5.4708,5.0477,5.041,5.3214,4.9788,4.7651,5.1201,5.3203,5.0775,5.0688,4.9527,5.2973,5.4396,5.0191,4.8697,4.8453,4.3755,4.476,4.707,5.59,5.4708,4.9488,5.2847,5.513,5.287
6,1,-,pharmaceuticals,0.5907,0.6864,0.6367,0.5795,0.6391,0.6309,0.6441,0.651,0.6203,0.5818,0.631,0.5695,0.5629,0.6197,0.6487,0.6069,0.6493,0.7069,0.6803,0.6506,0.6416,0.6249,0.6361,0.6182,0.6068,0.713,0.6553,0.584,0.6823,0.6734,0.7,0.6761,0.6442,0.6984,0.6886,0.6597,0.6441,0.6836,0.6049,0.5434,0.6728,0.7034,0.7122,0.652,0.6823,0.6996,0.657,0.6568,0.6529,0.6707,0.5663,0.6284,0.5737,0.6413,0.61,0.6152,0.5934,0.6243,0.5976,0.6102,0.5878,0.6707,0.6654,0.5723,0.6015,0.643,0.6877,0.5887,0.5789,0.5664,0.6446,0.589,0.5651,0.6135,0.5824,0.5114,0.5909,0.631,0.6062,0.6118,0.6032,0.624,0.6201,0.6271,0.5528,0.6661,0.6037,0.5304,0.59,0.6383,0.6152,0.5574,0.561,0.5552,0.629,0.5369,0.5003,0.5873,0.5567,0.5478,0.5664,0.5898,0.6291,0.6282,0.6243,0.6384,0.6188,0.6434,0.6537,0.6901,0.7101,0.6705,0.7355,0.7492,0.7693,0.764,0.7524,0.7599,0.7013,0.6692,0.7053,0.7872,0.7394,0.7443,0.8122,0.8322,0.8792,0.8304,0.8309,0.8089,0.8145,0.7816,0.7867,0.8294,0.877,0.8005,0.8321,0.8958,0.8695,0.845,0.8696,0.8169,0.8064,0.7821,0.8088,0.8419,0.8136,0.7614,0.8068,0.8528,0.8708,0.8446,0.8702,0.8665,0.8566,0.793,0.7697,0.8135,0.8214,0.7448,0.7866,0.8166,0.8228,0.841,0.8023,0.8071,0.8682,0.7738,0.7692,0.8225,0.8233,0.7113,0.8257,0.8094,0.8377,0.7688,0.7859,0.8261,0.8242,0.8012,0.808,0.8293,0.8322,0.7691,0.8309,0.8826,0.8807,0.7893,0.8458,0.8718,0.8468,0.8292,0.7833,0.953,0.9239,0.805,0.8363,0.9076,0.8735,0.8432,0.8206,0.8338,0.8481,0.7988,0.8333,0.8978,0.8807,0.8201,0.8313,0.9196,0.8517,0.8747,0.8486,0.8446,0.8815,0.8629,0.8585,0.8776,0.9113,0.7866,0.8069,0.834,0.8423,0.7908,0.7933,0.8358,0.8287,0.7948,0.8085,0.8834,0.8808,0.8817,0.8448,0.9083,0.9225,0.895,0.9361,0.8721,0.8939,0.8541,0.8577,1.0091,0.9442,1.0163,0.9948,0.9554,1.0214,1.003,0.9208,0.9319,0.9038,0.9136,0.9232,1.022,0.899,0.8816,0.8781,1.0035,0.985,0.968,0.9431,0.8929,0.8985,0.8417,0.8297,0.9605,0.9158,0.8102,0.8867,0.8986,0.9964,0.9832,0.9007,0.897,0.9362,0.8954,0.8686,0.9276,0.9426,0.8862,0.8937,0.9127,0.9793,0.8599,0.9135,0.8968,0.9243,0.9004,0.9341,0.9322,0.8942,0.7913,0.9024,0.9153,0.9724,0.9513,0.9352,0.9188,0.9299,0.9401,0.9361,0.9232,0.9177,0.8535,0.8615,0.9282,0.9326,0.8927,0.93,0.8939,0.9235
6,2,-,Intakes for maintaining health,0.1721,0.1848,0.2216,0.1563,0.1731,0.2563,0.2012,0.2397,0.2456,0.2406,0.2588,0.2444,0.2803,0.2738,0.3321,0.3111,0.3832,0.3339,0.3195,0.2698,0.2824,0.3219,0.2458,0.3139,0.2673,0.3251,0.28,0.2623,0.3069,0.3569,0.2775,0.2741,0.2579,0.3046,0.2712,0.2607,0.2698,0.3747,0.3222,0.3498,0.3395,0.4569,0.4087,0.349,0.3434,0.4857,0.3285,0.366,0.3963,0.3696,0.4011,0.461,0.4754,0.377,0.3972,0.4664,0.3955,0.3774,0.4242,0.4143,0.4041,0.5609,0.4641,0.4553,0.4219,0.4465,0.4943,0.6026,0.4432,0.5251,0.433,0.4355,0.391,0.4053,0.3676,0.404,0.4019,0.428,0.3924,0.3896,0.3799,0.4625,0.3995,0.3572,0.3798,0.3685,0.3524,0.3577,0.3639,0.3682,0.3655,0.4064,0.4367,0.4603,0.4098,0.3122,0.3805,0.4637,0.3663,0.3798,0.3356,0.388,0.3918,0.3716,0.3838,0.3842,0.3473,0.3229,0.4207,0.3563,0.3164,0.3114,0.3236,0.3968,0.3876,0.376,0.398,0.3961,0.3709,0.3951,0.3474,0.394,0.3653,0.399,0.4417,0.4969,0.4834,0.3954,0.4202,0.4617,0.4039,0.4064,0.37,0.4306,0.3782,0.3886,0.3911,0.4951,0.456,0.3975,0.4144,0.4114,0.4239,0.392,0.3705,0.4659,0.3999,0.3881,0.4019,0.4859,0.4211,0.436,0.4023,0.4876,0.4142,0.4221,0.3862,0.4692,0.3634,0.431,0.4384,0.458,0.4831,0.4472,0.4368,0.4225,0.4225,0.4076,0.3878,0.416,0.3723,0.3674,0.3592,0.4289,0.3924,0.4133,0.3873,0.4883,0.4414,0.4384,0.3985,0.4653,0.3605,0.3724,0.3896,0.4497,0.3972,0.4094,0.4152,0.4483,0.4369,0.4075,0.3815,0.4489,0.4487,0.4211,0.4577,0.5469,0.4481,0.6036,0.4313,0.455,0.3969,0.4082,0.4143,0.4213,0.433,0.4146,0.5056,0.5164,0.4452,0.4473,0.436,0.4034,0.4171,0.4321,0.456,0.4386,0.4681,0.3899,0.4582,0.4439,0.4213,0.3628,0.4236,0.407,0.3928,0.3893,0.3763,0.3809,0.3308,0.3291,0.3682,0.385,0.3774,0.3476,0.4461,0.4044,0.4111,0.3933,0.358,0.407,0.3737,0.4531,0.5067,0.4841,0.5017,0.5656,0.3917,0.3996,0.3972,0.3765,0.391,0.4064,0.3812,0.3886,0.4401,0.4376,0.4135,0.423,0.4316,0.4426,0.4256,0.3641,0.3687,0.4289,0.3671,0.3632,0.382,0.3702,0.3677,0.4314,0.4085,0.3752,0.4427,0.3779,0.3375,0.3787,0.4105,0.3788,0.3341,0.4377,0.3748,0.4189,0.4128,0.3673,0.3921,0.3766,0.332,0.3573,0.3671,0.309,0.3355,0.382,0.3307,0.3435,0.3539,0.3777,0.3262,0.3085,0.3541,0.3415,0.2957,0.3994,0.2835,0.3294,0.4011,0.321,0.3849,0.348,0.4022
6,3,-,Health and medical supplies/equipment,0.8378,0.8123,0.7231,0.6439,0.759,0.7667,0.8729,0.7113,0.7016,0.7594,0.8366,0.7572,0.6902,0.8216,0.7243,0.6173,0.7774,0.7376,0.6966,0.6844,0.6494,0.7237,0.7548,0.7865,0.7221,0.6158,0.7283,0.5974,0.6511,0.7536,0.6677,0.6861,0.6868,0.742,0.6955,0.7502,0.8174,0.779,0.7504,0.6852,0.8368,0.7695,0.8203,0.7294,0.8488,0.6672,0.6819,0.6753,0.7946,0.6823,0.7364,0.6308,0.7511,0.8576,0.7521,0.7161,0.6822,0.6506,0.7811,0.6379,0.7387,0.8873,0.7794,0.6786,0.6934,0.6912,0.7528,0.773,0.7409,0.7073,0.7574,0.8474,0.7702,0.7041,0.7066,0.6485,0.7021,0.7001,0.6715,0.7785,0.8792,0.7771,0.6788,0.7928,0.7589,0.7585,0.6318,0.7471,0.6405,0.8393,0.7996,0.6996,0.7895,0.6492,0.7114,0.6464,0.7388,0.7911,0.7339,0.6299,0.7393,0.7186,0.8138,0.7261,0.8638,0.7509,0.82,0.6817,0.7429,0.8596,0.684,0.6183,0.8689,0.8094,0.8433,0.8121,0.8964,0.7995,0.6894,0.7254,0.7814,0.829,0.6781,0.926,0.7278,0.7295,0.7831,0.6163,0.6678,0.6586,0.735,0.7657,0.8638,0.7772,0.7249,0.6727,0.7829,0.7385,0.8242,0.7468,0.7911,0.7171,0.7424,0.6672,0.8223,0.9528,0.6582,0.7001,0.7405,0.7416,0.8048,0.6884,0.7379,0.7627,0.7236,0.7552,0.8081,0.7609,0.7107,0.6623,0.7331,0.8184,0.7218,0.6815,0.8561,0.6829,0.7319,0.8973,0.7328,0.9298,1.0563,0.5186,0.7056,0.7295,0.7082,0.7497,0.7503,0.7475,0.8542,0.8605,0.8518,0.7627,0.6647,0.6297,0.7157,0.6064,0.8329,0.6673,0.7112,0.762,0.8376,0.7629,0.7723,0.8359,0.8162,0.6998,0.6756,0.7034,0.766,0.7256,0.7154,0.7866,0.7982,0.7589,0.8594,0.8962,0.7485,0.6792,0.7115,0.728,0.7565,0.7031,0.7909,0.7229,0.9522,0.7797,0.991,0.7808,0.6988,0.7119,0.7419,0.7701,0.812,0.7392,0.6779,0.8664,0.7938,0.8695,0.904,0.859,0.8245,0.7714,0.78,0.9499,0.8426,0.7002,1.0871,0.7784,0.8588,0.9329,0.9433,1.0554,0.9308,1.0507,1.2348,1.179,1.2229,1.1818,1.1106,1.0688,1.0699,1.0397,1.1185,1.0287,0.9548,0.8909,0.977,1.0047,1.0321,1.0546,1.0414,0.9543,1.0988,0.9703,1.0629,0.9834,0.9005,0.9021,0.9058,1.0492,1.0939,1.0284,1.0861,0.9621,1.1257,1.0515,0.9647,1.0176,0.9109,0.8862,0.8581,0.9262,0.9811,0.8831,0.8807,0.8799,1.0048,0.9914,0.9846,0.9483,0.9887,0.9633,0.8256,0.9566,0.938,0.9957,0.9491,0.9496,0.9218,1.0407,1.0356,1.0533,0.9351,0.8262,0.79,1.0599,0.8891,0.937,0.7846,0.9405,0.9416
6,4,-,health and medical services,1.9333,2.3725,1.9276,1.9757,2.1023,2.1126,1.9321,1.9984,1.7939,2.1022,2.1959,1.8386,1.9028,2.0613,2.1453,2.0706,2.2504,2.3013,1.9061,1.9952,2.3696,2.2319,2.5098,1.9142,2.2331,2.437,2.3179,2.0095,2.2016,2.1325,2.1064,2.0921,1.923,2.1243,2.4481,2.2565,2.4159,2.5575,2.3082,2.3214,2.386,2.3977,2.4818,2.2155,2.6284,2.2008,2.5016,2.2234,2.3885,2.4821,2.2478,2.0553,2.0722,2.623,2.3148,2.0435,2.3457,2.6099,2.6528,2.1239,2.377,2.3814,2.3427,2.5245,2.5624,2.7922,2.5207,2.4543,2.6011,2.4298,2.9714,2.3841,2.5379,2.8539,2.3016,2.19,2.6099,3.0895,2.2406,2.6136,2.936,2.598,3.1917,2.6974,2.469,2.7331,2.633,2.3232,2.971,3.0572,2.785,2.8027,2.717,2.7975,3.1969,2.6323,2.5556,3.0022,2.5716,2.4703,2.4604,2.571,2.5935,2.6117,2.3707,2.4319,3.0046,2.3224,2.5741,2.6481,2.7202,2.2041,2.2775,2.9206,2.5186,2.5078,2.7469,2.7694,3.3167,2.4967,2.4356,2.521,2.2091,2.2207,2.1748,2.4149,2.4888,2.0027,2.5243,2.4413,2.7772,2.4819,2.434,2.645,2.6828,2.6873,2.3385,2.471,2.4721,2.2645,2.5277,2.7314,2.8274,2.29,2.1129,2.5689,2.6488,2.1772,2.2656,2.4236,2.7215,2.5493,2.6261,2.7618,2.8407,2.2019,2.1884,2.3547,2.4981,2.2758,2.4883,2.7556,2.4596,2.4058,2.466,2.4901,2.7938,2.1122,2.1678,2.5839,2.2134,2.4359,2.3341,2.4282,2.4931,2.4822,2.3919,2.8179,2.8933,2.3161,2.2985,2.4861,2.4202,2.3789,2.2372,2.5956,2.3942,2.2744,2.3557,2.5843,2.8192,2.712,2.6732,2.8431,2.5524,2.3751,2.2585,2.8001,2.6051,2.5491,2.4764,2.4252,2.844,2.1693,2.2181,2.63,2.2961,2.3252,2.2536,2.7991,2.3482,2.3587,2.6149,2.7695,2.8757,2.5438,2.468,2.7054,2.6256,2.4732,2.5929,2.7907,2.5721,2.659,2.4993,2.6636,2.8836,2.3254,2.4208,2.7102,2.4868,2.4006,2.3865,2.8763,2.8636,2.587,2.5704,2.8534,3.1388,2.6772,2.6747,2.7674,2.5909,2.2925,2.1534,2.6898,2.9082,2.6921,2.5094,3.1805,3.059,2.4796,2.4205,2.7792,2.6349,2.4883,2.7375,3.2703,2.7844,2.7025,3.0614,2.999,3.0787,2.575,2.6456,2.7093,2.646,2.5168,2.6432,3.2342,2.8562,2.9699,2.6893,2.9761,3.0306,2.4836,2.2003,2.5884,2.7712,2.6564,2.7356,2.952,2.7487,2.7019,2.8876,3.2572,3.1496,2.7792,2.7903,3.0836,2.7288,2.7012,3.0565,3.0663,2.8364,2.7786,2.7149,3.0515,3.2617,2.7298,2.5442,2.5276,2.2271,2.3969,2.772,3.2726,3.2483,2.798,3.1855,3.3307,3.0196
7,-,-,Transportation/Communication,10.1369,10.6794,11.6589,12.3349,11.6957,11.4965,12.4375,11.4819,12.2908,10.7806,12.3637,10.9448,10.4068,13.1833,12.7466,12.1074,11.1675,10.9951,12.9062,12.0407,11.6117,12.0473,12.8197,10.5376,11.6086,11.6682,13.0737,11.7051,11.5198,12.02,12.8166,11.7545,12.7543,11.9909,12.701,10.7796,11.6495,12.743,13.3986,12.9255,11.2929,12.7537,13.5261,12.7979,12.7293,12.3354,13.0674,10.4961,11.4683,13.9631,14.0308,13.7254,13.0279,12.065,13.377,13.1516,13.1056,12.6701,12.8468,11.684,12.2428,13.4086,14.3283,12.9318,12.9862,13.2503,12.1219,13.1896,14.0001,13.1563,12.7262,11.0566,11.9016,12.1495,12.4557,13.066,12.8032,13.1136,14.2405,13.5193,12.6273,13.3665,14.0518,11.5779,12.6302,12.8317,13.6094,12.6587,12.2971,12.471,14.0214,13.1079,13.1715,13.292,12.4153,11.8223,13.779,12.3117,12.8162,13.1364,13.0945,13.5332,14.1782,14.0307,13.9404,13.3748,13.3641,11.5922,11.612,13.9601,13.2191,12.0647,12.3504,13.8264,13.8899,13.458,13.7411,13.4967,13.0294,12.8623,13.1506,13.5739,14.7248,12.3592,13.8208,13.4448,14.6256,14.5827,14.0536,12.7306,12.9213,11.8909,13.1277,13.3044,14.0271,12.5725,12.6644,12.5237,12.7565,13.5234,12.9629,13.0159,13.4463,11.7368,12.8078,13.5245,14.5616,14.2786,13.9741,14.783,14.7563,14.2972,14.7991,14.2381,14.0307,12.8952,13.7149,15.1761,15.6007,13.8766,12.8939,13.6301,14.7408,13.7908,14.9698,15.4141,14.2338,13.8733,13.7459,14.8239,16.3086,13.8862,12.8374,14.2307,14.8459,13.856,16.6205,15.2617,14.8249,12.295,13.3012,14.9816,14.9783,14.6189,13.5864,14.0345,14.7142,14.1649,14.7399,13.9412,14.5282,11.4999,13.9195,14.9807,13.4767,13.8513,14.0593,13.5302,13.3252,13.4907,14.9203,13.7317,15.1424,12.6962,13.4876,14.43,14.7405,13.0254,14.9836,13.9474,14.4274,14.1888,14.5475,14.2895,15.0165,12.3195,13.5207,15.7334,15.196,13.0761,15.4031,14.6831,15.9012,15.9624,14.7696,14.8628,14.9057,12.8863,14.009,16.3764,15.2654,14.3005,14.9155,14.5762,15.8055,16.1042,15.2733,14.4924,15.022,13.3033,13.5521,15.5998,16.1632,14.5979,13.5896,13.7911,13.6888,15.1371,15.5149,13.7372,15.2204,12.1927,13.7832,14.4214,14.7676,15.2384,14.8227,13.4122,14.7417,14.1506,13.8041,14.1701,15.0807,12.6968,15.6796,14.5719,15.0709,13.8101,14.0375,13.9607,14.7673,14.6165,14.2719,13.8742,14.4572,12.4969,15.1204,14.601,15.4906,14.4875,12.7648,14.9003,14.5047,14.9553,16.4848,14.8854,14.0435,12.7826,14.0997,14.4504,16.069,12.9253,13.4303,14.4691,13.6019,12.2442,14.2994,14.7689,13.6895,12.8664,13.6059,14.9034,15.8234,13.0782,15.8812,15.2976,15.2479,13.5577,15.5883,13.8462,16.0205
7,1,-,traffic,2.1526,1.9139,2.1101,2.4085,2.2747,1.9086,2.474,3.0033,2.0961,2.2378,2.1771,1.646,2.1628,1.8488,2.0055,2.4499,2.2141,1.9699,2.2078,2.9897,2.1882,2.1865,2.1565,1.8189,2.1555,1.8816,2.1127,2.4617,2.0441,1.8212,2.2094,2.8124,2.3251,2.1512,2.0126,1.5918,2.1695,2.0534,2.1265,2.209,2.0918,1.7615,2.2404,2.8242,2.1988,2.2345,2.0287,1.6893,2.0895,1.8181,2.2801,2.422,2.2573,1.9095,2.4255,2.8117,2.3341,2.2062,1.9166,1.6989,2.0467,1.7657,2.1157,2.5034,2.2104,2.0831,2.3022,2.6019,2.311,2.2546,1.9393,1.6208,2.0226,1.7374,1.9209,2.2703,2.1611,1.7093,2.165,2.6119,2.2153,2.243,2.0689,1.5204,1.9705,1.7546,2.0637,2.2814,2.0127,1.7517,2.1681,2.4517,2.1819,2.2816,2.0574,1.4323,1.8604,1.7138,2.1554,2.4329,2.0418,1.6482,1.9241,2.2792,2.0815,2.2154,2.2075,1.5081,1.8649,1.7614,1.9702,2.1679,1.9686,1.8843,2.1843,2.3092,2.1313,2.0324,1.8038,1.4082,1.7392,1.6534,1.8857,2.2254,1.7516,1.5545,1.8891,2.1537,2.0079,2.0342,1.7209,1.4654,1.8507,1.6247,1.8911,2.0392,1.7016,1.6617,1.8297,2.1904,1.8862,1.9026,1.7431,1.4265,1.6095,1.5949,1.8414,2.4196,1.9468,1.7753,1.9785,2.1836,2.0435,2.3737,1.9852,1.5057,1.8849,1.564,1.8629,2.3608,1.8667,1.7671,2.1814,2.3598,2.0628,2.0325,1.9689,1.6793,1.7528,1.4894,2.0301,1.8769,2.0106,1.6925,1.8934,2.4036,2.1993,2.0154,1.9007,1.5098,1.7095,1.6323,1.9551,2.3406,2.0382,1.8932,2.0751,2.2287,2.1308,2.2748,1.8835,1.5192,1.7977,1.4798,1.9702,2.2585,1.8281,1.7215,1.9841,2.3475,2.1361,2.2766,1.7622,1.4537,1.8278,1.5001,2.1185,2.307,1.8226,1.8627,1.9431,2.2663,2.1574,2.015,1.8921,1.5008,1.8788,1.5571,1.9314,2.2402,1.8407,1.6578,1.8554,2.1943,2.2737,2.3454,1.8923,1.6142,1.9015,1.6709,2.2278,2.651,2.1751,1.8206,2.0731,2.3599,2.5402,1.9591,1.9009,1.6221,1.8383,1.4308,1.1543,0.8264,0.8484,0.9682,0.8741,0.897,1.2903,1.4049,1.0975,0.8333,0.8347,0.8619,1.2666,1.4975,0.9923,1.0131,1.2162,1.0756,1.2936,1.65,1.4435,1.2421,1.1261,0.8399,1.2891,1.6752,1.4637,1.579,1.6848,1.6326,1.8359,1.9409,1.5744,1.4699,1.5697,1.2847,1.7004,2.1968,1.7728,1.5587,1.9813,2.1899,2.1402,2.0128,1.7918,1.5247,1.6675,1.54,1.9365,2.1899,1.8524,1.5892,1.7946,1.8448,1.9975,1.9763,1.6151,1.3167,1.6061,1.3555,1.7885,2.1549,1.7293,1.8655,1.8489,2.1447,2.2624,2.0194,1.7455
7,2,-,Car-related expenses,4.9974,5.8425,6.8814,7.3665,6.315,6.4825,7.0779,5.4488,7.2081,5.2116,6.3006,6.5449,4.8901,8.0913,7.9821,6.635,5.4847,5.9653,7.3409,5.7757,6.3615,6.4799,6.7013,5.7451,5.956,6.291,8.1388,5.8755,5.9965,6.8753,7.096,5.6937,6.6291,6.4192,6.6265,5.7373,5.5936,6.7966,7.9302,7.3653,5.8052,6.9784,7.6656,6.5769,6.4276,6.3676,6.8633,5.1432,5.6596,8.2333,8.067,7.7668,7.0042,6.4219,7.6344,6.3669,6.8631,7.0298,6.1368,6.5709,6.202,7.712,8.8055,7.2592,6.8185,7.4267,6.342,6.6856,7.8477,7.2208,6.2193,5.9959,5.8058,6.3507,6.9644,7.4551,6.518,7.3363,8.1997,6.9551,6.607,6.9058,7.2828,6.4213,6.49,6.9991,8.0686,6.7557,6.0983,6.9604,7.6391,6.7634,7.2287,6.8606,5.7556,6.7371,7.7805,6.4279,6.8965,7.0027,7.3117,7.4743,8.3347,8.059,7.4366,7.1385,6.852,6.1105,5.8149,7.8818,7.1443,6.1076,6.5762,7.4196,7.6018,7.0457,7.4259,7.5462,6.3047,7.7265,7.336,7.5336,8.7937,6.1874,7.8692,7.6092,8.8455,8.1732,7.88,6.89,6.3495,6.5702,6.9753,7.2226,8.0863,6.7559,6.4416,6.5066,6.9796,7.0048,6.7983,7.0086,6.9283,6.4762,6.9175,7.5959,9.1986,8.052,7.6534,9.0371,8.3747,7.9417,8.5559,7.3358,7.1578,7.3099,7.3962,9.2022,10.2728,7.419,6.8262,7.8477,8.149,7.5546,8.3462,9.2271,7.852,8.0417,7.682,8.8853,10.7338,8.0082,6.7562,7.777,8.6659,7.4605,9.7029,8.9047,8.2053,6.4472,7.1727,8.7241,8.891,8.1287,7.4827,7.2104,8.1998,7.5241,8.0705,7.4447,7.2438,5.7624,7.4473,8.4945,7.3057,7.5312,7.3449,6.8942,7.1307,6.2449,7.9021,6.7921,8.1101,6.9123,6.7248,8.0293,8.2066,6.5867,8.3492,7.2589,7.845,7.2353,7.7782,7.3178,7.9579,6.4919,6.6641,9.2209,9.1701,6.4577,8.7061,8.5551,9.3042,9.3004,7.9167,7.5786,7.7743,6.8928,7.1548,9.7359,8.8494,7.5006,7.8551,8.3606,8.8443,9.5931,7.884,7.6944,8.3486,7.0365,6.8993,9.7349,10.2469,8.8376,7.7888,7.6935,7.8697,9.3367,9.2903,7.8005,8.6848,6.8579,7.8716,8.5724,8.7066,9.3435,9.1403,7.4196,8.9418,7.9602,7.6214,8.1115,8.5247,7.1682,9.7244,8.843,9.5609,8.3547,8.0605,7.9423,8.8794,8.5387,8.179,7.8005,8.4484,7.0427,9.165,8.9569,9.8418,8.5381,6.5587,9.0678,8.4047,8.7099,10.2234,8.6405,7.9485,7.3735,8.3115,8.7927,10.571,6.8608,7.6472,8.9844,7.7383,6.6568,8.0899,8.8153,7.9569,7.9683,8.0037,9.5824,10.4389,7.3324,10.6437,9.4831,9.6243,7.8847,9.4026,8.1835,10.652
7,2,1,"Purchasing a car, etc.",1.267,1.7453,2.4673,3.0217,1.9824,1.9741,2.5931,1.1439,2.7468,1.1226,2.1387,2.3808,1.0064,3.571,3.4236,2.4411,1.193,1.5081,2.8414,1.4381,1.9586,2.2666,2.4789,1.4858,1.9864,1.8846,3.2166,1.4658,1.3734,2.232,2.3785,1.0743,1.9423,1.7833,1.8888,1.1957,1.3032,1.9503,2.9651,2.7108,1.1749,2.3391,2.9483,1.845,1.7087,1.7621,2.1689,0.6965,1.4648,3.4765,3.2879,3.274,2.2669,1.4654,2.5755,1.6621,1.7786,2.2009,1.3704,1.952,1.6628,2.5264,3.357,2.4471,1.708,1.9151,0.972,1.3792,2.3627,1.9297,1.0497,1.1312,1.2616,1.0846,1.8162,2.1117,1.0801,1.8937,2.4893,1.5119,1.1186,1.716,1.9137,1.3163,1.646,1.6813,2.5921,1.8883,0.9392,1.5945,2.0368,1.3394,1.8185,1.5688,0.355,1.6015,2.2274,0.8959,1.4547,1.6859,1.9477,1.8748,2.3813,2.0584,1.4387,1.7283,1.3179,1.2223,1.3004,2.7172,1.9902,1.3521,1.4646,2.1772,2.2099,1.5696,2.0093,2.4494,1.1983,2.5609,2.3366,2.0236,3.1523,1.045,2.0964,1.9671,2.9004,2.5399,2.3968,1.5534,1.1646,1.3917,1.7622,1.7336,2.1326,1.439,0.9766,1.3803,1.4798,1.3929,1.2837,1.6551,1.4739,1.3533,1.5947,2.0877,3.1276,2.3179,2.0131,2.9169,2.6054,2.2647,2.5864,1.9681,1.4479,1.8372,2.1147,3.119,4.2427,1.9919,1.2271,2.0567,2.1017,1.4583,2.4472,3.3608,2.2089,2.5939,2.2729,3.1252,4.5362,2.8477,0.9189,1.8652,2.6611,1.416,3.3115,3.0383,2.4719,1.4159,1.9948,3.0554,3.1268,2.7413,1.6304,1.6743,2.3881,1.7204,2.5522,2.1331,2.0548,1.2094,2.4333,3.1141,1.9579,2.4883,2.1701,1.4209,2.0527,1.0111,2.5075,1.8268,2.7359,2.0745,1.6516,2.6596,2.4236,1.2983,2.8856,1.8255,2.187,1.6442,2.4632,2.3003,2.3421,1.3434,1.3331,3.1433,3.1391,1.0834,2.8528,2.6386,3.3407,3.0771,1.7466,1.6911,2.0171,1.4824,1.3424,3.3661,2.7358,2.1346,1.8478,2.1558,2.8129,3.6379,1.7075,2.2777,2.4756,1.7304,1.5196,3.7997,4.0292,3.0849,2.2506,2.1257,1.9835,3.2465,3.2672,2.2303,2.8868,1.5435,2.1314,2.7312,2.6843,3.2218,3.0662,1.5034,2.7608,1.927,1.5835,2.3241,2.2395,1.2058,3.68,2.6682,3.0541,2.4157,2.1829,1.8918,2.4587,2.4719,2.1377,1.9798,2.1214,1.1365,3.3934,2.7129,3.0046,2.3403,0.6354,2.8308,2.0785,2.5576,3.6771,2.9036,1.8915,1.6445,2.5201,2.8027,4.3556,1.3243,1.7983,2.6003,1.7066,0.6995,2.2121,3.1411,1.8378,2.3081,2.0709,3.1723,3.961,1.3714,4.4479,3.2879,3.6762,1.781,3.2865,2.3977,4.4007
7,2,2,Bicycle purchase,0.0694,0.0623,0.1363,0.1796,0.092,0.1018,0.1142,0.0726,0.0739,0.0631,0.0626,0.0871,0.0363,0.0449,0.1027,0.1278,0.0852,0.072,0.0862,0.0889,0.069,0.0671,0.0465,0.0436,0.0524,0.0622,0.1032,0.1505,0.0723,0.0767,0.0862,0.0817,0.0751,0.0521,0.0595,0.0479,0.0532,0.0595,0.1392,0.1009,0.0836,0.0665,0.0754,0.0685,0.0716,0.059,0.067,0.0557,0.0329,0.0653,0.1202,0.1382,0.0777,0.0767,0.0763,0.0601,0.0811,0.0468,0.0556,0.0457,0.0248,0.0598,0.1011,0.1158,0.0805,0.0588,0.0723,0.0781,0.0597,0.063,0.0631,0.037,0.0397,0.0572,0.0973,0.1141,0.0736,0.0961,0.0619,0.0582,0.0765,0.0757,0.0587,0.0595,0.0415,0.0752,0.1598,0.1341,0.1279,0.0638,0.0902,0.0706,0.0625,0.0657,0.0456,0.05,0.0491,0.0551,0.1328,0.1011,0.093,0.0883,0.0871,0.0615,0.1045,0.0539,0.0464,0.0801,0.0443,0.0635,0.1754,0.1237,0.089,0.0815,0.0663,0.0887,0.0776,0.0754,0.0681,0.0861,0.0404,0.072,0.1572,0.1343,0.1069,0.0767,0.1101,0.077,0.0781,0.088,0.0714,0.0453,0.0591,0.0702,0.1418,0.1853,0.0981,0.0707,0.0975,0.0645,0.0907,0.0886,0.0549,0.0579,0.0452,0.0806,0.1679,0.1268,0.1077,0.1275,0.0844,0.0888,0.0675,0.0616,0.076,0.0479,0.0377,0.0724,0.1755,0.135,0.1066,0.1366,0.1024,0.0653,0.1151,0.0633,0.0776,0.0739,0.0808,0.0649,0.26,0.1155,0.1068,0.092,0.0856,0.0964,0.0974,0.0735,0.0735,0.0418,0.0587,0.0734,0.1924,0.1258,0.1473,0.07,0.1184,0.0663,0.0959,0.0475,0.0717,0.094,0.1046,0.0664,0.2021,0.1534,0.1189,0.0658,0.0946,0.0908,0.1479,0.0606,0.0953,0.0939,0.0874,0.1113,0.1816,0.1592,0.1028,0.1562,0.1189,0.1463,0.112,0.0718,0.0977,0.0664,0.0825,0.1152,0.1544,0.1759,0.1123,0.0897,0.1157,0.1173,0.0844,0.0641,0.0566,0.065,0.1421,0.1593,0.2124,0.1215,0.0771,0.0986,0.1344,0.0908,0.2176,0.0633,0.0821,0.0532,0.0644,0.1001,0.1896,0.1538,0.1329,0.1388,0.1521,0.1668,0.1819,0.0723,0.0527,0.0727,0.1124,0.145,0.1533,0.181,0.1388,0.088,0.0867,0.0998,0.1274,0.1301,0.1173,0.1059,0.1411,0.1466,0.2028,0.1938,0.129,0.0842,0.1195,0.0976,0.1253,0.1117,0.1109,0.1079,0.1031,0.0885,0.1963,0.1802,0.117,0.1002,0.1327,0.116,0.0947,0.1232,0.0997,0.1053,0.1067,0.1604,0.198,0.1321,0.0541,0.1328,0.0674,0.0682,0.1056,0.1079,0.0816,0.0658,0.165,0.1253,0.1866,0.1649,0.0639,0.0944,0.0723,0.1112,0.0762,0.0851,0.0757
7,2,3,"Maintenance of automobiles, etc.",3.6609,4.0349,4.278,4.1655,4.2406,4.4065,4.3706,4.2324,4.3875,4.026,4.099,4.0771,3.8474,4.4753,4.4562,4.0658,4.2065,4.3855,4.4137,4.2486,4.3342,4.1459,4.1759,4.2154,3.9172,4.3446,4.8193,4.2595,4.5508,4.5666,4.6313,4.538,4.6114,4.5838,4.6782,4.4937,4.2372,4.7868,4.8259,4.5535,4.5471,4.5732,4.6419,4.6632,4.6472,4.5464,4.627,4.3907,4.162,4.6916,4.6592,4.3545,4.6596,4.8799,4.9826,4.6446,5.0038,4.7821,4.7112,4.5732,4.5144,5.1258,5.3471,4.696,5.0297,5.4524,5.2978,5.2283,5.4254,5.2281,5.1061,4.8274,4.5042,5.209,5.0509,5.2293,5.3643,5.3464,5.6484,5.3854,5.4119,5.1141,5.3104,5.0455,4.8025,5.2426,5.317,4.733,5.0308,5.3021,5.5124,5.3534,5.3477,5.2262,5.355,5.0855,5.5041,5.4773,5.309,5.2157,5.2709,5.5109,5.8659,5.9391,5.8934,5.3564,5.4881,4.8081,4.4706,5.101,4.9788,4.6315,5.0226,5.1606,5.3256,5.3875,5.339,5.0214,5.0383,5.0795,4.9589,5.4376,5.4842,5.0081,5.6659,5.565,5.8351,5.5563,5.4052,5.2489,5.1134,5.1332,5.1544,5.4185,5.8123,5.1316,5.3665,5.0559,5.4023,5.5474,5.4239,5.2653,5.3996,5.0649,5.2775,5.4276,5.9028,5.6069,5.5326,5.9927,5.6852,5.5881,5.9017,5.3058,5.6343,5.4247,5.2438,6.0112,5.8545,5.2924,5.4929,5.6544,5.9452,6.031,5.7839,5.8034,5.5651,5.3739,5.3284,5.6952,5.9379,5.045,5.7304,5.8202,5.9188,5.9484,6.2937,5.7929,5.6599,4.9894,5.1193,5.5953,5.5718,5.2612,5.705,5.4658,5.6933,5.7375,5.4224,5.2641,5.1173,4.459,4.9094,5.3141,5.1458,4.8895,5.0556,5.4071,4.9833,5.143,5.2467,4.9049,5.279,4.744,4.9855,5.2585,5.6014,5.1296,5.3608,5.2771,5.5395,5.4448,5.2027,4.9457,5.5184,5.082,5.2481,5.9628,5.8762,5.1984,5.7407,5.8272,5.8478,6.106,6.0858,5.8238,5.7006,5.3451,5.6704,6.2106,5.9016,5.2445,5.9305,6.1059,5.8974,5.8645,5.9592,5.3538,5.7913,5.2533,5.3153,5.8351,6.0278,5.5986,5.4056,5.429,5.734,5.9234,5.8411,5.4979,5.7449,5.2415,5.6274,5.6966,5.8689,5.9407,5.9353,5.8286,6.0939,5.9335,5.9109,5.6575,6.1683,5.8564,5.9034,6.0286,6.3041,5.7453,5.7483,5.966,6.3011,5.9688,5.916,5.7089,6.2162,5.7986,5.6682,6.1555,6.6409,6.018,5.8064,6.1373,6.1934,6.0363,6.4512,5.6137,5.9574,5.6234,5.6849,5.8295,6.0173,5.4044,5.7948,6.2512,5.9643,5.889,5.7726,5.5664,6.0372,5.5948,5.7675,6.2848,6.2913,5.7961,6.1322,6.1008,5.8758,5.9925,6.04,5.7007,6.1755
7,3,-,communication,2.9866,2.923,2.6674,2.5597,3.106,3.105,2.8853,3.0301,2.9863,3.3313,3.886,2.7539,3.354,3.2428,2.7593,3.0225,3.4687,3.0599,3.3572,3.275,3.0619,3.3813,3.962,2.9736,3.4971,3.4956,2.8222,3.3676,3.4791,3.3238,3.5113,3.2485,3.8003,3.4208,4.0619,3.4508,3.8867,3.8926,3.342,3.3513,3.3955,4.0138,3.6205,3.3968,4.1029,3.7337,4.1755,3.6638,3.7192,3.912,3.6837,3.5366,3.7661,3.7336,3.3171,3.973,3.9088,3.434,4.7935,3.4142,3.9941,3.9305,3.4074,3.1692,3.9576,3.7405,3.4777,3.902,3.8411,3.6812,4.5677,3.4401,4.0734,4.0613,3.5704,3.3403,4.1241,4.0677,3.8758,3.9526,3.805,4.2179,4.7002,3.6362,4.1697,4.0783,3.4768,3.6215,4.1861,3.7589,4.2142,3.8928,3.7609,4.1494,4.6023,3.6529,4.1381,4.17,3.7643,3.7004,3.741,4.4111,3.9193,3.6929,4.4224,4.0209,4.3043,3.9736,3.9322,4.317,4.1045,3.7893,3.8052,4.5225,4.1038,4.1035,4.1839,3.9185,4.921,3.7279,4.0755,4.3869,4.0457,3.9467,4.2,4.2811,3.8906,4.2558,4.1657,3.8065,4.8506,3.8553,4.3017,4.4572,4.0493,3.7774,4.5213,4.3554,3.9472,4.3282,4.2784,4.1043,4.7749,3.8341,4.2808,4.3337,3.5216,3.8066,4.3739,3.9706,4.4032,4.1722,4.2001,4.529,4.8876,4.0794,4.4339,4.4096,3.4653,4.0968,4.2009,4.015,4.4104,3.8764,4.5605,4.1541,4.4129,4.1521,4.3111,4.4496,3.5447,4.0011,4.0706,4.7608,4.2866,3.9915,4.7179,4.3416,4.7194,4.338,4.4189,4.6252,4.1325,4.15,4.0655,4.9313,4.439,4.4121,4.5387,4.2217,5.4009,4.2186,4.6745,5.0064,4.2009,4.0617,4.8863,4.9145,4.2105,4.8983,4.8821,4.6631,5.2701,4.3301,4.935,4.9006,4.415,4.1317,4.8121,4.8259,4.6394,4.6875,4.6119,4.9567,5.1666,4.3271,4.9779,4.9553,4.0949,4.3782,4.8563,4.4702,4.7416,4.4676,4.5792,4.9384,5.2394,4.3791,4.9527,4.9692,4.1885,4.1486,4.8853,4.395,4.8878,4.1512,4.8488,4.8389,4.7725,4.6447,4.8149,4.4341,4.7616,4.9343,4.952,5.1294,4.945,4.9034,4.9344,4.5314,5.4385,4.5015,5.0769,4.9871,4.7944,4.3974,4.6901,4.9795,4.5837,5.1148,4.8891,4.4086,5.1125,4.2865,4.829,4.889,4.2208,3.7805,4.5136,4.4394,4.2031,4.4452,4.257,4.1328,4.4344,3.984,4.3856,4.3594,3.9484,3.7525,4.4333,4.2737,4.1191,4.0555,4.1213,4.2322,4.3033,3.8848,4.1203,4.1177,3.5612,3.8746,3.9307,3.8955,4.069,3.7427,4.2117,3.9772,4.1175,3.5813,3.9961,3.9654,3.5961,3.5908,3.5082,3.949,3.7747,3.528,3.9233,3.6429,3.623
8,-,-,education,4.0475,4.9821,5.2809,7.1729,3.7308,3.15,3.4501,2.7475,5.4787,5.3843,3.9886,3.2961,4.1604,5.2809,5.4476,6.2428,3.9275,3.0152,3.3887,2.428,4.8867,5.4133,3.4585,2.6199,3.7717,4.6072,4.4691,7.42,3.9991,3.0871,3.2968,2.7655,4.7187,5.4661,3.8526,2.9762,4.0016,4.5876,4.6317,7.8518,3.8879,3.113,3.2747,2.5847,5.7689,5.8311,3.4653,2.8432,4.069,4.3174,4.9266,7.8669,3.6958,3.2307,3.4621,3.0894,5.5698,5.4334,3.6167,2.9881,4.1993,4.3982,4.7549,6.6023,3.6706,3.0165,3.2412,2.8954,5.3622,4.6534,3.6622,3.2875,3.9655,4.7807,4.8964,7.0489,3.9488,3.1497,3.3671,2.83,5.8318,5.3198,3.5215,2.8757,3.5862,4.5483,4.7553,8.1034,4.0443,3.1274,3.2363,2.7524,5.0802,5.6609,3.6583,2.7759,3.9251,4.4557,4.3501,7.8405,4.4074,3.2931,3.2849,2.52,5.2186,5.8188,3.3393,2.9877,4.1676,4.6951,4.6939,8.6231,4.1607,3.0097,3.2384,2.8223,5.172,5.6705,3.6781,3.1061,3.8569,4.4903,5.0717,7.5994,3.4042,2.702,2.9126,2.5743,4.5532,5.4761,3.2314,2.5871,3.7131,3.8532,4.4162,6.9374,3.9474,2.7979,3.1366,2.5393,5.8527,5.1053,4.0248,3.0365,3.5214,4.159,4.6952,7.8702,3.9154,2.8164,3.2623,2.3763,4.5368,5.2611,3.4331,2.7177,3.7881,4.373,4.1889,6.867,3.9127,2.6335,2.9581,2.5063,5.9717,5.0293,2.9051,2.5192,3.2514,3.8359,3.3705,7.4313,3.7213,2.6889,3.1617,2.4273,4.343,5.0471,3.1666,2.6303,3.526,3.5335,3.8652,6.6267,3.7653,3.0307,3.078,2.6999,5.165,4.5347,3.3096,2.7431,3.4067,4.1753,4.1799,8.2805,3.4762,2.6965,3.1108,2.6739,5.1569,4.4808,3.0198,3.1838,3.6541,4.5775,3.892,7.1419,3.3824,2.8348,2.7808,2.3159,5.0695,5.2405,3.158,2.8797,3.1739,3.7965,4.2642,7.3798,4.2153,3.1606,3.1296,2.7879,4.9636,5.8858,3.3988,3.082,3.6727,3.5586,4.4747,7.3133,4.3572,2.8861,3.2268,2.5543,4.9606,4.7924,2.6338,2.4638,3.0361,3.0883,3.6035,7.1954,3.6855,2.5214,3.0776,2.5782,4.6235,5.1184,3.2549,2.8599,3.2753,4.5866,4.4309,7.4541,4.1094,3.0175,2.7937,2.7839,5.7432,6.0944,3.2152,3.3738,2.9642,3.887,4.1571,7.9078,3.6314,2.7235,3.0679,2.7578,4.963,4.7056,2.7725,3.4192,2.5749,3.1273,3.4311,6.473,4.0608,2.5059,2.524,2.3874,4.5086,5.2001,2.492,3.184,3.5244,4.3588,3.7918,7.8158,4.3348,2.6099,2.635,2.2482,4.7694,4.3689,3.1592,3.0593,3.6302,4.0725,4.3708,7.4552,3.6943,2.4257,2.5918,2.3511,4.0189,4.4246,3.0887
8,1,-,Tuition fees etc.,3.0379,3.9259,3.741,5.7383,2.7599,2.1233,2.2222,1.7571,4.4711,4.3662,2.9632,2.356,3.177,4.3821,4.0693,5.0432,3.0085,2.0779,2.2259,1.5978,3.98,4.5005,2.5359,1.7264,2.914,3.7252,3.2659,6.1038,3.1103,2.195,2.2195,1.8538,3.69,4.489,2.9146,2.088,3.0743,3.6077,3.3264,6.5575,3.0428,2.277,2.3151,1.7153,4.7828,4.9547,2.6076,1.9424,3.06,3.3989,3.476,6.509,2.7947,2.17,2.3135,2.0235,4.5833,4.6524,2.7067,2.0964,3.3378,3.4962,3.4415,5.3602,2.8497,2.1225,2.1326,1.9901,4.4394,3.8438,2.8208,2.4751,3.1173,3.9381,3.4447,5.8107,3.0474,2.0917,2.2365,1.7933,4.7841,4.4212,2.5002,1.8967,2.7514,3.7171,3.4121,7.01,3.1303,2.1623,2.1198,1.8795,4.0963,4.7622,2.7058,1.8637,3.1076,3.5377,2.9731,6.5965,3.5689,2.3525,2.2821,1.6716,4.2873,4.9138,2.3974,2.0417,3.1911,3.8449,3.3366,7.3174,3.2179,2.0369,2.0731,1.9009,4.1543,4.7312,2.6315,2.022,2.8549,3.569,3.6182,6.2031,2.5538,1.706,1.8568,1.6366,3.6319,4.6383,2.3007,1.7052,2.7712,3.0469,2.9298,5.6922,2.9907,1.9018,1.969,1.6524,4.7828,4.1386,2.9368,2.0458,2.4357,3.1301,3.1168,6.5839,2.9207,1.8398,2.1497,1.5991,3.6044,4.4466,2.5455,1.6713,2.8415,3.2298,2.7308,5.6288,3.0028,1.6833,1.7802,1.5549,4.9934,4.0588,2.0354,1.6147,2.3109,2.941,2.2997,6.2924,2.8271,1.797,1.9533,1.4752,3.2435,4.0183,2.2439,1.6843,2.5362,2.6853,2.5058,5.7052,2.8925,2.0045,1.9474,1.7956,4.2529,3.5991,2.4302,1.8743,2.4714,3.2991,3.0666,7.1308,2.7283,1.7506,1.91,1.6646,4.1948,3.6679,2.2252,2.18,2.6306,3.7415,2.5196,6.0555,2.6203,1.7191,1.8242,1.5382,4.0792,4.2931,2.2682,1.7603,2.2533,2.9581,3.0581,6.3694,3.3718,2.231,2.0022,1.7198,3.9333,4.7642,2.4288,1.9561,2.682,2.7143,3.1183,6.3041,3.456,2.0926,2.0634,1.6418,4.0804,3.9432,1.6548,1.4379,1.9988,2.2754,2.2193,6.1585,2.7339,1.6617,1.9918,1.5831,3.4158,4.0405,2.2496,1.7717,2.1934,3.695,3.0846,6.3908,3.2477,2.0266,1.6749,1.6311,4.6505,5.1664,2.2301,2.133,2.0295,2.8823,2.8067,6.787,2.793,1.8618,1.6778,1.626,3.9737,3.663,1.8213,2.4181,1.8177,2.3151,2.4386,5.6359,3.3424,1.6825,1.6263,1.4992,3.4597,4.2626,1.6231,2.2111,2.6666,3.5349,2.5477,6.804,3.3362,1.6864,1.5114,1.2444,3.8526,3.5358,2.2046,2.2375,2.7213,3.2749,3.3428,6.5038,3.0065,1.7169,1.6163,1.4982,3.1526,3.5282,2.1356
8,2,-,Textbooks/study reference materials,0.0908,0.0757,0.328,0.2762,0.1384,0.0722,0.0732,0.0445,0.0742,0.0692,0.0764,0.0605,0.0631,0.0739,0.293,0.2603,0.1611,0.0696,0.0624,0.0453,0.0634,0.0769,0.0526,0.0506,0.1035,0.0665,0.3036,0.2651,0.1024,0.0591,0.0729,0.0432,0.0731,0.1,0.056,0.0538,0.0649,0.0865,0.3126,0.2834,0.0804,0.0473,0.0708,0.0466,0.0567,0.0444,0.0432,0.0419,0.0505,0.06,0.3254,0.2758,0.1097,0.0594,0.0552,0.0382,0.0576,0.0563,0.0393,0.0431,0.0493,0.0731,0.3025,0.2998,0.0903,0.0637,0.0455,0.0427,0.1138,0.0656,0.0462,0.0448,0.053,0.0542,0.2847,0.2394,0.0678,0.0623,0.066,0.05,0.082,0.0679,0.0555,0.0566,0.0465,0.0506,0.2459,0.2328,0.0812,0.0442,0.06,0.0348,0.0551,0.07,0.0453,0.0498,0.0468,0.1294,0.2732,0.2858,0.0555,0.045,0.0463,0.034,0.0501,0.0607,0.0358,0.0418,0.0501,0.0545,0.2733,0.2406,0.1583,0.0415,0.0645,0.0357,0.0743,0.0591,0.0386,0.0343,0.0483,0.0364,0.2744,0.2297,0.0652,0.034,0.0508,0.0256,0.0657,0.0731,0.0362,0.0361,0.047,0.0537,0.2446,0.2543,0.0887,0.038,0.05,0.0344,0.067,0.0991,0.0417,0.0463,0.0442,0.047,0.261,0.2212,0.0698,0.0419,0.0494,0.0259,0.06,0.0426,0.0245,0.0356,0.0398,0.047,0.2777,0.2086,0.0577,0.0341,0.0322,0.0253,0.0417,0.0513,0.0297,0.0311,0.0279,0.054,0.207,0.1834,0.0693,0.0282,0.0417,0.0276,0.0596,0.0485,0.041,0.028,0.0269,0.0486,0.2903,0.2163,0.0405,0.0279,0.0346,0.0319,0.0587,0.0414,0.0443,0.0311,0.0331,0.0319,0.2921,0.2321,0.0369,0.0306,0.0406,0.0253,0.0431,0.045,0.027,0.0336,0.0358,0.0288,0.2611,0.1514,0.0442,0.0435,0.0372,0.0289,0.0506,0.0368,0.0288,0.036,0.0235,0.0388,0.2251,0.1922,0.0387,0.0198,0.0293,0.0294,0.0564,0.0375,0.0253,0.0289,0.0331,0.0568,0.3146,0.1826,0.0638,0.0282,0.0319,0.0233,0.0522,0.0461,0.0362,0.024,0.023,0.0467,0.2755,0.1706,0.1186,0.0723,0.0431,0.0308,0.0585,0.042,0.0305,0.0286,0.0474,0.0582,0.2437,0.2149,0.0551,0.038,0.0448,0.0476,0.0498,0.0376,0.0249,0.0404,0.0327,0.0562,0.2897,0.1809,0.0647,0.0314,0.0343,0.0279,0.0623,0.0359,0.0238,0.0314,0.0335,0.0452,0.2874,0.1415,0.0381,0.0254,0.0373,0.0249,0.0399,0.0358,0.0303,0.0358,0.0383,0.064,0.2375,0.1443,0.0561,0.0566,0.0492,0.0239,0.0465,0.0271,0.0223,0.0298,0.0334,0.032,0.204,0.1443,0.0452,0.019,0.0343,0.0242,0.032,0.0345,0.0385
8,3,-,supplementary education,0.9189,0.9802,1.2119,1.1587,0.8322,0.9541,1.155,0.9458,0.9334,0.9492,0.9494,0.8798,0.9207,0.825,1.0853,0.9394,0.7581,0.8677,1.1004,0.7845,0.8437,0.8359,0.8704,0.8429,0.7542,0.8158,0.8996,1.0511,0.7864,0.8327,1.0041,0.8685,0.9556,0.8771,0.8816,0.8343,0.862,0.8939,0.9927,1.0109,0.7647,0.7887,0.8891,0.8224,0.9291,0.832,0.8145,0.8589,0.9586,0.8581,1.1251,1.0823,0.7914,1.0014,1.0935,1.028,0.9286,0.7244,0.8704,0.8486,0.8125,0.8289,1.0109,0.9426,0.7309,0.8303,1.0636,0.8627,0.809,0.744,0.7948,0.7679,0.7956,0.7887,1.1674,0.9991,0.8336,0.996,1.0646,0.987,0.9656,0.8304,0.9662,0.9221,0.7886,0.7802,1.0974,0.8609,0.8324,0.9209,1.0565,0.8384,0.9291,0.829,0.9072,0.8625,0.7708,0.7885,1.1038,0.9582,0.783,0.8955,0.9565,0.8143,0.8816,0.8442,0.906,0.9039,0.9264,0.7957,1.0841,1.0655,0.7845,0.9313,1.1008,0.886,0.9433,0.8802,1.0079,1.0495,0.9537,0.8849,1.1791,1.1667,0.7851,0.962,1.005,0.9125,0.8552,0.7644,0.8944,0.8459,0.8949,0.7523,1.2415,0.9913,0.8683,0.8581,1.1177,0.8525,1.0029,0.8676,1.0467,0.9443,1.0416,0.9822,1.3175,1.0651,0.9249,0.9347,1.0636,0.7517,0.8725,0.7719,0.8631,1.0108,0.9071,1.0962,1.1807,1.03,0.8521,0.916,1.1458,0.9261,0.9363,0.9192,0.8399,0.8734,0.9126,0.8409,0.8638,0.9555,0.8246,0.8637,1.1666,0.9241,1.0399,0.9803,0.882,0.9177,0.9629,0.7996,1.0693,0.7052,0.8323,0.9983,1.0957,0.8727,0.8534,0.8941,0.8351,0.8377,0.9019,0.8448,0.8216,0.9175,0.7111,0.9149,1.1602,0.9839,0.9191,0.7678,0.7676,0.9705,0.9876,0.8068,1.1113,0.935,0.7182,1.0722,0.9191,0.7488,0.9397,0.9107,0.8613,1.083,0.8975,0.7997,0.981,0.8182,0.8048,0.9098,1.0985,1.0387,0.9739,1.0844,0.9447,1.097,0.9573,0.7875,1.0418,0.8265,0.8375,0.7653,1.1315,0.8889,0.8283,0.8031,0.9427,1.0019,1.0144,0.7662,1.1088,0.8663,0.8329,0.787,1.0427,0.9643,1.1487,1.0359,0.9748,1.0597,1.0345,0.833,1.103,0.8481,0.8066,0.9528,1.0735,1.1052,1.0429,0.8904,0.9602,1.2008,0.902,0.9485,1.0607,0.9399,0.7738,0.8303,1.3561,1.1039,0.927,1.0067,0.9274,0.9698,0.7234,0.767,0.7053,0.6959,0.6804,0.7981,0.8604,0.8633,1.0089,0.9017,0.8386,0.9368,0.8194,0.76,1.0065,0.8675,0.9424,0.8669,1.0745,0.9795,0.8703,0.806,0.9323,0.792,0.8756,0.7659,0.8242,0.8071,0.6425,0.6899,0.9411,0.8287,0.8341,0.8619,0.9146
9,-,-,educational entertainment,10.2322,10.2307,10.7383,10.1844,10.9617,10.6209,10.8699,12.5138,9.9316,10.3004,9.9918,10.4159,9.9961,9.9126,10.4366,10.956,10.9384,11.1007,10.9346,12.3178,10.2517,9.5399,10.3561,10.7276,10.2434,10.289,10.1084,10.5787,11.1584,10.0305,10.8889,11.8445,10.1241,10.504,10.4235,10.5407,9.8512,10.2133,9.9905,9.9427,10.5975,10.1555,10.8787,11.7221,9.8061,10.4222,10.361,10.6464,9.795,10.4687,10.045,10.6713,11.485,10.6102,10.7922,12.5281,10.3258,10.2559,10.3493,10.9564,9.7374,10.3422,10.4665,10.2849,10.8367,10.8858,11.116,12.0112,10.7369,10.7384,10.4622,10.4941,9.6043,10.6103,10.4184,10.6609,11.4935,10.4439,10.4513,11.3675,10.5808,10.9409,10.8011,10.9872,10.0573,10.7482,10.4174,10.6312,11.7041,10.9232,11.0211,12.2695,10.6705,10.4753,10.7405,11.3016,9.8042,10.6661,10.7731,11.1527,11.4963,11.3899,11.266,12.0857,11.4301,10.6746,11.0731,11.4284,10.4656,10.7888,10.749,11.0244,11.4969,10.9148,11.4786,12.662,11.5727,10.5695,11.5372,11.4586,10.4286,11.1084,11.3069,10.7265,11.9937,11.6147,11.1973,12.5044,11.0696,11.6518,12.9048,11.4004,9.8755,10.9416,9.9623,10.4687,10.864,11.2593,11.7681,11.7323,10.6837,10.5012,10.2557,10.6855,9.6269,10.1402,10.385,10.3226,11.2101,10.3703,10.416,11.4849,10.2818,10.2826,10.2604,10.5849,9.6129,10.194,9.9729,10.4921,10.9588,11.0197,10.789,11.6766,10.1221,10.0325,10.3478,10.3213,9.9939,9.3395,10.4755,10.9277,11.4793,10.6235,10.4455,11.4981,10.4318,9.974,10.5712,10.154,9.2894,9.4736,10.1011,10.0509,10.8758,10.5579,11.035,11.6065,10.4918,10.2128,10.4908,10.36,9.2749,9.6755,10.4168,10.2053,10.9659,10.937,11.0168,11.8366,10.684,10.4553,10.3353,9.8955,9.5965,9.6756,10.6158,10.3542,10.7106,10.6446,10.5839,11.8158,10.2726,9.6828,10.1636,10.3083,9.6123,9.5703,10.2666,10.0367,10.5813,9.8853,10.1536,11.0308,10.0928,9.6603,9.9943,10.4698,9.9131,9.7986,10.028,10.5793,10.7577,10.7645,10.3244,11.3908,10.2825,9.8466,10.7273,10.9854,9.8108,9.4198,8.554,7.884,8.0649,8.6628,8.945,9.1308,8.9779,9.3366,9.3568,9.5344,8.3709,8.3854,9.0897,8.8738,9.0204,9.1388,9.2387,9.4341,8.624,9.2608,9.4488,9.5749,8.2074,8.7849,9.1587,9.3921,9.7867,9.8517,9.7104,10.6306,9.373,9.5498,9.8284,9.6137,9.4346,9.3643,10.1596,10.1747,10.5403,9.9904,10.0207,11.3815,9.582,10.0111,10.5663,10.2085,9.56,9.6313,10.0752,9.4919,10.028,10.2429,10.6946,10.9467,9.8179,9.9915,10.4159,9.9891,9.1241,9.7256,10.152,10.1174,10.537,9.9178,10.0146,11.9098,10.1206,10.1596,10.2373
9,1,-,Educational and recreational durable goods,1.3875,1.0978,1.3148,0.9064,0.8614,1.0297,1.2629,0.952,1.0281,0.9774,1.0833,1.4304,1.189,1.1808,1.3715,1.0621,0.7957,1.356,1.1364,1.0269,1.061,0.7888,0.8748,1.5472,1.1808,1.241,1.1926,0.9568,0.8415,0.9225,0.8461,0.8558,1.1502,0.9541,1.2102,1.1065,1.0745,0.9645,0.994,0.9652,0.7933,0.9789,1.1119,0.9104,0.869,0.8954,0.8694,1.2282,1.0323,0.9459,1.0658,1.0148,1.0878,0.8767,1.1186,0.9291,0.9549,0.7524,0.9447,1.3086,1.2613,0.9042,1.216,1.1156,0.7573,0.9739,1.1962,1.05,0.9988,1.1458,1.0606,1.4708,1.2219,1.2809,1.424,1.0327,1.1177,0.8913,0.9801,0.8672,0.9956,0.9654,1.1016,1.3928,1.1627,0.9481,1.3069,0.8926,1.0643,1.1358,1.4199,1.2103,1.0993,0.9394,1.0349,1.6709,1.1752,1.1594,1.2177,1.1516,1.0856,1.1566,1.1935,1.186,1.2156,0.9255,1.2021,1.4784,1.3639,1.1942,1.5682,1.0325,1.1932,1.1254,1.4687,1.4359,1.3616,0.9722,1.7844,1.9036,1.5309,1.3788,2.0713,1.1887,1.4178,1.2706,1.358,1.4378,1.445,1.933,3.3204,1.5471,1.2891,1.2435,1.5471,1.0825,0.9632,1.3055,1.5308,0.7876,0.964,0.7531,0.8097,0.9778,0.8922,0.6425,0.9729,0.7498,0.5512,0.5378,0.5683,0.6443,0.6172,0.4883,0.6465,0.7521,0.751,0.6046,0.7531,0.6627,0.4724,0.5697,0.4949,0.4743,0.6341,0.634,0.6432,0.8516,0.7308,0.7809,1.373,0.8417,0.6698,0.628,0.5205,0.5179,0.5403,0.56,0.8331,0.5987,0.629,0.5865,0.7608,0.6503,0.5614,0.5736,0.6168,0.498,0.4612,0.4479,0.6001,0.6994,0.6086,0.4793,0.6976,0.6536,0.655,0.6479,0.7006,0.4422,0.6435,0.455,0.6531,0.6484,0.7237,0.7347,1.0015,0.518,0.6405,0.5428,0.6748,0.5183,0.5015,0.4871,0.4507,0.6013,0.5658,0.5226,0.7831,0.6385,0.5265,0.4334,0.5459,0.5306,0.6554,0.6539,0.5554,0.786,0.5818,0.5257,0.8733,0.6319,0.6082,0.6653,0.567,0.572,0.9218,0.6068,0.8419,0.977,1.0332,0.6672,0.9373,0.9059,0.8134,0.9912,1.0573,0.6987,0.7374,0.7266,0.7312,1.0454,0.9269,0.774,1.2447,0.8939,0.9026,0.8671,1.0071,0.7778,0.8051,0.6681,0.7122,0.6229,0.7179,0.6809,1.2133,0.7254,0.6173,0.6746,0.6467,0.5056,0.6843,0.5835,0.8711,0.719,0.8152,0.5558,1.0663,0.776,0.6123,0.5516,0.537,0.6607,0.7587,0.6289,0.6517,0.7283,0.8664,0.6703,0.9855,0.5924,0.496,0.4771,0.8765,0.5093,0.7727,0.5945,0.8568,0.7793,0.7214,0.7346,1.2387,0.8019,0.6394,0.8188,0.6971,0.6755,0.7045,0.8059,0.6893
9,2,-,Educational and recreational supplies,2.3086,2.152,2.5529,2.6134,2.6581,2.2073,2.1153,2.1891,2.1946,2.2491,2.2669,3.1058,2.2896,2.0579,2.3818,2.7189,2.6996,2.4034,2.197,2.2455,2.3129,2.0386,2.386,3.058,2.2947,2.0897,2.4808,2.6806,2.7119,2.3153,2.0637,2.2672,2.0777,2.1771,2.2637,3.1418,2.1534,2.1347,2.3216,2.5102,2.6354,2.1886,2.1343,2.2588,2.0678,2.2135,2.3126,3.0313,2.1635,2.1561,2.3192,2.45,2.5063,2.1996,1.9943,2.2421,2.052,2.0031,2.1914,3.0705,2.1433,1.8817,2.1438,2.3659,2.5424,2.2084,2.1739,2.174,2.2023,2.005,2.2112,2.9049,1.9975,1.9821,2.2288,2.4684,2.7137,2.2117,2.175,2.1798,2.2449,2.1181,2.3991,3.1866,2.2376,2.1693,2.3447,2.5265,2.6515,2.2706,2.2816,2.1754,2.1315,2.0011,2.3282,3.0333,2.045,2.1495,2.4184,2.589,2.6464,2.3227,2.1795,2.339,2.2414,2.0765,2.33,3.1171,2.2931,2.0395,2.2666,2.6901,3.0081,2.2749,2.1605,2.4624,2.2493,2.1467,2.2357,3.001,2.2955,2.1236,2.2001,2.5067,2.7704,2.1317,2.248,2.2481,2.1462,2.0777,2.2096,3.0342,2.0288,1.9805,2.2535,2.4809,2.6597,2.2682,2.12,2.2219,2.0921,2.1141,2.1746,3.0913,2.1295,1.8293,2.2587,2.5008,2.7005,2.2008,2.0014,2.1277,2.1743,2.0286,2.1262,3.0182,2.1036,2.0541,2.3247,2.4282,2.6296,2.3265,2.1283,2.2625,2.181,1.9751,2.3742,2.8654,2.1375,1.9328,2.3822,2.1748,2.9188,2.209,2.1627,2.3678,2.2131,2.0979,2.3167,2.9459,2.1025,1.9519,2.1796,2.5639,2.7294,2.2017,2.2184,2.3262,2.3481,2.1767,2.259,3.0865,2.1134,2.1296,2.3361,2.4682,2.7744,2.4222,2.2779,2.3023,2.1601,2.0996,2.1606,2.8689,2.1647,1.9034,2.2978,2.5003,2.6889,2.3783,2.1673,2.3694,2.1655,2.0709,2.2876,3.0445,2.1356,1.8561,2.5725,2.5292,2.739,2.2284,2.2302,2.2607,2.2512,2.1367,2.2434,3.0382,2.3068,2.1026,2.3849,2.6284,2.5547,2.3512,2.2106,2.2603,2.3536,2.1858,2.5208,3.1393,2.1325,2.0756,2.5084,2.4787,3.1696,2.5334,2.5347,2.5934,2.4253,2.2874,2.4279,3.1866,2.2759,2.3727,2.5768,2.6358,2.7118,2.3989,2.4541,2.53,2.3422,2.3323,2.39,2.976,2.0983,2.0284,2.5236,2.6022,2.8069,2.5093,2.4619,2.4068,2.3537,2.3456,2.405,2.9401,2.2417,2.1582,2.4991,2.5357,2.9577,2.3898,2.3717,2.4335,2.3056,2.3462,2.6582,2.9531,2.2054,2.1767,2.5481,2.5381,2.75,2.4864,2.3109,2.4058,2.3354,2.1594,2.5971,2.9322,2.0683,2.1755,2.4284,2.7042,2.6999,2.4118,2.3474,2.6355,2.3653,2.5571,2.7415
9,3,-,Books and other printed materials,1.3901,1.5778,1.4487,1.3577,1.4635,1.4504,1.3946,1.4333,1.4427,1.4884,1.5191,1.3326,1.3648,1.5087,1.4298,1.4298,1.4996,1.4864,1.3998,1.4596,1.485,1.4713,1.5048,1.4141,1.4573,1.6568,1.5146,1.5348,1.6245,1.5797,1.4831,1.5412,1.5276,1.546,1.5896,1.4799,1.4655,1.6348,1.5458,1.4378,1.591,1.5469,1.5157,1.4738,1.5488,1.5323,1.5993,1.4864,1.4432,1.5861,1.4887,1.4702,1.5452,1.5495,1.4801,1.5057,1.62,1.5266,1.599,1.514,1.4619,1.6152,1.515,1.4488,1.5417,1.5345,1.5463,1.4894,1.5381,1.5316,1.6237,1.4306,1.4354,1.5415,1.4667,1.406,1.5371,1.5216,1.4976,1.4694,1.6142,1.4951,1.5389,1.4327,1.4156,1.5328,1.4185,1.4116,1.4828,1.4748,1.4765,1.4245,1.5143,1.4465,1.5196,1.382,1.3646,1.5307,1.4423,1.3824,1.4681,1.4598,1.4388,1.4405,1.4757,1.4854,1.5079,1.417,1.3807,1.5069,1.4636,1.4024,1.4678,1.4929,1.468,1.4489,1.4713,1.4695,1.4743,1.4138,1.3702,1.4703,1.43,1.414,1.4684,1.4601,1.4313,1.384,1.4305,1.4243,1.4218,1.3789,1.397,1.4767,1.4018,1.3669,1.4586,1.4638,1.3926,1.395,1.4933,1.4198,1.5126,1.3533,1.3782,1.4418,1.3645,1.3085,1.3897,1.4214,1.3805,1.3467,1.4372,1.3675,1.4351,1.3877,1.3256,1.4028,1.2993,1.3072,1.3638,1.393,1.3855,1.3462,1.3363,1.3142,1.3604,1.2768,1.2448,1.3439,1.1866,1.2865,1.396,1.3637,1.3322,1.3239,1.3513,1.321,1.3683,1.2787,1.2589,1.3455,1.2586,1.2753,1.2617,1.3218,1.316,1.2725,1.3051,1.3098,1.3554,1.298,1.2467,1.3285,1.2566,1.2291,1.2841,1.3425,1.2706,1.2839,1.2961,1.253,1.2908,1.2515,1.243,1.3052,1.211,1.201,1.2316,1.2496,1.1838,1.2108,1.2712,1.2076,1.2644,1.2149,1.1771,1.21,1.1729,1.1272,1.1905,1.2072,1.1408,1.1505,1.2146,1.1712,1.2254,1.1273,1.1072,1.189,1.1291,1.0573,1.1808,1.1976,1.1655,1.1514,1.1144,1.1842,1.196,1.1644,1.1098,1.1717,1.1652,1.2108,1.2896,1.1907,1.2184,1.1612,1.2051,1.1633,1.1958,1.2124,1.2272,1.2593,1.2056,1.1729,1.1567,1.2152,1.1789,1.1769,1.1907,1.1433,1.1363,1.1198,1.0994,1.2032,1.0411,1.0216,1.0546,1.0745,1.0757,1.0577,1.0616,1.0322,1.0796,1.0569,1.039,1.0944,0.9905,0.9981,1.0355,1.0721,1.0567,1.0298,1.01,1.0001,1.0881,1.0667,1.0502,1.0698,0.9727,0.9467,0.972,0.984,1.0312,0.9789,0.9953,0.9309,1.004,0.9554,0.9728,0.9907,0.9203,0.8925,0.8849,0.9434,0.9326,0.9169,0.9185,0.9284,0.9292
9,4,-,Educational and entertainment services,5.1456,5.4032,5.4219,5.307,5.9783,5.9335,6.0975,7.9392,5.2659,5.5852,5.1224,4.547,5.1526,5.1652,5.2534,5.7449,5.9435,5.8548,6.2014,7.5858,5.3928,5.2412,5.5908,4.7083,5.3106,5.3015,4.9204,5.4065,5.9801,5.2127,6.4961,7.1803,5.3686,5.8268,5.3603,4.8124,5.1578,5.4793,5.1291,5.0296,5.5778,5.4415,6.1168,7.0795,5.3205,5.7811,5.5797,4.9002,5.1561,5.7807,5.1709,5.7363,6.3458,5.9845,6.1993,7.8516,5.699,5.9738,5.6142,5.063,4.8712,5.9411,5.5913,5.3545,5.9953,6.1686,6.1995,7.2978,5.998,6.0561,5.5666,4.6878,4.9495,5.8058,5.2989,5.7535,6.1247,5.8193,5.7986,6.851,5.726,6.3622,5.7615,4.9751,5.2413,6.098,5.3473,5.8005,6.5055,6.0423,5.843,7.4593,5.9258,6.0882,5.8578,5.2154,5.2191,5.8261,5.6948,6.0297,6.2962,6.4511,6.4538,7.1203,6.4975,6.1876,6.0331,5.4158,5.4279,6.0486,5.4503,5.8993,5.8278,6.0212,6.3811,7.3148,6.4906,5.9811,6.0431,5.1405,5.2323,6.1356,5.6055,5.6171,6.3371,6.7524,6.16,7.4345,6.0476,6.2168,5.9533,5.44,5.1606,6.241,4.7602,5.5384,5.7829,6.2218,6.7243,7.3282,6.1342,6.2145,5.7587,5.2627,5.227,6.2269,5.7886,5.7639,6.5687,6.2107,6.4653,7.3666,6.0531,6.3982,6.0525,5.4269,5.4324,6.1324,5.5961,6.094,6.493,6.7304,6.7805,7.5936,5.9706,6.1096,5.97,5.3278,5.8811,5.2819,5.5338,6.6247,6.4946,6.4229,6.4301,7.2886,6.3268,5.9952,6.0527,5.3306,5.2987,5.5893,5.9022,5.5614,6.3233,6.4604,6.8838,7.5097,6.3775,6.2783,6.2763,5.2757,5.3066,5.7385,6.1265,5.8542,6.2524,6.5243,6.7678,7.8082,6.584,6.6477,6.2312,5.1267,5.465,5.7323,6.1056,6.1346,6.1493,6.4739,6.5581,7.7173,6.334,5.9168,6.1609,5.4477,5.7341,5.9816,5.7385,5.7414,6.1257,6.0163,6.2371,7.089,5.9715,5.6981,5.9699,5.5186,5.9174,5.9812,5.6406,6.2616,6.4141,6.5504,6.381,7.407,5.8927,5.8694,6.1683,5.7051,5.5353,5.505,3.943,3.2886,2.7923,3.9474,4.1346,4.6772,4.6097,5.1589,5.0018,4.0898,3.9412,3.979,4.0629,4.1715,4.2492,4.6576,4.5986,4.949,4.286,5.1171,5.2099,4.8562,4.2919,4.8719,4.3806,5.0425,5.3082,5.5933,5.5262,6.6606,5.2733,5.5885,5.4723,4.8977,5.3387,5.5559,5.6037,5.8645,5.9349,5.9769,6.0553,7.2574,5.5077,6.0356,6.1682,5.4604,5.4379,5.7145,5.569,5.4146,5.81,6.2954,6.4761,7.0524,5.7146,6.3067,5.958,5.3222,5.3613,5.8246,5.5646,5.7191,6.3129,5.7437,6.0374,7.6821,6.1323,5.8686,5.8773
9,4,1,Accommodation fee,0.7086,0.4789,0.4983,0.4024,0.7243,0.3245,0.5817,1.6052,0.4534,0.5362,0.453,0.2569,0.7025,0.3851,0.4478,0.476,0.5357,0.3517,0.5225,1.3505,0.4483,0.4374,0.5669,0.3617,0.7706,0.3997,0.4791,0.4288,0.6545,0.3517,0.6202,1.3692,0.5318,0.5725,0.4617,0.3692,0.7261,0.4253,0.5885,0.3828,0.5478,0.4079,0.6319,1.3153,0.5839,0.5495,0.5734,0.3916,0.5815,0.4643,0.5346,0.4487,0.7204,0.3954,0.5677,1.3974,0.5405,0.5772,0.4812,0.3773,0.6149,0.5286,0.5483,0.3681,0.6616,0.3901,0.6208,1.1995,0.4987,0.5477,0.5102,0.3471,0.5943,0.3849,0.5272,0.4612,0.6929,0.3668,0.5145,1.1387,0.504,0.5755,0.6848,0.3578,0.6378,0.4847,0.5026,0.5858,0.6111,0.3963,0.537,1.2613,0.6516,0.5175,0.5201,0.3461,0.5519,0.4456,0.6488,0.5414,0.6469,0.4206,0.6737,1.2818,0.5671,0.6034,0.5886,0.4229,0.5895,0.3514,0.5092,0.3702,0.6742,0.4202,0.475,1.2709,0.6553,0.574,0.6922,0.3856,0.5101,0.515,0.5625,0.462,0.7908,0.3917,0.6212,1.2442,0.536,0.5146,0.5665,0.3722,0.6525,0.4644,0.3738,0.3275,0.6851,0.3578,0.5885,1.4035,0.7574,0.6505,0.4989,0.4148,0.4532,0.3793,0.5885,0.5365,0.7092,0.3981,0.6912,1.2649,0.6247,0.6196,0.6578,0.3822,0.5686,0.436,0.5949,0.5749,0.6531,0.559,0.5718,1.4218,0.6327,0.5989,0.6807,0.485,0.6419,0.512,0.6183,0.554,0.7196,0.4615,0.7064,1.3891,0.6326,0.6043,0.6886,0.47,0.6303,0.4988,0.5961,0.4892,0.7695,0.5967,0.6361,1.4126,0.7441,0.7787,0.8109,0.4509,0.6022,0.3955,0.7052,0.483,0.7341,0.5137,0.7678,1.5991,0.7255,0.6462,0.6716,0.4289,0.6256,0.4232,0.6471,0.5292,0.7419,0.503,0.7557,1.5375,0.6473,0.6508,0.6724,0.4951,0.6479,0.5546,0.6151,0.6093,0.7216,0.4887,0.6101,1.3676,0.5883,0.6381,0.8219,0.639,0.793,0.556,0.6687,0.7452,0.9425,0.5836,0.6631,1.44,0.7821,0.5782,0.7519,0.6061,0.647,0.4872,0.3114,0.0411,0.0262,0.232,0.4148,0.5558,0.4528,0.4726,0.5841,0.2686,0.2988,0.2373,0.3832,0.2907,0.3924,0.2301,0.5401,0.5539,0.2782,0.5167,0.7422,0.7522,0.5063,0.271,0.4576,0.5146,0.7268,0.5984,0.7869,1.4312,0.7908,0.7007,0.7089,0.6272,0.7456,0.5327,0.9263,0.5972,1.0058,0.5295,1.0141,1.6268,0.7686,0.913,1.0567,0.6139,0.8364,0.7218,0.8453,0.7999,0.9,0.7145,1.1068,1.8075,0.9411,1.0395,0.9949,0.7555,0.8075,0.78,0.9563,0.7562,1.0209,0.6949,0.8816,1.7966,0.929,0.9343,1.1007
9,4,2,package travel expenses,1.196,1.6958,1.9661,1.7001,1.9487,2.0833,2.5833,2.8833,1.7223,1.8105,1.4518,1.3451,1.2596,1.3262,1.7355,1.8288,1.9564,2.1839,2.5445,2.8151,1.8174,1.5763,1.3803,1.086,1.2692,1.211,1.4453,1.4843,1.7074,1.5358,2.6709,2.3224,1.5642,1.8827,1.4513,1.0547,1.1428,1.5516,1.328,1.089,1.4225,1.44,2.089,2.1989,1.4442,1.598,1.5848,1.168,1.2842,1.4352,1.4844,1.532,2.0162,1.6322,2.1393,2.4769,1.7782,1.6921,1.3262,1.1778,0.9207,1.598,1.8792,1.3601,1.7716,1.6993,2.1074,2.2614,1.9726,1.8218,1.5106,0.985,1.0617,1.6621,1.5242,1.7068,1.8989,1.6754,1.9153,1.9761,1.6863,2.0414,1.4039,1.2565,1.1178,1.4111,1.4999,1.4834,2.04,1.8255,1.8156,2.2619,1.6586,1.8415,1.5868,1.3547,1.0832,1.3545,1.6115,1.5906,1.7548,1.9762,2.1306,1.8983,2.1408,1.626,1.5332,1.2203,1.2294,1.4738,1.3467,1.5117,1.375,1.4331,2.0794,1.9095,2.0468,1.5202,1.5087,0.9172,1.075,1.4669,1.515,1.1657,1.5186,2.1418,1.752,2.2113,1.6948,1.6658,1.6094,1.0235,0.8711,1.5411,1.0743,1.1963,1.2174,1.7114,2.1314,1.651,1.6699,1.4674,1.381,1.1052,0.9657,1.4721,1.509,1.186,1.9419,1.623,1.7939,1.9379,1.3764,1.6324,1.4673,1.1936,1.1615,1.3644,1.4439,1.4827,1.8692,1.8974,2.3817,1.901,1.4977,1.5567,1.427,1.0086,1.5501,0.9204,1.5305,1.8323,1.5537,1.5536,1.7785,1.8985,1.5961,1.4946,1.4518,1.1512,1.0223,1.1132,1.5313,1.1269,1.5616,1.5965,2.1485,2.079,1.5275,1.3746,1.5424,0.887,0.9891,1.2155,1.459,1.2589,1.233,1.3964,1.8082,1.919,1.6652,1.6052,1.2981,0.8647,0.9576,1.1088,1.6443,1.1185,1.3973,1.5413,1.7608,1.7922,1.6957,1.1581,1.303,0.9505,1.1936,1.3023,1.2588,1.0104,1.45,1.2943,1.5968,1.595,1.4756,1.0524,1.0628,1.0013,1.3437,1.0191,1.2558,1.4047,1.1994,1.3865,1.7488,1.7143,1.1696,1.0752,1.3657,1.0097,0.9674,0.8851,0.219,0.0433,0.0635,0.1228,0.2016,0.2066,0.445,0.6607,0.5296,0.1803,0.0952,0.0745,0.2201,0.1312,0.159,0.2958,0.2155,0.2333,0.1956,0.4738,0.4267,0.3566,0.3568,0.3129,0.4687,0.6006,0.6114,0.6183,0.7585,0.7777,0.5979,0.7077,0.6281,0.3462,0.8228,0.673,0.8185,1.0044,0.7544,1.0648,0.8274,1.2897,0.7898,0.8034,0.8675,0.6552,0.6996,0.7589,1.0674,0.6942,0.8876,1.2763,1.4254,0.8552,0.6987,0.8933,0.981,0.7149,0.8618,0.8254,1.0415,0.9201,1.2639,0.9431,1.0311,1.4186,1.0771,0.8965,0.8751
9,4,3,Menstrual allowance,1.2244,1.3187,1.2393,1.2205,1.0714,1.3062,1.141,1.0255,1.241,1.2086,1.0591,0.8464,1.2903,1.4876,1.3051,1.2345,1.0774,1.147,1.1666,1.0622,1.2205,1.1313,1.4041,1.0438,1.1497,1.4809,1.1275,1.1689,1.1577,1.1333,1.1793,0.9582,1.183,1.1253,1.159,1.1665,1.2443,1.2904,1.236,1.1988,1.1286,1.1065,1.2214,1.0063,1.1164,1.3041,1.124,0.9563,1.2288,1.3239,1.1553,1.2153,1.1698,1.2837,1.1705,1.2067,1.1679,1.1752,1.1292,1.0459,1.169,1.3315,1.0616,1.1018,0.9656,1.4039,1.0897,1.0275,1.2223,1.0781,1.1061,0.9893,1.0726,1.4387,1.1693,1.018,1.002,1.0743,0.9955,0.8792,1.0974,1.0058,1.1002,0.9083,1.2109,1.4896,1.1494,1.0944,1.1609,1.0392,1.04,1.0117,1.2134,1.0785,1.043,0.8827,1.1222,1.3309,1.0385,1.0039,1.1137,1.0502,1.0943,0.8817,1.2067,1.0134,1.0542,0.9208,1.1237,1.3968,1.1472,1.1082,0.9568,1.0998,1.1106,0.9358,1.0768,1.0129,1.0575,1.0492,1.1301,1.3574,1.1332,1.0913,1.1129,1.1451,1.1214,0.887,1.1599,1.0298,1.0147,1.0899,1.1563,1.3072,1.0617,1.1085,1.0584,1.0782,1.2298,0.9095,1.0729,1.049,0.9999,0.9345,1.221,1.2798,1.1157,1.0565,1.0132,1.1538,1.0763,1.0282,1.1526,1.1515,1.0626,1.0397,1.058,1.4327,1.063,1.1778,1.0047,1.1235,0.9829,1.0631,1.1197,0.9416,0.8997,0.9927,1.0775,1.0799,1.0404,1.029,1.0191,1.1822,1.0378,0.8581,1.1467,0.9935,1.0868,0.9484,1.0581,1.1923,1.1777,1.0207,0.9793,1.0984,1.0703,0.87,1.2479,1.0846,1.0257,1.0734,1.1218,1.1176,1.1699,1.0073,0.9832,1.1356,1.0897,0.8975,1.153,1.0062,1.0519,0.8936,1.0707,1.1648,1.0025,1.2658,0.8815,1.1112,1.0179,0.895,0.9918,1.0425,1.1573,1.052,1.0987,1.1106,1.0942,1.0213,0.952,1.004,1.0106,0.8613,1.1155,0.9776,1.0404,1.0019,1.0036,1.1142,1.0774,0.9909,1.0592,1.1601,0.9812,0.9287,1.0459,1.0359,1.0077,0.977,1.0304,1.0599,0.8781,0.5729,0.377,0.783,0.9041,0.8735,0.9446,0.9904,0.9117,0.832,0.9236,0.8006,0.8189,0.9068,1.0062,1.0258,0.9869,0.9001,0.9732,0.9741,0.9418,0.7793,0.8078,1.3393,0.8188,0.9392,0.8805,0.9849,0.9204,0.9608,0.9982,0.9956,0.9757,0.8524,0.9007,1.0481,0.8956,0.8783,0.7946,0.9762,0.985,0.7453,0.8983,1.0057,0.9013,1.0048,0.9193,1.0358,0.9711,0.7303,0.7905,0.9523,0.8772,0.9436,0.889,0.8665,0.8226,0.853,0.8045,1.0182,0.793,0.8581,0.8713,0.763,0.9559,0.9679,0.8987,0.8026,0.7281
9,4,4,Other educational and entertainment services,2.017,1.9101,1.7183,1.984,2.2339,2.2194,1.7915,2.4252,1.8488,2.0295,2.1582,2.0986,1.9005,1.9666,1.7652,2.2056,2.3739,2.1723,1.9679,2.3579,1.9065,2.0962,2.2395,2.2168,2.1214,2.21,1.8685,2.3246,2.4602,2.1923,2.0257,2.5309,2.0895,2.2463,2.2883,2.222,2.0446,2.2123,1.9767,2.3591,2.479,2.4868,2.1746,2.5592,2.1759,2.3296,2.2974,2.3841,2.0616,2.5572,1.9966,2.5403,2.4396,2.6731,2.3218,2.7706,2.2123,2.5294,2.6775,2.4621,2.1665,2.4827,2.1022,2.5242,2.5965,2.6753,2.3816,2.8097,2.304,2.6081,2.4393,2.3667,2.2208,2.3206,2.0782,2.5675,2.5305,2.7031,2.3734,2.8574,2.4386,2.7391,2.5727,2.4528,2.2748,2.7126,2.1954,2.6372,2.6934,2.781,2.45,2.9243,2.4022,2.651,2.7079,2.632,2.4617,2.6952,2.3963,2.8938,2.7807,3.0037,2.5553,3.0585,2.5832,2.9444,2.8571,2.8515,2.4852,2.8262,2.4469,2.9095,2.8218,3.0685,2.7164,3.1986,2.7112,2.8736,2.7846,2.7882,2.5168,2.7963,2.3948,2.898,2.9151,3.0738,2.6655,3.0921,2.6572,3.0066,2.7624,2.9547,2.4807,2.9284,2.2501,2.9064,2.8219,3.0744,2.7745,3.3637,2.634,3.0472,2.879,2.8082,2.5876,3.0957,2.5754,2.9846,2.9047,3.0355,2.9044,3.1353,2.8995,2.9943,2.8648,2.8117,2.6442,2.8989,2.4939,2.8586,2.9657,3.1505,2.8445,3.2078,2.7204,3.0123,2.9627,2.8415,2.6112,2.77,2.3448,3.2098,3.2025,3.2255,2.9073,3.1429,2.9518,2.9025,2.8258,2.7611,2.5883,2.7851,2.5971,2.9247,3.0129,3.1692,3.0288,3.1481,2.8585,3.04,2.8972,2.8647,2.5935,3.0096,2.7924,3.105,3.3017,3.4787,3.1021,3.3929,3.0402,3.3902,3.2092,2.9395,2.8111,3.0356,2.8116,3.2214,3.1291,3.3184,3.0237,3.4921,2.9992,3.0653,3.0278,2.9501,2.7939,3.0141,2.7703,3.1005,3.0021,3.2293,3.0195,3.2652,2.792,3.0303,3.0448,2.8761,2.7775,3.292,2.6388,3.1208,3.2133,3.4199,2.9883,3.3244,2.8951,3.1802,3.0431,3.1119,2.8909,3.0732,2.5348,2.6314,2.3256,2.81,2.6141,3.0413,2.7673,3.0352,2.9765,2.8088,2.6236,2.8667,2.6404,2.8428,2.6916,3.1058,2.8564,3.2617,2.839,3.1525,3.0997,2.9681,2.6209,2.9486,2.6355,2.9881,3.0895,3.392,3.0601,3.4913,2.8868,3.1842,3.1597,3.0718,2.8696,3.3025,2.9633,3.3846,3.3797,3.406,3.2286,3.596,3.0505,3.3135,3.3424,3.1868,2.9827,3.1983,2.6852,3.1906,3.2322,3.3522,3.0667,3.4462,3.1858,3.5073,3.1595,2.9989,2.8875,3.2009,2.7742,3.1847,3.1567,3.3427,3.1685,3.4987,3.2274,3.2352,3.1737
10,-,-,Other consumption expenditure,25.3791,21.5249,23.2241,23.1839,20.7661,22.0929,20.4965,21.2198,21.4935,22.0322,20.4487,21.446,25.337,20.1513,23.0926,22.719,21.0893,21.4064,20.4852,20.3456,21.5193,22.1437,21.1919,20.5765,24.7919,21.3005,23.8504,22.7394,20.0803,21.0723,21.1017,20.9567,22.2275,21.466,20.4215,20.0363,24.2021,20.3626,22.9702,21.4267,20.829,20.8681,20.6141,20.8116,20.7901,20.1148,21.2413,20.8812,24.8823,20.1937,22.5874,21.5121,19.7277,21.6583,20.4665,20.4787,22.0852,21.179,20.583,20.7353,24.4624,20.8236,22.6015,22.5529,20.1611,19.9963,20.5894,20.8338,19.9211,21.4372,19.4638,20.3715,24.0886,20.3216,23.2695,22.4654,20.1538,20.8405,19.9557,20.6993,19.9133,20.0531,19.1756,18.8861,23.275,20.8731,21.8683,21.802,20.1868,20.8905,20.2766,20.6638,20.5331,20.7287,20.548,19.8111,24.1168,19.997,22.681,20.8491,19.5396,20.1003,19.3142,19.84,19.3922,19.6145,19.0552,19.2343,22.6942,19.21,21.9486,20.5513,19.2985,19.2287,19.3677,19.3025,19.6445,19.7801,19.1659,19.099,21.8195,18.683,20.7675,20.6479,18.4793,19.5719,19.346,18.965,19.3796,19.5277,18.2297,19.1373,22.3333,18.3636,21.1826,20.8232,19.3019,19.9239,18.6052,19.0831,18.886,18.4303,18.6755,19.263,21.6912,18.3584,19.9799,19.8918,18.7238,18.1806,18.0963,19.5867,19.0859,18.2006,18.6352,18.3931,21.7707,18.1336,20.3071,20.5354,18.7052,18.3967,18.4772,18.2283,17.967,18.2382,18.1226,17.5461,20.6413,17.2792,18.2386,19.0663,18.0877,17.7517,18.3244,18.7829,17.7149,18.1451,17.4221,17.3193,20.9386,17.1399,19.3514,18.6901,17.3315,17.4043,16.9522,17.7887,17.0909,18.0003,16.2833,16.83,20.3596,16.7136,18.4154,18.5455,16.5406,18.1578,16.8959,17.9642,17.6068,17.7361,17.0716,17.3576,20.5487,17.1437,18.1425,18.942,17.4223,18.001,17.2742,17.774,17.2703,17.4881,16.6631,17.3608,19.8683,16.3425,17.5155,18.4795,16.2399,17.5209,16.8356,17.4822,17.5465,16.7871,17.0591,17.3693,19.8282,16.3369,18.104,17.9427,16.5859,17.1499,16.9231,17.2225,16.5248,18.3483,16.2886,16.6326,20.2136,16.5621,17.6679,16.9146,16.5203,17.5415,16.9271,16.0204,15.8695,15.7851,15.8558,17.2025,19.1929,15.6014,18.2008,17.7875,17.2164,16.3805,16.5552,16.3008,16.7067,16.5236,16.5838,16.3064,18.7769,16.1924,17.9157,17.273,16.9479,16.2132,16.0129,16.3791,16.2481,16.3416,15.7652,16.0417,17.9518,14.9067,15.6917,15.9914,15.5951,15.1304,15.1773,15.3932,15.572,14.5274,15.4498,15.3354,17.5333,14.2481,15.4415,17.5075,15.984,14.9052,15.0293,16.151,15.5391,15.7838,15.0867,15.7095,17.2443,14.9939,15.5136,16.0216,14.5239,14.1741,14.2914,14.7332,15.4584,15.1363,13.2487
10,1,-,Miscellaneous expenses,6.1872,6.468,6.7648,6.0845,6.303,6.6498,5.8751,6.3308,6.3335,6.4552,6.2542,5.7936,6.4193,5.8295,6.4761,6.2648,7.0129,6.3264,6.5483,6.2405,6.4091,6.7151,6.8498,5.462,6.5058,6.8873,6.7722,6.1534,6.7925,6.96,7.5094,6.7764,8.0813,7.1271,6.9129,6.1617,6.2049,6.5236,7.1553,6.2481,7.2385,7.0004,6.4045,6.9369,7.0431,6.3412,7.8429,6.8015,7.0796,6.6497,7.4364,6.1887,6.8852,7.33,6.8717,7.0096,6.9297,7.4628,7.2219,6.6896,7.1601,7.7175,7.3071,7.2444,7.2557,7.2073,7.6037,7.903,7.2498,8.1277,7.5694,6.5566,7.2022,7.3258,6.8202,6.938,7.2581,7.7372,7.77,7.6299,7.2201,7.3062,7.0929,6.729,7.1265,8.3717,7.9238,7.6578,8.2464,8.2844,8.1229,8.0109,7.5204,7.3728,7.7278,6.9699,7.878,7.6468,8.2319,7.209,7.4168,8.0085,8.3341,7.7505,7.7059,7.7779,7.4764,6.9147,7.8905,8.0186,8.127,7.2929,7.5883,8.1955,8.1974,7.7269,7.837,7.7592,8.4849,7.5164,7.4257,7.6584,8.2387,7.3451,7.7406,8.3608,8.204,8.147,8.6964,7.4438,8.0289,7.784,7.743,7.7747,8.111,7.9464,8.2069,8.4704,8.0501,8.0849,8.1586,7.6721,8.1301,7.7926,7.7344,8.1757,7.9084,7.5576,8.4339,8.1379,8.285,8.758,8.0853,7.7699,8.1856,7.7387,7.8959,7.9631,8.1944,8.2462,8.5867,8.5714,8.552,8.3855,8.7452,8.056,8.0863,7.7752,7.8884,8.4149,8.8113,7.4151,7.9636,8.49,9.017,8.7614,8.7027,8.6545,7.8153,7.8234,8.1691,7.734,8.4262,7.8082,8.2606,8.2813,8.3848,8.4034,8.0497,8.3863,7.9995,7.6502,8.1164,7.8503,8.0408,7.6551,8.2167,9.2158,8.5249,8.3959,8.7789,8.3313,8.5262,8.0125,8.2815,8.5135,7.6555,7.9259,8.446,8.9851,9.229,8.709,8.7038,8.1521,8.225,8.1845,8.1318,8.0519,7.6921,7.7293,7.7652,8.2921,8.5413,8.9329,8.7303,7.9874,8.5717,8.3187,8.2323,8.2162,7.9234,7.3628,8.323,8.6333,8.6371,8.5348,8.4093,8.1721,8.3708,8.0179,8.7264,8.233,8.6242,7.6433,8.151,9.1571,9.0304,8.9546,8.2305,8.5204,8.726,8.7493,8.9427,7.9992,8.8948,8.4257,9.4701,8.6839,9.3276,8.9466,8.9131,7.8888,8.4843,8.3318,8.7359,8.7945,8.5175,7.8802,8.8798,8.9427,9.3602,9.295,8.6662,8.8968,8.8321,9.085,8.6217,8.3394,7.9915,8.0099,8.6289,8.9684,8.8998,8.6076,9.06,7.9788,8.8195,8.2785,8.5143,8.2878,8.2792,8.3134,8.7077,8.8469,8.7399,8.6811,8.7595,9.0289,8.143,8.8426,8.1546,8.83,8.1805,7.6852,8.0358,8.5225,8.7126,8.8242,9.6255,8.5808,8.0524
10,1,1,Hairdressing service,0.998,0.9767,1.0079,0.9273,1.0173,1.0106,0.9961,1.0058,1.0022,1.0188,1.0224,0.924,0.8918,0.9745,0.9776,0.9453,1.0068,1.112,0.9881,0.9723,1.0416,0.9344,1.0158,0.9879,0.9586,1.0666,1.0618,0.9268,1.0179,1.0569,0.9899,0.9853,0.9508,1.0079,1.0317,1.0205,0.9129,1.052,1.0185,0.9712,1.0966,1.0177,1.0051,1.0302,0.9385,0.9921,1.0432,1.0022,0.9672,1.0793,1.0267,0.9653,1.0105,1.0788,1.0307,0.9201,1.0048,0.9798,0.9444,1.01,0.9436,1.0238,1.0278,0.9388,1.0149,1.0746,1.0273,0.9547,1.0127,1.0005,0.9746,0.9604,0.9283,1.017,1.0659,0.9592,1.0171,1.0555,1.0403,1.0213,1.0568,0.9844,0.9878,1.0177,0.9691,1.0401,1.0642,0.9353,1.0586,1.0973,1.0115,1.0225,1.0268,0.9775,0.9946,0.9924,0.9221,1.0837,1.0791,0.9447,1.077,0.9949,1.0685,0.9782,0.9658,0.9852,0.9924,1.0057,0.9563,1.0183,1.0422,0.9551,1.0216,1.05,1.0594,0.9214,1.0238,1.0386,0.9953,0.9888,0.9458,1.0327,0.9807,0.979,1.0459,1.0456,1.0849,0.9541,0.9961,1.0225,0.9493,1.0171,0.88,1.0871,0.9366,0.9899,0.9871,1.0782,1.0755,0.9688,1.0863,1.043,1.0087,1.033,0.9314,1.0565,1.1075,0.9945,0.9906,1.07,1.0251,1.0443,1.1166,1.0505,1.0359,1.0464,0.9154,1.0899,1.0298,0.9156,1.0398,1.1569,1.065,1.0578,1.0022,1.0352,1.0685,1.019,0.9025,1.0566,0.9918,0.9582,1.1591,1.1833,1.1017,1.041,0.9995,1.0773,1.0843,1.0443,0.9743,1.0714,1.063,1.0503,1.0575,1.1089,1.1235,1.0651,1.1093,1.0117,1.018,1.1004,0.9649,1.0542,1.1011,1.0482,1.0989,1.1513,1.1415,1.0657,1.089,1.0519,1.0475,1.104,0.9121,1.072,1.0693,0.9823,1.0888,1.1261,1.1429,1.067,1.1116,1.068,1.0239,1.106,0.904,1.0271,1.1626,0.9588,1.0316,1.1258,1.018,1.0387,1.0554,1.0007,1.0511,1.0429,0.8794,1.1002,1.1391,1.0464,1.0452,1.1637,1.1256,1.0843,1.0243,1.0566,1.046,1.1049,0.998,1.1003,1.026,0.6983,1.0587,1.1312,1.0952,1.0508,1.0042,1.0797,0.9788,1.0457,0.8687,1.1757,0.9722,1.055,1.0667,1.1295,1.1811,1.0449,1.1127,1.088,1.0638,1.0656,0.9173,1.0035,1.0795,0.9826,1.0101,1.1517,1.1202,1.0642,1.1011,1.0778,1.0813,1.1072,0.8616,1.119,1.0545,1.1034,1.1039,1.2179,1.1007,1.0619,1.174,1.0981,1.1257,1.1584,1.0074,1.162,1.0935,1.0035,1.1022,1.2638,1.2106,1.0642,1.1463,1.1046,1.0791,1.1182,0.9584,1.1187,1.1777,1.066,1.1348,1.2027,1.1099,1.1577,1.1167,1.1588,1.046
10,1,2,hairdressing supplies,1.0254,1.1704,1.1678,1.0958,1.2101,1.2975,1.2325,1.1055,1.1708,1.2051,1.1913,1.2164,1.011,1.1345,1.057,1.0807,1.1823,1.2529,1.2369,1.0715,1.2367,1.1758,1.2288,1.2888,1.0635,1.2904,1.2138,1.2126,1.2714,1.3313,1.2753,1.3153,1.2027,1.26,1.2929,1.2534,1.0869,1.2179,1.25,1.1353,1.2916,1.3351,1.306,1.1731,1.3128,1.3321,1.2967,1.3442,1.1531,1.2902,1.2056,1.1029,1.2398,1.3258,1.3169,1.1845,1.2848,1.2547,1.2713,1.2652,1.1554,1.2221,1.1903,1.1792,1.3858,1.4077,1.4205,1.2379,1.332,1.2774,1.4429,1.3861,1.1686,1.1781,1.1623,1.2078,1.3128,1.3396,1.2958,1.3222,1.365,1.3153,1.3724,1.338,1.2207,1.307,1.2342,1.2392,1.3317,1.4031,1.3222,1.337,1.294,1.3741,1.4132,1.3985,1.1174,1.464,1.2759,1.2778,1.4199,1.3804,1.4402,1.2849,1.3623,1.376,1.3843,1.3915,1.2322,1.2923,1.3136,1.261,1.4289,1.4702,1.4557,1.4118,1.4348,1.4316,1.4076,1.4579,1.2778,1.3846,1.2957,1.282,1.4727,1.4731,1.5259,1.4065,1.4827,1.4758,1.4852,1.5376,1.2812,1.5027,1.3323,1.33,1.5009,1.5835,1.5887,1.4833,1.5336,1.5014,1.4936,1.4817,1.3199,1.3772,1.3863,1.3423,1.4463,1.5478,1.5419,1.461,1.5587,1.5206,1.4636,1.6145,1.3886,1.4692,1.3787,1.4216,1.5629,1.5845,1.6327,1.5265,1.4792,1.491,1.5135,1.4161,1.2916,1.4129,1.9045,1.117,1.3352,1.4968,1.523,1.443,1.4922,1.4696,1.5535,1.5278,1.3255,1.382,1.4396,1.3359,1.5176,1.5581,1.5891,1.4405,1.4826,1.5567,1.5135,1.5755,1.4147,1.4116,1.4653,1.353,1.5996,1.6259,1.6248,1.5611,1.4915,1.5006,1.5629,1.6007,1.4242,1.5116,1.4271,1.3662,1.5329,1.59,1.6068,1.6078,1.5822,1.5007,1.5337,1.6986,1.3697,1.477,1.4232,1.4431,1.578,1.6481,1.6642,1.5341,1.57,1.6023,1.6069,1.6218,1.4493,1.4995,1.5591,1.5236,1.5746,1.7267,1.6495,1.5824,2.1157,1.3523,1.6179,1.6719,1.5562,1.663,1.6707,1.6255,1.7439,1.8615,1.7703,1.6468,1.6101,1.6275,1.6127,1.7946,1.5656,1.6609,1.5933,1.4762,1.6406,1.7635,1.8557,1.7016,1.7184,1.6139,1.7074,1.6942,1.4965,1.5119,1.4789,1.4673,1.6216,1.7621,1.7483,1.6539,1.7271,1.6154,1.7185,1.7613,1.4842,1.5403,1.5168,1.532,1.6073,1.8385,1.8145,1.7038,1.7228,1.6624,1.7747,1.819,1.6534,1.6865,1.6146,1.4957,1.6857,1.8733,1.841,1.7117,1.7586,1.6719,1.7897,1.7245,1.5518,1.591,1.6567,1.5249,1.6312,1.7626,1.7589,1.716,1.7133,1.7251,1.7872
10,1,3,personal items,0.6902,0.8955,0.8514,0.7117,0.7697,0.7475,0.7085,0.7378,0.6291,0.6384,0.6034,0.7003,0.7012,0.7348,0.8049,0.6116,0.6865,0.7701,0.7714,0.6543,0.7497,0.8647,0.7676,0.6184,0.845,0.6494,0.764,0.761,0.7758,0.8448,0.7732,0.6111,0.7166,0.7476,0.5672,0.6369,0.639,0.752,0.7967,0.6243,0.687,0.7023,0.6385,0.6745,0.8311,0.6439,0.6594,0.6418,0.7535,0.5963,0.7557,0.6631,0.7901,0.7113,0.6004,0.7241,0.5545,0.7601,0.5479,0.5757,0.6927,0.6186,0.8377,0.6818,0.6985,0.7817,0.725,0.8015,0.6254,0.739,0.7479,0.6217,0.7603,0.6028,0.7803,0.7185,0.6617,0.6545,0.8203,0.7556,0.6461,0.7621,0.4737,0.5872,0.766,0.7076,0.8917,0.6661,0.8284,0.8561,0.826,0.6067,0.5987,0.6027,0.6742,0.5949,0.8279,0.8016,0.6658,0.571,0.7552,0.693,0.6368,0.5949,0.7568,0.5094,0.6138,0.5745,0.7665,0.7867,0.7101,0.6411,0.6984,0.6099,0.6721,0.5557,0.6788,0.6925,0.6237,0.6635,0.6731,0.5989,0.6931,0.5577,0.7417,0.6546,0.7049,0.6552,0.5353,0.685,0.582,0.6878,0.7103,0.5284,0.5694,0.566,0.6036,0.5989,0.6642,0.6489,0.6889,0.5851,0.6707,0.6032,0.6923,0.6067,0.6744,0.6544,0.6721,0.639,0.6633,0.5835,0.6427,0.6945,0.5961,0.5444,0.6375,0.5953,0.779,0.573,0.7855,0.729,0.8903,0.6556,0.7122,0.6254,0.7687,0.7637,0.7968,0.7584,0.8161,0.4749,0.5534,0.7258,0.7367,0.7103,0.7688,0.7495,0.71,0.6848,0.778,0.6513,0.8064,0.6969,0.6675,0.5874,0.8101,0.7329,0.7178,0.5818,0.6298,0.5609,0.694,0.5701,0.7126,0.6649,0.5837,0.7114,0.8343,0.6727,0.6203,0.6462,0.5413,0.5595,0.6589,0.6227,0.7434,0.6667,0.6769,0.6429,0.7446,0.6924,0.8899,0.566,0.5386,0.6068,0.6665,0.602,0.6304,0.5482,0.6047,0.6677,0.662,0.7368,0.5592,0.5916,0.5505,0.6542,0.6719,0.7617,0.7188,0.5649,0.659,0.7852,0.8044,0.6834,0.6753,0.5338,0.6037,0.6335,0.8514,0.6363,0.5061,0.2732,0.2754,0.8897,0.7359,0.7809,0.5573,0.5756,0.6533,0.4984,0.5195,0.4932,0.6633,0.5431,0.4832,0.5659,0.7624,0.6346,0.5367,0.4206,0.5739,0.7008,0.6518,0.4832,0.5715,0.551,0.6827,0.5504,0.6372,0.6207,0.6391,0.6664,0.6858,0.5388,0.605,0.4768,0.6149,0.5801,0.6581,0.6035,0.6659,0.5881,0.6163,0.5325,0.673,0.6133,0.6367,0.6539,0.7759,0.5321,0.9524,0.5931,0.8383,0.6568,0.7602,0.5827,0.556,0.5286,0.5162,0.5773,0.6568,0.5885,0.6381,0.7301,0.6487,0.8042,0.6596,0.7524,0.4862
10,1,4,Tobacco,0.3672,0.3898,0.3742,0.3621,0.3983,0.4055,0.3921,0.4065,0.3862,0.3884,0.3813,0.3246,0.3943,0.3773,0.3404,0.3576,0.3826,0.3796,0.3583,0.3802,0.3979,0.3805,0.3604,0.3195,0.343,0.37,0.329,0.3501,0.3935,0.3925,0.3554,0.3705,0.369,0.3446,0.3642,0.3061,0.3428,0.3655,0.3368,0.3342,0.3918,0.6324,0.245,0.3454,0.3556,0.3566,0.3485,0.2891,0.3313,0.3317,0.3226,0.2998,0.3354,0.3622,0.3509,0.3627,0.3804,0.3524,0.3537,0.3093,0.3518,0.3241,0.2872,0.3042,0.3536,0.3859,0.3803,0.3875,0.396,0.3975,0.3808,0.3188,0.3364,0.3448,0.3147,0.2956,0.344,0.5804,0.2316,0.3263,0.3613,0.34,0.3712,0.3112,0.3427,0.36,0.3307,0.3277,0.356,0.3742,0.3751,0.3658,0.361,0.3357,0.3355,0.2969,0.3034,0.3437,0.3129,0.309,0.3849,0.3653,0.3905,0.4005,0.3667,0.3626,0.3617,0.3359,0.3524,0.3417,0.3463,0.3215,0.3705,0.3557,0.348,0.3512,0.332,0.3409,0.3414,0.3176,0.3395,0.3821,0.3322,0.3313,0.3509,0.3302,0.3228,0.3456,0.8204,0.144,0.2477,0.2645,0.3067,0.3217,0.3731,0.3117,0.3552,0.3931,0.4103,0.4195,0.3985,0.3872,0.3939,0.3386,0.3596,0.3629,0.3476,0.353,0.3716,0.3862,0.3696,0.3727,0.3847,0.3793,0.3773,0.3576,0.3523,0.3708,0.3568,0.3417,0.3665,0.389,0.36,0.3857,0.3705,0.3664,0.3763,0.3131,0.3198,0.3256,0.3812,0.2452,0.3585,0.3512,0.3675,0.38,0.3833,0.3826,0.3479,0.3096,0.3502,0.3354,0.3117,0.3258,0.3379,0.3722,0.3426,0.3362,0.362,0.3484,0.3711,0.3337,0.3655,0.3877,0.3952,0.3209,0.3573,0.371,0.3593,0.3347,0.3317,0.3334,0.3124,0.2848,0.3209,0.2893,0.2692,0.2869,0.3286,0.3158,0.3421,0.335,0.3222,0.2959,0.2664,0.2424,0.2824,0.2745,0.2689,0.2928,0.3142,0.3479,0.3642,0.3638,0.4667,0.2441,0.3092,0.2676,0.2919,0.3042,0.3091,0.3241,0.3476,0.3677,0.3753,0.3557,0.3736,0.3486,0.3401,0.3164,0.3433,0.3669,0.3638,0.3912,0.4543,0.4582,0.4369,0.423,0.5851,0.2846,0.3398,0.3511,0.4276,0.4369,0.3738,0.4096,0.4277,0.4718,0.4744,0.4482,0.608,0.3082,0.3974,0.3638,0.4027,0.418,0.4062,0.4164,0.4338,0.4377,0.4315,0.4121,0.4335,0.3805,0.3959,0.363,0.3832,0.3659,0.361,0.3712,0.4228,0.4337,0.4114,0.3964,0.4138,0.3822,0.3897,0.3481,0.3731,0.378,0.3417,0.3412,0.372,0.3948,0.4015,0.3896,0.3785,0.4045,0.3803,0.3383,0.3712,0.3676,0.3449,0.3334,0.391,0.4008,0.4184,0.3917,0.3958,0.4217,0.3615
10,1,5,Other miscellaneous expenses,3.1064,3.0355,3.3634,2.9877,2.908,3.1887,2.5456,3.0752,3.1451,3.2048,3.0554,2.6282,3.4214,2.6085,3.2962,3.2696,3.7543,2.8117,3.1933,3.1619,2.9827,3.3594,3.4771,2.247,3.2953,3.5106,3.4037,2.9029,3.3339,3.3345,4.1156,3.4938,4.8422,3.7673,3.6569,2.9448,3.2233,3.1358,3.7536,3.1831,3.7713,3.3129,3.2099,3.7141,3.6052,3.0168,4.495,3.5242,3.8742,3.3522,4.1259,3.1576,3.5094,3.8519,3.5728,3.8182,3.7053,4.1156,4.1045,3.5297,4.0166,4.5289,3.9645,4.1404,3.8028,3.557,4.051,4.5215,3.8838,4.7137,4.0236,3.2696,4.0089,4.1831,3.4967,3.7568,3.9228,4.1076,4.3824,4.2046,3.7911,3.9041,3.8874,3.4752,3.828,4.9571,4.4029,4.4895,4.6721,4.5537,4.588,4.6785,4.2402,4.0824,4.3106,3.6876,4.7075,3.9539,4.8982,4.1063,3.7799,4.5753,4.7981,4.4925,4.2543,4.5444,4.1238,3.6071,4.5828,4.5801,4.7145,4.1141,4.0693,4.7097,4.6622,4.4867,4.3672,4.2559,5.1166,4.0886,4.1899,4.2602,4.937,4.1951,4.1295,4.8572,4.5654,4.7856,4.8619,4.1164,4.7644,4.277,4.5645,4.3349,4.8996,4.7491,4.7599,4.8167,4.3111,4.5648,4.4517,4.155,4.5632,4.3364,4.4313,4.7727,4.3928,4.2136,4.9533,4.495,4.6856,5.2969,4.3827,4.1247,4.7123,4.1761,4.6021,4.4379,4.6501,4.9941,4.832,4.712,4.6037,4.7603,5.1811,4.5384,4.3592,4.2633,4.5777,4.861,4.7174,4.6194,4.5569,4.7333,5.288,5.1874,5.0584,4.9754,4.1192,4.2568,4.7408,4.2939,4.8054,4.3993,4.68,4.6547,4.5199,4.8287,4.3775,4.8877,4.4667,4.0798,4.6773,4.427,4.3667,4.2681,4.5776,5.3566,4.5654,4.7616,5.246,4.7992,5.0622,4.4636,4.9655,5.018,4.1464,4.6237,4.8188,5.3102,5.3926,5.0068,4.7976,4.7216,4.8626,4.531,4.9092,4.6714,4.2068,4.4862,4.2367,4.503,4.8333,5.2595,5.079,4.549,5.0537,4.7323,4.9399,4.5507,4.1972,3.9039,4.6966,4.5904,4.6822,4.8291,4.2204,4.8807,4.7635,4.2912,4.9782,4.4665,5.0576,4.6551,4.6191,4.8166,4.9922,5.0532,4.4738,4.9529,5.141,5.0596,5.5613,4.2325,5.2921,4.9422,5.8521,4.7533,5.054,5.1171,4.9373,4.4579,4.7414,4.5075,5.2675,5.3779,4.9814,4.4626,5.1316,5.0407,5.4232,5.5439,4.7659,5.1566,4.9502,5.3149,5.2877,4.837,4.4443,4.4233,4.8366,4.8747,4.9078,4.8577,5.1338,4.304,4.8564,4.3394,4.8444,4.4074,4.4535,4.941,4.5951,4.7222,4.4481,4.8587,4.7155,5.2655,4.3378,5.1328,4.7571,5.1754,4.3445,4.1726,4.2409,4.4263,4.7767,4.7545,5.7402,4.5224,4.3715
10,2,-,Kozukai (use unknown),7.0596,6.9077,6.3476,5.9357,6.4913,7.6224,7.2194,6.8808,6.4229,6.5833,6.5793,7.6939,6.4928,6.25,5.9207,5.8498,6.0593,7.4657,6.9489,6.6984,6.5563,6.2054,6.1686,7.5693,6.6368,6.3765,5.9283,5.7131,5.962,6.8356,6.331,6.3276,5.8327,5.85,5.8656,6.8432,6.1242,5.9482,5.676,5.5466,5.9003,6.7368,6.3546,6.2167,5.4428,5.7761,5.7748,6.6205,6.0891,5.8723,5.31,5.075,5.2946,6.7601,6.4626,5.7348,5.5646,5.6204,5.6243,6.097,5.7383,5.675,5.0624,5.2598,5.3773,6.4137,5.9899,5.3802,5.3403,5.535,5.3078,6.7878,5.8316,5.7528,4.937,5.1718,5.1049,6.3161,5.7299,5.5127,5.3859,5.1128,4.9608,5.3464,5.0426,4.9149,4.4514,4.5224,4.8521,5.6924,5.2604,5.1507,5.1427,5.11,5.3985,5.7284,5.3185,5.5328,4.7843,4.8198,4.9457,5.5368,4.8327,4.8765,4.4195,4.6318,4.5456,5.3487,4.7687,4.8451,4.3917,4.4872,4.6387,4.8749,5.0242,4.4571,4.3098,4.5895,4.1722,4.8543,4.6013,4.707,4.0851,4.2617,4.1405,5.0544,4.8434,4.2794,4.1955,4.4191,4.1814,4.8672,4.2996,4.5124,4.0524,3.9483,4.0719,4.9058,4.8981,4.1205,4.1869,4.3438,4.0406,4.7796,4.16,4.0675,3.6335,3.6993,3.7734,4.3149,4.0117,3.9964,3.7903,3.8352,4.0114,4.3903,4.076,4.0985,3.6152,3.8793,3.7543,4.4518,4.0154,3.7425,3.3667,3.5459,3.5833,3.7741,3.7671,3.7058,2.8054,3.1664,3.445,3.8176,3.7072,3.7973,3.3362,3.4895,3.5062,4.2544,3.6454,3.4804,3.2364,3.2758,3.1285,3.9129,3.5219,3.3597,2.9605,3.4044,3.0373,3.6908,3.2046,3.4051,2.9213,3.1077,2.9479,3.8256,3.2431,3.3423,3.0125,3.0646,3.156,3.6651,3.3006,3.3141,2.8297,2.8051,3.0743,3.6402,3.3235,3.1535,3.0353,3.1173,2.8457,3.6771,3.0676,3.1926,2.8775,3.0003,2.9327,3.6598,3.1603,3.1069,2.9568,2.8775,2.9081,3.2438,3.1963,3.3101,2.9712,3.0395,2.8262,3.5871,3.3514,3.2825,2.9404,3.2274,3.037,3.3375,2.8979,3.0401,2.6535,2.8934,3.3252,3.9492,3.5186,2.6024,2.4894,2.4938,2.4516,2.7996,2.7618,2.671,2.2434,2.2963,2.4379,2.7624,2.6122,2.5548,2.3863,2.555,2.4196,2.7884,2.3978,2.5317,2.3361,2.0833,2.0411,2.5418,2.3574,2.2157,2.1662,2.2003,2.093,2.4495,2.0912,2.2787,1.9005,1.9391,1.7934,2.0403,2.1559,1.9706,1.8748,1.8512,1.9162,2.2269,1.9923,1.9831,1.6858,1.8235,1.7298,2.062,2.0922,1.9745,1.8551,1.9966,1.9914,2.2403,1.9387,1.8536,1.7316,1.758,1.7809,2.1999,1.8221,1.9951,1.6236,1.7714,1.5921
10,3,-,Entertainment expenses,10.029,5.5256,6.5345,5.3932,5.6526,5.2381,5.0757,5.5127,5.0807,5.1602,5.2853,6.2277,10.4243,5.2234,6.4755,6.1957,5.7773,5.32,4.8786,5.5277,4.7807,5.308,6.0269,5.9571,9.7428,5.4983,6.9795,6.0669,5.4876,5.2673,5.2756,5.9574,5.0304,5.0926,5.6719,5.3734,9.8733,5.6999,6.8334,5.2407,5.5475,5.0082,5.8996,5.7069,4.8137,5.0511,5.6221,5.5432,9.4445,5.383,6.5755,5.3094,5.531,5.4445,5.0966,5.8494,5.2557,4.9546,5.5756,5.8436,9.1536,5.0568,6.7901,5.5115,5.2582,4.6581,5.3534,5.9603,4.4328,4.6891,4.5825,5.2193,9.2096,4.8133,7.0487,4.9282,5.5386,4.7913,4.7046,5.5162,4.2827,4.561,5.0965,5.3813,9.3098,5.496,6.6857,5.2653,5.2143,5.2333,5.0015,5.7956,4.7028,4.9993,5.4509,5.6809,9.0093,4.7726,6.6178,4.9341,5.1481,4.8186,4.5779,5.4607,4.1555,4.5378,5.2096,5.3318,8.6944,4.7985,6.2852,4.8737,5.0793,4.5315,4.5033,5.606,4.4123,4.3876,4.7482,5.3183,8.3955,4.5719,5.3883,4.9991,4.5737,4.48,4.8234,4.9894,3.8494,4.5458,4.4516,4.8149,8.2278,4.5036,6.0671,4.9761,4.9692,4.3697,4.2961,5.5573,4.1691,4.0829,4.8547,5.4731,8.3744,4.4087,6.1256,4.7975,4.3892,4.1692,4.31,4.9987,4.6317,3.9984,4.5531,4.8849,8.0773,4.2604,5.7356,4.589,4.5087,3.9953,4.5131,4.7016,3.6467,4.0096,4.8232,4.4514,7.3646,3.5205,4.478,4.7981,4.5658,3.8971,3.9359,4.6781,3.4277,3.3263,4.6066,4.0991,7.505,4.114,5.1804,4.3274,3.9877,3.6691,3.6806,4.376,3.4997,3.9663,3.7209,4.2664,7.5021,3.8688,4.6353,4.0617,3.6377,3.7066,3.7272,4.5021,3.5138,3.6672,3.7833,4.3898,7.6197,3.6648,5.0896,4.6819,4.2112,3.6893,3.2522,4.3593,3.2184,3.317,3.8246,4.1374,7.343,3.5585,4.7333,4.1706,3.648,3.8667,3.4162,3.791,3.3317,3.25,3.545,4.3785,6.9537,3.1648,5.0328,3.8587,3.6996,3.6456,3.4365,4.2683,3.0066,3.9929,3.4391,4.0174,6.9509,3.379,4.0022,3.1961,2.7482,3.1308,3.0892,3.2526,2.7147,2.9093,2.8828,4.3113,5.6707,3.0655,4.1382,3.2852,2.7641,3.3702,3.1512,3.2055,2.8058,2.7465,3.9931,3.9359,6.3544,3.2367,4.5873,3.2721,3.1479,2.9857,2.908,3.3617,2.8278,2.8771,3.1474,3.461,5.7763,2.9778,4.3762,3.5423,3.1008,2.822,2.9123,3.5216,2.6826,2.6151,3.2106,3.5412,5.9741,2.6087,3.5032,3.5378,3.4475,2.6057,2.7436,4.137,2.4666,2.4675,3.0377,3.3017,5.8042,2.3682,3.8735,3.1632,2.5984,2.3008,2.2437,2.9165,2.3841,2.3518,2.3577
10,3,6,gift money,8.8311,4.2455,5.4401,4.0731,4.3417,3.788,3.9273,4.3459,3.8957,3.958,4.1135,5.1786,9.2693,4.0225,5.4876,4.8752,4.4712,3.8954,3.6598,4.4328,3.5535,4.1076,4.8225,4.8672,8.5905,4.2079,5.8902,4.7323,4.1354,3.9174,4.0561,4.8195,3.826,3.9001,4.4908,4.2921,8.6492,4.3811,5.7297,3.7978,4.1345,3.5134,4.5767,4.5643,3.4449,3.7961,4.3721,4.3702,8.2596,4.0928,5.4295,3.9199,4.0635,3.7495,3.7315,4.5705,3.8867,3.6288,4.2751,4.6447,7.9154,3.5898,5.5866,4.052,3.818,3.1662,4.0134,4.8269,3.2626,3.5483,3.4746,4.1618,8.139,3.6642,6.0664,3.6197,4.3435,3.4794,3.4749,4.4151,3.1322,3.4076,3.9267,4.3155,8.2365,4.336,5.6129,3.8961,3.8437,3.8683,3.6615,4.713,3.4497,3.7615,4.229,4.465,7.9487,3.607,5.5547,3.5723,3.8518,3.5698,3.3513,4.3733,2.9726,3.3629,4.0659,4.1997,7.5669,3.575,5.1687,3.4361,3.781,3.1266,3.2854,4.4135,3.1594,3.2055,3.6184,4.2535,7.2243,3.3301,4.2779,3.5107,3.2375,3.0753,3.5979,3.887,2.6801,3.3072,3.3081,3.7776,7.1282,3.2911,5.0329,3.5719,3.6588,3.0816,3.1281,4.4513,3.0369,2.952,3.7381,4.3599,7.223,3.2353,5.1043,3.381,3.2086,2.9265,3.1776,3.8925,3.484,2.8782,3.4039,3.883,7.0141,3.1537,4.7516,3.2219,3.2582,2.796,3.5334,3.7819,2.7543,3.0701,3.97,3.5855,6.4641,2.5397,3.7225,3.5334,3.4111,2.7743,2.9541,3.7951,2.5147,2.365,3.7346,3.2633,6.6366,3.1329,4.3274,3.0754,2.8614,2.5639,2.7133,3.5417,2.5887,3.0202,2.8653,3.4799,6.7423,2.9525,3.8483,2.7928,2.5516,2.612,2.7508,3.596,2.5187,2.7408,2.8976,3.5424,6.7155,2.7275,4.2632,3.4485,3.116,2.6551,2.3367,3.4853,2.3188,2.196,2.9424,3.267,6.448,2.5417,3.8087,2.7877,2.3807,2.608,2.2048,2.6973,2.1576,2.0675,2.3395,3.1952,5.7352,1.8914,3.9324,2.5015,2.3749,2.3548,2.3008,3.216,2.0059,2.8591,2.3902,3.008,5.8484,2.3059,2.9619,1.6908,1.2912,1.7373,1.7512,2.0173,1.4622,1.6328,1.673,3.191,4.4603,1.9204,2.9906,1.811,1.3929,1.9029,1.8733,1.9352,1.516,1.5596,2.8152,2.842,5.1887,2.0408,3.6435,2.0154,1.8291,1.7791,1.8972,2.3071,1.7876,1.7865,2.0479,2.4434,4.6986,1.8397,3.3889,2.2153,1.8688,1.6052,1.8059,2.5392,1.5889,1.567,2.133,2.6056,4.9142,1.5125,2.5459,2.2212,2.2719,1.4554,1.71,3.1359,1.5096,1.564,2.1251,2.392,4.8056,1.4375,3.0448,2.0524,1.6005,1.2718,1.351,2.0457,1.4541,1.3999,1.5405
10,3,7,Other entertainment expenses,1.1979,1.2802,1.0944,1.3201,1.3109,1.4497,1.1483,1.1671,1.185,1.2022,1.1715,1.0491,1.1547,1.2012,0.9879,1.3205,1.3062,1.4246,1.2188,1.0953,1.2272,1.2004,1.2044,1.0896,1.1523,1.2904,1.0894,1.3347,1.3522,1.3499,1.2195,1.1379,1.204,1.1922,1.1815,1.0813,1.2242,1.3188,1.1036,1.4428,1.4127,1.4948,1.3229,1.1426,1.3691,1.255,1.2497,1.173,1.185,1.2902,1.1456,1.3895,1.4675,1.6951,1.3651,1.2788,1.369,1.3255,1.3005,1.1989,1.2381,1.4666,1.2034,1.4595,1.4399,1.4919,1.3401,1.1334,1.1706,1.1408,1.1079,1.0575,1.0702,1.1491,0.9826,1.3085,1.1951,1.3119,1.2298,1.101,1.1505,1.1534,1.1698,1.0655,1.0733,1.1596,1.0728,1.3692,1.3706,1.365,1.3397,1.0826,1.2528,1.2381,1.2216,1.2159,1.0606,1.1656,1.0631,1.3618,1.2963,1.2488,1.2267,1.0877,1.1825,1.1753,1.1438,1.1321,1.1275,1.2235,1.1163,1.4379,1.2983,1.4049,1.2179,1.1929,1.2529,1.1825,1.1295,1.0649,1.1712,1.2418,1.1103,1.4884,1.3362,1.4047,1.2255,1.1024,1.1693,1.2385,1.1439,1.0373,1.0993,1.2125,1.0343,1.4042,1.3105,1.2878,1.1684,1.1056,1.1322,1.1309,1.1166,1.1131,1.1514,1.173,1.0213,1.4165,1.1806,1.2427,1.1324,1.1058,1.1477,1.1202,1.1491,1.0022,1.0632,1.1067,0.984,1.3674,1.2502,1.1989,0.9801,0.9197,0.8928,0.9395,0.8535,0.8659,0.9001,0.9808,0.7556,1.2646,1.1551,1.1228,0.9818,0.8829,0.9131,0.9609,0.872,0.8358,0.8684,0.9811,0.853,1.252,1.1266,1.1051,0.9673,0.8343,0.911,0.9462,0.8556,0.7865,0.7599,0.9163,0.787,1.2689,1.0861,1.0947,0.9764,0.9061,0.9951,0.9264,0.8854,0.8471,0.9042,0.9373,0.8263,1.2334,1.0952,1.0342,0.9155,0.874,0.8995,1.121,0.8822,0.8704,0.8951,1.0165,0.9245,1.383,1.2673,1.2588,1.2114,1.0934,1.1745,1.1825,1.2059,1.1832,1.2185,1.2734,1.1003,1.3569,1.3244,1.2908,1.136,1.0526,1.0003,1.1335,1.0489,1.0091,1.1028,1.0731,1.0403,1.5053,1.457,1.3935,1.338,1.2353,1.2529,1.2765,1.2098,1.1203,1.2108,1.1456,1.1475,1.4745,1.3709,1.4672,1.2779,1.2703,1.2898,1.1869,1.1779,1.0942,1.1661,1.1963,0.9438,1.2568,1.3188,1.2063,1.0108,1.0546,1.0402,1.0902,1.0995,1.0176,1.0781,1.1377,0.9873,1.3271,1.232,1.2169,1.1064,0.9824,1.0938,1.0481,1.0776,0.9356,1.0599,1.0962,0.9573,1.3166,1.1756,1.1506,1.0336,1.0011,0.9571,0.9038,0.9123,0.91,0.9986,0.9308,0.8286,1.1105,0.9981,1.029,0.8927,0.8704,0.9304,0.9519,0.8175
10,4,-,remittance money,2.1032,2.6233,3.5773,5.7705,2.3191,2.5829,2.3266,2.4959,3.6565,3.8332,2.3302,1.7305,2.0009,2.8482,4.2202,4.4087,2.2398,2.2943,2.1098,1.8788,3.7732,3.9152,2.1466,1.588,1.9065,2.5387,4.1707,4.806,1.8382,2.0095,1.9858,1.8957,3.2834,3.3959,1.9711,1.658,1.9994,2.1909,3.3059,4.3913,2.1426,2.1228,1.9551,1.9515,3.4901,2.9464,2.0014,1.916,2.2694,2.2891,3.2655,4.9387,2.0169,2.1237,2.0356,1.8853,4.3349,3.1412,2.1615,2.1048,2.4104,2.3744,3.4422,4.5371,2.2699,1.7172,1.6423,1.5903,2.8982,3.0855,2.0042,1.8078,1.8451,2.4297,4.4634,5.4275,2.2522,1.9959,1.7511,2.0401,3.0246,3.0727,2.025,1.4295,1.7961,2.0905,2.8074,4.3566,1.8739,1.6808,1.8921,1.7066,3.1675,3.2466,1.9708,1.432,1.9114,2.0448,3.047,3.8864,2.029,1.7365,1.5695,1.7523,3.1116,2.6665,1.8233,1.6387,1.3409,1.5475,3.145,3.8973,1.9917,1.6268,1.6427,1.5125,3.0854,3.0432,1.7606,1.4099,1.3966,1.7457,3.0557,4.0421,2.0245,1.6767,1.4751,1.5493,2.6379,3.1186,1.5675,1.6712,2.063,1.5729,2.952,3.9524,2.0539,2.1783,1.3608,1.3202,2.3714,2.3312,1.6498,1.2177,1.4227,1.7065,2.3127,3.8371,2.1274,1.5589,1.4896,1.8337,2.5789,2.5975,1.8851,1.3791,1.7218,1.8116,2.7618,3.8209,1.8557,1.3785,1.3964,1.3986,2.2081,2.6266,1.6298,1.5453,1.6212,1.638,2.1436,3.6864,2.1134,1.5473,1.6643,1.5458,2.248,2.6748,1.4943,1.1424,1.6191,1.8115,2.5084,3.2788,1.9544,1.541,1.3648,1.65,2.5814,2.2433,1.5256,1.2226,1.5364,1.5895,2.818,3.721,1.7383,1.4094,1.4007,1.7243,2.302,2.6734,1.6064,1.2905,1.3472,1.6517,2.5676,3.5296,1.6908,1.6864,1.4696,1.5522,2.3129,2.9017,1.7674,1.3618,1.3255,1.5398,2.2129,3.5797,1.8944,1.7027,1.7174,1.6517,2.5273,2.6722,2.0342,1.4283,1.4456,1.6455,2.1767,3.6821,1.7374,1.2839,1.4978,1.1369,2.1683,2.9563,1.4417,1.2599,1.6384,1.9099,2.388,3.1819,2.2959,1.3044,1.2885,1.2107,2.4346,1.8617,1.795,1.3422,1.8177,1.8657,2.9245,3.7802,2.5446,1.5641,1.4646,1.5939,2.6015,3.3337,1.6868,1.2503,1.2887,1.6294,2.4748,4.0373,2.8792,1.743,1.3876,1.5063,2.5879,2.3677,1.6926,1.0463,1.4623,1.3107,1.4235,2.5004,2.072,1.2996,1.2093,1.2931,1.9546,2.0823,1.5035,1.2892,1.0526,1.3689,1.9732,3.8327,2.099,1.3906,1.4536,1.3584,2.458,2.2909,1.9146,1.3249,1.3469,1.9418,1.728,3.4152,2.1086,1.1509,1.513,0.9978,1.8248,2.4326,1.2465
-,-,-,Goods and services expenditure total,80.8081,84.943,83.5409,82.901,85.537,84.5566,85.3783,85.1106,84.84,84.4233,85.8055,84.3476,81.0823,85.6781,83.3835,83.5458,85.9236,84.9196,86.0627,85.895,84.8898,84.5714,85.6579,84.8858,81.7139,85.5865,82.9215,83.4137,86.7126,85.8876,86.4076,85.8197,85.8535,85.6615,86.4914,86.1257,82.0027,86.161,84.185,84.8213,86.4092,86.1323,85.7908,86.1253,86.253,86.2264,86.6016,85.9203,82.197,86.456,84.849,84.6766,87.1575,85.6717,86.4049,86.5309,84.8448,86.2834,86.6389,85.9546,82.6977,86.8939,84.7056,84.6915,87.0946,87.211,87.014,87.0692,87.3287,86.6905,88.1056,86.1848,83.1133,87.0042,83.5507,84.4726,87.1047,86.8968,87.8144,86.9306,87.3065,87.2535,87.9173,87.8428,83.8514,87.499,86.0554,85.8557,88.0596,87.3939,87.8463,87.3471,86.9873,86.6441,87.1798,87.1586,83.7609,87.6502,85.5508,86.3599,87.8773,87.9082,89.0199,87.9105,88.3134,88.1635,88.4212,87.6807,85.1963,88.809,86.1781,86.7415,88.2902,88.9668,88.8297,88.4243,88.1924,87.9794,89.3194,88.4174,85.6066,88.9755,87.4709,86.6972,89.2613,88.7889,88.8581,89.1816,89.3168,87.9161,89.7992,88.6467,85.41,89.4115,86.9284,87.1236,88.9049,88.5466,89.4449,89.0021,89.2726,89.2418,89.4546,88.5296,86.0432,89.8176,87.9282,87.6658,89.7097,89.957,90.189,89.1713,88.9995,89.569,89.5504,89.3454,86.1249,89.8295,87.8874,87.7108,89.8812,90.1744,90.0747,90.1572,90.7781,89.8179,89.9634,90.2291,87.2471,91.1357,90.573,88.3488,89.8759,90.738,90.6926,89.9789,90.9881,90.5094,90.3932,90.5041,87.2308,90.5941,89.0748,89.1181,90.9291,90.877,91.4326,90.6147,90.9584,90.3864,91.7162,90.8205,87.7568,91.1367,89.6251,89.1099,91.6757,91.0584,91.629,90.4313,91.1721,90.5952,91.4546,90.6549,87.7325,91.3695,89.5131,88.9838,91.0237,90.9841,91.9548,90.9346,91.4331,90.664,91.5619,90.8237,88.2635,91.709,90.1766,89.2494,91.5249,90.7712,91.706,91.4507,91.1838,91.1999,91.5126,90.9494,88.4041,91.8796,89.8194,89.4201,91.7368,91.4834,91.7139,91.3123,91.8848,89.8238,92.0822,91.3853,88.5128,91.6709,90.9563,90.729,91.6303,91.616,92.1037,92.9342,92.3609,92.7349,92.8702,91.5469,89.7498,92.3977,90.694,90.6382,92.2533,92.3031,92.772,92.6462,92.206,91.3648,91.9001,92.0254,89.959,92.6022,90.6015,90.6072,91.9315,92.7295,93.347,92.9163,92.4181,92.5552,93.0669,93.0433,90.6702,93.4327,92.2998,92.0182,93.0339,93.838,93.7225,93.2143,93.488,93.4514,93.3693,92.943,90.981,94.0397,92.8378,90.8059,92.7237,93.9414,93.7105,92.5301,93.2203,93.245,93.0563,93.1331,90.9103,93.836,92.667,91.6636,93.5119,94.3484,94.4215,94.0906,94.1675,93.4445,94.8034
-,-,-,Goods (products),47.9212,50.4959,49.7831,47.5295,50.2988,50.3645,50.8377,48.7985,49.9904,48.0545,50.2426,53.5436,48.4581,51.5135,49.7911,47.9123,48.8883,50.4013,51.0452,49.801,49.9491,48.612,50.2134,54.3493,48.4256,50.3947,49.5393,46.2036,50.1572,51.642,49.6479,49.0318,48.741,48.5027,51.2016,53.8576,48.0283,50.6476,50.0903,47.3022,50.2131,50.969,50.7512,49.1129,48.2967,48.9555,50.5762,52.975,47.8868,51.094,49.5711,46.7427,50.3927,49.6159,50.2895,48.9698,47.5999,48.69,48.9813,53.0819,48.1044,50.6008,49.5902,47.0001,49.159,50.2968,50.3623,48.4777,48.78,49.0298,50.1328,53.9149,48.6493,50.1036,48.7321,46.8118,49.0329,49.9982,51.1877,49.1593,48.8532,48.7833,50.6236,55.0729,49.178,49.833,49.3786,46.4327,48.5859,50.4168,51.0246,48.9118,49.0012,47.6359,49.5499,53.9257,48.4591,51.6237,49.2832,47.1839,50.775,50.8329,51.3453,51.1248,49.6072,49.5606,51.4711,54.192,49.287,51.328,49.6978,47.192,51.1417,50.7436,51.2618,49.9265,49.0643,49.309,50.3512,55.3605,50.211,51.5747,50.0742,46.6543,51.7509,50.6192,52.7325,51.138,50.8725,50.2621,51.7202,54.8528,50.2675,51.8718,51.4073,47.8871,50.7606,51.4125,51.8993,50.2716,49.5089,50.4662,51.0328,54.6473,50.8611,52.167,51.8959,48.2795,50.5142,52.342,51.5625,50.5727,50.5191,49.968,50.7981,55.5144,50.7794,52.8006,51.7791,47.6792,50.8528,52.5655,51.9888,50.8256,50.2875,51.5457,53.0414,56.5267,51.503,55.1202,56.5268,47.0211,51.457,52.0021,52.7202,51.3413,51.655,51.0273,53.1493,55.8426,51.6107,54.1972,52.4994,49.8379,51.9172,51.6702,52.932,50.7625,50.9312,50.5597,52.1689,56.1957,51.5847,53.6319,52.0029,48.9314,53.0301,52.5745,52.9534,50.6184,50.4408,50.3353,52.6904,55.68,51.4451,52.8495,52.0011,48.5583,52.8433,51.3162,53.1012,51.3934,51.279,50.1011,53.2988,56.1273,51.9598,54.4602,53.3662,48.8363,52.1555,52.5248,53.4192,51.8673,50.8923,50.2831,51.7252,55.4792,50.3278,54.1702,52.7978,49.1479,51.1308,52.8731,52.639,52.0941,52.6368,50.4117,53.106,56.6261,51.6709,55.9181,56.6219,55.7162,59.8226,57.6228,56.7091,57.7544,55.8135,53.6641,54.877,58.38,55.9736,57.5149,54.5671,52.2201,55.6388,56.3513,57.5063,57.1978,53.9656,52.6848,54.6055,56.4393,55.4327,57.4007,56.3169,52.1648,54.4112,54.095,55.3985,54.6328,54.8134,53.6801,55.3942,58.0033,56.1111,57.9118,56.6927,53.2187,54.0268,55.4153,56.3375,54.7784,54.9672,53.7891,56.3421,57.9971,55.2246,56.3823,57.3717,50.4692,53.9269,56.1711,55.5757,54.2548,54.8373,53.8861,55.554,58.1608,54.0804,56.5173,56.6335,52.5284,55.5094,56.8572,56.9736,55.02,54.7847,55.0115,58.1542
-,-,-,durable goods,4.9926,5.1641,6.1093,6.052,5.0531,6.207,7.6544,4.6359,6.0518,4.34,5.817,6.8905,5.1707,7.4665,7.7597,6.094,4.3696,5.2127,7.4332,5.4226,5.1223,5.3446,5.7909,5.9882,5.2539,5.3706,6.876,4.5508,4.6399,6.1725,6.9668,4.629,5.7822,5.5425,5.8981,5.7168,4.7226,4.7794,6.4475,5.7517,4.6679,6.976,7.3124,6.1806,5.3462,5.0872,6.1099,5.244,4.6642,6.569,6.844,6.4522,5.9007,5.3802,6.9745,5.7245,5.0448,5.0577,5.1517,5.9235,5.2051,5.9261,6.7691,5.6849,4.719,6.0031,6.0157,5.7018,6.3065,5.7619,5.1353,5.5849,4.5968,5.0824,5.8069,5.2545,4.627,5.282,6.9039,5.205,4.4207,5.1135,5.6749,5.9218,5.0403,4.9974,6.1362,5.1711,4.2492,5.3987,6.6865,5.7605,5.4895,4.746,4.1254,6.5315,5.6819,4.4948,4.9874,4.8668,5.417,6.0166,6.9147,6.0319,5.2194,5.3787,5.3599,5.8084,4.9454,5.9043,5.9515,4.8365,5.1469,6.1496,7.2047,6.0477,5.5671,5.658,6.0069,7.4256,6.4456,5.6643,7.6705,4.4861,5.4721,6.1658,7.7652,7.6022,6.544,6.0031,7.6756,6.2837,6.0244,5.3418,5.9144,4.8438,4.6252,5.6793,6.339,5.7871,5.365,5.8451,5.1703,5.7355,4.8756,5.0751,6.4896,4.9542,5.5628,6.8878,7.2197,6.517,5.7337,5.482,4.9804,5.4487,5.3819,5.7471,7.3635,5.0486,4.957,6.02,6.6082,5.3424,5.7882,7.4378,6.1239,7.0609,5.6795,7.2353,10.7537,5.8099,3.5643,5.1864,6.9731,5.0141,6.4471,5.9727,6.0495,5.2259,5.2065,5.8107,7.0852,5.4726,4.9593,5.2038,6.6299,5.3209,5.7395,5.3027,5.3581,5.8384,5.4279,5.9294,5.8703,5.2,5.9196,5.2235,6.6495,4.606,5.9386,5.1617,6.3467,6.3023,5.118,5.984,6.0065,4.1821,6.4005,5.4761,7.0234,5.209,6.0193,5.2798,6.1133,4.8405,4.5692,6.1571,6.6315,4.4726,5.7254,6.3021,7.6669,6.6288,4.9367,5.2167,5.7511,6.3173,4.7053,6.6106,6.5437,4.8433,5.5075,6.4136,7.3052,7.5555,7.0583,5.7671,6.2339,6.1068,5.6572,7.0859,7.8785,6.5657,6.2218,8.0567,7.3163,7.7992,7.4805,6.7903,6.949,6.2729,6.1716,6.4939,7.5862,6.9631,7.5143,6.6727,8.3056,7.5023,5.3945,5.8618,6.034,5.0444,7.7373,6.0414,7.8067,6.1716,6.1254,6.3871,7.2927,6.6134,6.7452,6.2398,6.5194,5.6343,7.3401,6.3119,7.7926,6.1212,4.75,6.8424,6.9895,7.5788,7.7789,7.2261,6.4965,5.9969,6.3707,6.6999,9.0982,4.7874,5.1173,6.9861,7.2694,5.4658,6.5203,7.0882,6.6202,6.8604,5.7515,6.4741,8.2646,5.7338,7.8352,8.2432,8.8827,6.4572,6.972,6.258,9.0033
-,-,-,semi-durable goods,9.7913,8.5257,9.3052,8.6329,9.2418,9.0523,9.1454,7.386,7.7475,8.9569,9.1309,9.9598,9.4098,8.0985,8.9965,8.3348,8.3164,9.1063,8.8423,7.1061,7.7483,8.7187,9.5125,9.7964,9.1753,7.5488,9.1546,8.5071,8.5705,9.4338,8.479,6.8232,7.4852,8.6665,9.3838,9.5065,8.9046,8.0493,8.8673,7.8553,8.3215,8.2559,8.3282,6.8363,7.3712,8.6604,9.2709,9.7855,9.0147,7.6844,8.5435,7.8322,8.7891,8.4283,8.2894,6.7552,6.8508,8.4958,8.4359,9.0255,8.9113,6.9554,8.3057,7.9857,8.1168,8.5271,8.5502,6.7458,6.8573,8.5872,9.288,9.5988,8.5514,6.792,8.0565,7.5724,8.0718,8.3184,8.5955,6.7261,7.2652,8.2907,8.8754,9.9493,8.9395,7.4838,8.302,7.8282,7.977,8.8301,8.5076,6.6249,6.9594,7.8893,8.9292,9.0057,8.7769,7.397,7.9897,7.5486,8.0541,7.9673,8.5013,6.9396,7.4224,7.874,9.3317,8.8606,8.5904,6.9673,7.8624,7.667,8.1392,7.8619,7.902,6.5288,7.1091,7.9819,8.4821,9.41,8.4846,7.1982,7.7577,7.0688,7.9291,7.6584,8.2538,6.4698,6.5745,8.1626,8.2818,8.868,8.39,6.6144,7.3707,7.2802,7.9758,7.8587,8.1201,6.481,6.7349,8.2814,9.0294,9.0322,8.5789,6.8279,8.0437,7.4553,7.6301,8.095,8.0118,6.5971,7.0017,8.1006,8.849,9.0528,8.1327,7.1108,8.1622,7.3408,7.9574,8.26,8.0941,6.6282,7.0102,8.215,9.4568,9.1289,8.9938,7.1573,9.1772,6.724,8.0686,8.2613,7.8632,6.8321,7.0142,7.9829,9.1372,9.1241,8.3786,6.9521,8.141,7.8335,8.41,7.6411,8.1962,6.9598,7.2043,7.9047,8.7299,8.3201,8.3229,6.7423,7.7331,7.5526,8.2888,7.9208,8.1311,6.4895,6.6592,7.8404,8.3434,8.2019,8.3141,6.5964,8.0358,7.6647,7.9119,7.5316,8.1154,6.4458,6.7499,7.6547,8.9263,8.6002,8.4745,6.5644,8.1649,7.5449,7.9753,7.6808,7.7276,6.7478,6.6509,7.6134,8.5222,8.7724,8.1209,6.8653,8.2325,7.5544,7.7972,7.8553,7.8583,6.6369,7.7473,6.9936,8.8415,8.6913,8.0836,6.8339,7.2645,5.2064,6.8392,8.4436,7.576,7.039,6.8983,7.8865,8.3159,8.4268,7.3928,6.57,7.6779,7.489,7.023,7.4449,7.4289,6.2065,6.4529,7.3749,8.6413,8.4891,7.4562,5.8929,7.3761,7.1748,7.0921,7.0871,7.3673,6.2982,6.5822,7.5874,8.1739,8.3288,7.2999,6.3303,7.6689,7.2272,7.2775,7.5182,7.6927,6.1065,6.106,7.2589,9.0066,8.1464,7.6503,6.5978,7.6574,7.1251,7.4736,7.7497,7.5038,6.171,6.53,6.7759,8.1423,8.1756,6.7589,6.2893,7.2231,7.2707,7.4866,7.2585,7.1617,6.689,6.2665,7.4816,8.4374
-,-,-,non-durable goods,33.1376,36.8059,34.3686,32.8443,36.004,35.1049,34.0376,36.7763,36.1911,34.7576,35.295,36.6933,33.8773,35.9485,33.0349,33.4838,36.2026,36.0823,34.7697,37.2723,37.0785,34.549,34.9101,38.5645,33.9964,37.4753,33.5087,33.1458,36.9465,36.0353,34.2022,37.5795,35.4735,34.2937,35.9196,38.6342,34.4012,37.8185,34.7755,33.6953,37.2233,35.7374,35.111,36.0956,35.5789,35.2079,35.1954,37.9452,34.2083,36.8407,34.1835,32.4586,35.703,35.8078,35.0259,36.4902,35.7043,35.1365,35.3936,38.1333,33.988,37.7193,34.5154,33.3296,36.3233,35.7663,35.7964,36.0297,35.6162,34.6808,35.7094,38.7312,35.5013,38.2287,34.8687,33.9848,36.3341,36.3982,35.6883,37.2286,37.1677,35.3792,36.0733,39.2021,35.1983,37.3515,34.9403,33.4331,36.3597,36.1884,35.8308,36.5268,36.5524,35.0002,36.4954,38.3886,34.0004,39.7322,36.306,34.7682,37.3039,36.849,35.9294,38.1533,36.9655,36.3079,36.7798,39.5233,35.7511,38.4564,35.8835,34.6886,37.8552,36.7321,36.155,37.35,36.3881,35.6692,35.8622,38.525,35.2805,38.7122,34.646,35.0995,38.3497,36.795,36.7131,37.0656,37.754,36.0964,35.7627,39.7014,35.8531,39.9156,38.1226,35.7627,38.1595,37.8745,37.4399,38.0035,37.409,36.3397,36.8331,39.8796,37.4066,40.2636,37.3626,35.8698,37.3213,37.3593,36.331,37.4589,37.7837,36.3854,36.9687,41.013,37.2649,39.9423,36.2534,35.2899,37.938,38.2855,37.2862,38.8553,37.4888,35.8929,37.4607,40.3369,36.8294,40.7277,36.5956,34.4872,39.8237,38.5544,37.8839,39.495,38.1937,37.0713,37.9625,41.4926,38.0256,41.434,37.2732,36.5319,38.5479,38.8253,38.1055,38.4818,37.9875,37.3522,38.0809,42.0372,37.8335,40.9598,38.3995,36.1788,38.8217,39.4302,38.1728,39.523,37.8431,37.3332,38.0003,41.1761,38.013,40.2691,37.9584,36.7115,38.5305,38.3085,37.9628,39.7382,38.5094,37.1666,38.2595,42.687,38.9161,41.7388,38.5695,36.8192,38.4548,38.5419,38.0243,38.4907,39.3047,37.453,37.4522,40.3895,37.5016,40.6943,38.0216,36.7498,37.8261,38.6038,37.4754,37.9017,37.8315,37.651,38.0306,41.8281,37.9304,41.9986,41.4788,43.9441,46.7615,41.1225,41.8169,42.9165,41.4351,38.9873,39.6124,43.6803,42.4092,44.4506,39.3031,37.768,41.1011,42.2337,41.7713,43.4889,42.1182,39.4481,39.9301,42.9059,40.2393,45.4664,41.1341,38.8181,41.1937,40.6208,40.7384,41.7213,41.4859,39.8529,40.7005,44.0405,41.4711,45.2699,41.2312,39.8702,41.9993,41.0546,41.6553,41.0931,41.0822,39.304,40.839,43.8538,41.2037,43.0846,40.6162,38.5567,41.3357,41.435,40.8025,42.618,41.7866,40.022,40.7914,43.1247,41.57,43.7539,41.1459,39.5239,40.1879,41.3555,40.9288,41.8738,41.5462,41.2719,40.7132
-,-,-,service,32.8867,34.4471,33.7576,35.3715,35.2382,34.1921,34.5409,36.3124,34.8499,36.3689,35.5626,30.804,32.6245,34.1647,33.5927,35.6335,37.035,34.5183,35.0175,36.0937,34.9406,35.9594,35.4445,30.5365,33.2883,35.1918,33.3822,37.2101,36.5554,34.2456,36.7597,36.788,37.1129,37.1587,35.2898,32.2678,33.974,35.5134,34.0948,37.5194,36.1964,35.1636,35.0395,37.0123,37.9567,37.2709,36.0255,32.9453,34.3102,35.362,35.2779,37.9339,36.7647,36.0558,36.1154,37.5611,37.2446,37.5934,37.6577,32.8726,34.5933,36.2935,35.1154,37.6918,37.9359,36.9145,36.6517,38.5919,38.5487,37.6607,37.9728,32.27,34.4641,36.9007,34.8189,37.6608,38.0718,36.8986,36.6263,37.7713,38.4533,38.4702,37.2941,32.7699,34.6734,37.666,36.6768,39.423,39.4737,36.9771,36.8217,38.4353,37.9861,39.0085,37.6303,33.2329,35.3021,36.0266,36.2677,39.176,37.1023,37.0752,37.6742,36.7857,38.7065,38.6029,36.9502,33.4887,35.9093,37.481,36.4806,39.5495,37.1485,38.2233,37.568,38.4975,39.1281,38.6703,38.9678,33.0569,35.3956,37.4008,37.3967,40.0429,37.5104,38.1697,36.1256,38.0436,38.4443,37.654,38.079,33.7939,35.1422,37.5394,35.5211,39.2365,38.144,37.1337,37.546,38.7305,39.7637,38.7756,38.4218,33.8823,35.1821,37.6506,36.0323,39.3866,39.1958,37.6154,38.6265,38.5986,38.4803,39.601,38.7523,33.8309,35.3454,37.0289,36.1082,40.0316,39.0284,37.6088,38.0859,39.332,40.4906,38.2718,36.922,33.7024,35.7444,36.0155,34.0461,41.3277,38.4189,38.7359,37.9721,38.6376,39.3331,39.4821,37.244,34.6618,35.6198,36.3973,36.5758,39.2798,39.0119,39.2069,38.5006,39.8525,40.0271,39.8263,39.5473,34.6249,36.1722,37.5047,37.6222,40.1785,38.646,38.4839,38.6756,39.8132,40.7313,40.2598,38.7642,34.9746,36.2877,38.52,37.512,40.4256,38.1808,39.6679,38.8536,39.5412,40.1541,40.5629,38.2628,34.6964,36.3037,37.2488,36.8104,40.4128,39.3694,38.2464,38.2869,39.5834,40.2911,40.9169,39.7871,35.4702,38.0759,37.7098,37.0215,40.2722,40.606,38.6103,39.0749,39.2182,39.248,39.4117,38.9762,34.7592,36.8419,35.7528,34.3344,35.0128,31.8078,33.9932,35.3942,35.1795,36.5474,39.0712,37.9932,33.1669,33.7761,34.8828,36.1269,38.4181,36.6149,35.9517,35.2658,35.4484,38.2407,38.6803,37.2947,35.5863,34.5263,35.2015,34.2849,38.4427,37.5203,38.6341,37.9485,38.2831,37.6048,38.8747,37.6727,35.04,34.5587,35.521,35.6068,38.7995,39.0067,38.4228,37.385,38.4362,38.5208,39.6624,37.0271,34.9456,35.7568,37.6574,35.4661,40.3367,38.7972,37.7702,38.1348,38.2749,38.3831,39.3589,37.5026,34.9723,36.8302,37.3187,36.0335,39.1352,38.0024,37.4912,37.4479,39.0707,39.3827,38.433,36.6495
-,-,-,Food (goods/services),23.7645,25.2213,23.7746,23.0688,26.385,25.7757,25.6622,28.0613,25.9684,25.7047,25.7848,27.5148,23.5996,24.0853,22.6757,23.276,25.9737,26.2013,25.9643,27.976,26.7888,25.0578,25.3922,28.8912,23.4997,24.8867,23.4064,23.1048,27.0088,26.2536,25.3982,28.3559,25.4764,24.7789,25.9122,28.766,23.6227,24.8608,23.7712,23.0219,26.708,25.3111,25.8891,27.1623,25.3484,24.9675,25.4945,28.2227,23.5595,24.5153,23.1146,21.8457,25.8614,25.664,26.029,26.917,25.4217,25.3492,25.3094,28.2902,23.3279,24.4083,22.9024,22.5906,25.8399,25.2766,26.4323,26.354,25.015,24.8496,25.096,27.8847,23.0941,24.1164,23.2701,22.77,25.6352,25.3529,26.1124,27.2025,25.9728,24.9304,25.2977,28.2782,23.7955,24.228,23.674,22.7484,25.6071,25.7421,25.8418,27.2086,26.0059,24.5478,25.4349,27.7399,22.2809,24.6412,23.956,22.8375,26.1936,25.6321,25.5458,27.6888,25.6708,25.4662,26.1899,28.811,23.8708,24.6177,23.6539,23.0417,26.9492,25.9392,26.2423,27.5178,26.0893,25.5618,25.5394,28.0182,23.9283,24.9365,22.6791,23.119,26.6983,25.3807,26.1601,26.8243,25.6182,25.5684,25.0851,28.7735,23.5567,24.98,24.1483,23.369,26.2791,26.0494,26.7992,27.3896,25.7383,25.578,25.7955,28.511,24.408,25.0225,24.1465,23.2977,25.312,25.8964,26.0273,27.1333,26.1934,25.2025,25.5537,28.8837,23.8951,24.3962,23.6151,23.2067,26.3141,26.8044,26.4381,28.019,25.7688,24.9498,26.0208,28.8868,23.9186,24.9143,22.9022,22.9621,28.126,26.8532,26.9407,28.7834,26.6428,25.7784,26.8965,29.4503,24.6358,25.9144,24.5756,24.3421,27.7643,27.5896,28.05,28.9216,27.6779,27.3576,27.9561,31.4774,26.4655,27.0549,26.3483,25.2378,28.5267,28.6404,28.943,29.9568,27.8082,27.7333,28.091,30.9425,26.3804,26.5769,26.1705,25.5271,28.1686,27.9551,28.4552,29.9829,28.1267,27.2745,27.9203,31.4803,26.5261,26.9914,26.3287,25.6376,27.7725,28.2576,28.015,28.9048,28.2,27.2097,27.3369,30.0072,25.5726,26.3638,25.9647,25.7236,26.9354,27.9729,27.7333,29.0206,26.5774,27.7261,28.1868,31.1448,26.4687,27.773,27.2092,27.5897,31.0582,28.223,29.7081,30.7707,29.1667,28.1749,28.6243,31.5079,27.7301,28.6424,25.6065,25.126,28.1944,29.2341,30.0,30.5328,28.8998,28.2071,28.3328,31.3733,26.3981,27.7854,26.0306,25.2911,28.5261,28.2283,29.0032,29.6402,28.7506,28.238,28.5049,31.2885,26.9031,28.2024,27.0954,27.2423,30.2853,29.5458,31.0674,31.0457,29.981,28.9386,30.111,32.8058,28.8112,29.3253,28.3832,26.7526,30.1421,30.4951,30.4361,32.5204,30.4511,29.3409,30.4672,32.2052,28.7257,29.0481,28.4434,27.4738,29.8034,30.4486,30.6293,32.6275,30.7156,30.7464,30.6834
-,-,-,Non-durable goods (food),18.6115,20.8613,19.5237,19.0029,21.3024,21.3366,21.0632,22.5002,21.7387,21.2084,21.253,23.4646,18.8112,19.7693,18.612,19.0871,21.1916,21.8256,21.4437,22.6684,22.3201,21.0667,20.8162,24.5035,18.6104,20.5564,18.98,19.0371,21.9031,21.7367,20.95,22.7921,20.9987,20.6893,21.2641,24.3926,18.6748,20.6567,19.4589,19.1476,21.8649,21.0587,21.4618,21.8997,20.9372,20.8484,20.7974,23.9533,18.6866,20.2102,19.0151,17.9927,20.8258,21.3371,21.2999,21.6659,21.0278,21.0523,20.8717,23.9105,18.5365,20.2212,18.9338,18.5478,20.9715,20.8664,21.5993,21.1591,20.602,20.4074,20.6225,23.7512,18.5593,19.9872,18.9449,18.6699,20.5937,21.0278,21.35,21.8339,21.4368,20.7474,20.7587,23.9448,18.7748,19.87,19.2874,18.5607,20.7079,21.2194,21.285,21.7035,21.2682,20.3051,20.8121,23.3488,17.5592,20.4465,19.4078,18.8278,21.1857,21.1781,20.9065,22.0838,21.0373,21.0862,21.2711,24.3433,19.0797,20.3587,19.3778,18.9929,21.6797,21.4903,21.6362,22.01,21.333,21.146,20.9335,23.6399,18.8848,20.5293,18.4846,18.9813,21.4307,21.1354,21.5207,21.5288,21.1492,21.0748,20.5769,24.2381,18.6904,20.5485,20.3042,19.3335,21.3171,21.6796,22.0292,22.082,21.2862,21.0644,21.1394,24.06,19.383,20.7877,19.6346,19.1569,20.6036,21.4336,21.3876,21.7875,21.5152,20.8726,20.9112,24.4716,19.0576,20.2034,19.1153,19.0261,21.1973,22.0034,21.6566,22.2511,20.9949,20.5996,21.076,24.1845,18.9262,20.6845,18.7634,18.6065,22.582,22.14,22.1408,22.9133,21.8152,21.3654,21.7368,25.0055,19.776,21.52,19.9428,20.1218,22.2768,22.9081,22.987,22.9193,22.5971,22.6734,22.7725,26.7104,21.2326,22.448,21.5272,20.7621,23.094,23.8935,23.7903,24.0926,22.9317,22.8677,23.2743,26.2248,21.319,22.2188,21.4028,20.9202,22.8135,23.1033,23.3627,24.0415,23.1494,22.5922,22.9261,26.5864,21.3343,22.5131,21.3481,20.9853,22.607,23.3032,23.108,23.14,23.2257,22.4628,22.3473,25.1252,20.5932,21.7644,20.9562,20.8876,21.6387,22.9838,22.7688,23.1798,21.8367,23.0746,22.9233,26.061,21.0859,23.0246,23.5321,25.6765,28.46,24.8656,25.7755,26.5755,25.0201,23.7962,24.0785,27.8902,24.4327,25.1364,22.0087,21.953,24.7742,25.7402,25.9045,26.7509,25.5121,23.9553,23.8563,26.9872,22.4009,24.617,22.3898,21.55,23.8363,23.8966,24.5166,24.876,24.4962,23.617,23.8677,26.9266,22.2764,23.7945,22.3774,22.7217,24.9372,24.8478,25.8653,25.3284,25.13,24.069,24.8946,27.905,23.6241,24.4547,23.2193,22.2148,24.8557,25.2855,25.0527,26.1625,25.0758,24.3863,24.9836,27.4175,23.5598,24.2507,23.3245,22.8155,24.2751,25.2909,25.3368,26.0318,25.4576,25.5608,25.2471
-,-,-,Service (food),5.1531,4.36,4.2509,4.0659,5.0822,4.4391,4.5988,5.5611,4.2296,4.4962,4.5315,4.0503,4.7884,4.316,4.0637,4.1889,4.7822,4.3757,4.5206,5.3076,4.4687,3.9911,4.576,4.3877,4.8896,4.3304,4.4264,4.0677,5.1057,4.5165,4.4482,5.5638,4.4776,4.0897,4.6481,4.3734,4.9475,4.2041,4.3126,3.8743,4.8431,4.2524,4.4273,5.2626,4.4112,4.119,4.6971,4.2694,4.873,4.3048,4.0995,3.853,5.0356,4.3272,4.7294,5.2511,4.3938,4.2966,4.4377,4.3797,4.7914,4.1871,3.9683,4.0429,4.8688,4.4102,4.833,5.1949,4.4127,4.4418,4.4735,4.1332,4.5347,4.1293,4.3252,4.0998,5.0419,4.3251,4.7625,5.3689,4.5356,4.183,4.5393,4.3334,5.021,4.3584,4.387,4.1877,4.8989,4.5227,4.5564,5.5051,4.7376,4.2427,4.6228,4.3908,4.7217,4.1947,4.5479,4.0097,5.0078,4.4543,4.6396,5.6053,4.6338,4.38,4.9188,4.4677,4.791,4.2591,4.2761,4.0488,5.2698,4.4489,4.6058,5.5077,4.7559,4.4154,4.606,4.3784,5.0435,4.4072,4.1945,4.1377,5.2673,4.2453,4.6394,5.2955,4.4689,4.4936,4.5083,4.5354,4.8663,4.4319,3.8441,4.0354,4.962,4.3697,4.7703,5.3077,4.4521,4.5136,4.6561,4.451,5.025,4.2344,4.5119,4.1408,4.7084,4.4628,4.6393,5.3458,4.6782,4.3298,4.6425,4.4124,4.8374,4.1929,4.4999,4.1806,5.1171,4.8011,4.7819,5.7682,4.7739,4.3505,4.9448,4.7023,4.9924,4.2298,4.1385,4.3556,5.544,4.7131,4.8,5.8701,4.8277,4.413,5.1593,4.4445,4.8598,4.3944,4.6332,4.2202,5.4878,4.6815,5.0629,6.0023,5.0808,4.6838,5.1836,4.7669,5.2329,4.6068,4.821,4.4757,5.4328,4.7466,5.1527,5.8642,4.8761,4.8656,4.8164,4.7176,5.0611,4.3577,4.7677,4.6068,5.3555,4.8519,5.0925,5.9418,4.9773,4.6823,4.9942,4.8939,5.1915,4.4783,4.9802,4.6522,5.1655,4.9544,4.9071,5.7648,4.974,4.747,4.99,4.882,4.9797,4.5994,5.0085,4.8357,5.2964,4.9891,4.9648,5.8412,4.741,4.6519,5.2636,5.0837,5.3828,4.748,3.6768,1.9136,2.5978,3.3573,3.9326,4.1953,4.1465,4.3784,4.5455,3.6177,3.2974,3.506,3.5978,3.173,3.4199,3.4939,4.0955,3.7819,3.3874,4.2518,4.4764,4.3861,3.9972,3.1684,3.6409,3.7411,4.6898,4.3318,4.4867,4.7639,4.2545,4.621,4.6369,4.3622,4.6266,4.4079,4.718,4.5206,5.348,4.698,5.2024,5.717,4.8511,4.8696,5.2161,4.9008,5.1871,4.8705,5.1639,4.5378,5.2861,5.2095,5.3834,6.3579,5.3757,4.9546,5.4836,4.7874,5.1663,4.7974,5.1186,4.6583,5.5283,5.1578,5.2925,6.5957,5.258,5.1855,5.4363
-,-,-,Housing (goods/services),5.3482,6.3489,5.4873,5.6121,6.2392,7.2052,7.4979,6.0227,6.5595,6.5871,7.4183,7.2531,5.2526,6.365,5.2567,5.868,7.3911,7.1137,6.7542,6.4875,6.2784,6.6909,6.3632,6.75,4.997,6.2709,5.3454,6.1313,6.9275,7.4547,7.7723,6.3654,6.7263,7.1327,5.8732,7.2697,5.208,5.8621,5.1354,6.3296,7.085,8.3097,6.3668,7.4149,7.0021,7.3187,6.2864,7.3243,5.0499,6.1857,5.5388,6.1399,7.1489,7.242,6.7323,6.0344,5.9432,6.085,7.5742,6.612,5.0006,5.8016,4.8808,6.1134,7.3517,7.2619,7.007,6.8044,6.8625,5.8232,7.6914,6.5216,5.3768,6.1317,5.8586,5.4332,6.3557,6.7911,6.6956,5.9962,6.0389,6.1332,6.0514,6.8375,5.1664,5.672,6.0061,5.5155,6.2841,6.3863,6.0888,5.849,6.1798,6.1199,5.9766,6.9338,5.099,5.1619,4.6985,5.2318,5.7946,6.1238,6.5235,5.2467,5.7044,6.1845,5.9674,6.5595,5.279,5.4085,5.0483,5.6875,6.1107,6.8559,6.3134,5.9576,5.3899,6.0715,6.2984,5.725,5.5824,5.5843,5.7833,6.5021,6.1133,7.4562,5.7422,6.9011,6.3533,5.5672,7.1137,6.5103,5.698,6.295,5.2604,6.1687,6.703,6.887,6.7825,7.6012,7.1071,7.6763,6.9781,6.952,5.659,6.2045,4.9332,5.034,7.04,7.8244,7.4198,6.8418,6.1457,6.6501,6.8919,6.1224,5.1403,5.4845,5.845,5.9484,6.8571,6.5033,6.4268,6.8323,6.0939,6.9934,6.9831,6.4405,5.7084,6.0643,6.0296,6.6873,5.3568,7.1318,6.5617,5.4979,5.6673,6.2454,5.6253,7.1927,5.4632,5.7335,5.5955,5.3744,6.303,6.9789,6.2456,6.1757,6.3035,6.921,6.8951,7.012,4.7464,5.4553,6.085,4.8057,6.1236,5.6125,6.8458,5.4336,5.3983,6.8364,6.4062,7.0474,4.4727,5.9656,5.9981,5.4412,5.565,6.8251,6.5015,5.4994,6.0186,6.9498,5.7791,5.3468,4.7556,5.1387,4.8743,5.6327,6.0859,6.6118,6.3366,5.6147,5.8366,6.5989,6.8296,6.3662,5.4929,5.2896,5.2025,4.9519,6.212,6.1705,6.6893,5.4872,5.9443,6.2109,6.819,5.6183,5.5959,5.5076,5.753,6.2115,5.6226,6.7899,6.3362,6.0631,6.2999,6.9674,7.1675,6.6183,5.7693,5.9964,6.9935,6.4928,6.617,7.3485,6.3363,6.7946,6.8962,6.2767,6.2087,7.0147,6.1303,5.6098,5.6913,5.8208,6.0813,7.982,7.2289,6.2278,6.2915,6.5375,7.344,6.1125,5.3805,5.6937,5.5362,5.167,6.1087,8.097,6.1905,6.6926,5.7741,7.1331,5.9037,5.9969,4.5857,6.1708,5.2059,5.2608,5.9002,6.1533,7.1477,6.2174,5.5764,6.4349,6.9762,6.6293,6.1819,5.5946,4.874,5.7731,5.7801,6.7338,6.5834,6.0243,5.0565,5.9598,6.5924
-,-,-,Durable goods (housing),0.2826,0.5405,0.2597,0.5458,0.2469,0.9709,0.8729,0.3529,0.3923,0.3797,0.5223,0.5642,0.5432,0.5056,0.1968,0.702,0.5524,0.2881,0.3717,0.5934,0.3409,0.3406,0.3869,0.5551,0.2303,0.5474,0.4011,0.3732,0.6127,0.7228,0.8647,0.4063,0.7142,0.6207,0.5489,1.1713,0.5138,0.2594,0.3955,0.5294,0.7727,1.4047,0.6434,0.8588,0.6281,0.7646,0.7023,0.9219,0.4219,0.7655,0.5703,0.6256,0.7094,0.6095,0.6999,0.7025,0.6064,0.5158,0.7804,0.6495,0.326,0.4978,0.2699,0.477,0.6251,0.9778,0.9075,0.8643,0.9766,0.5837,0.9799,0.6803,0.2817,1.0307,0.6944,0.4766,0.8082,0.662,0.8963,0.5978,0.567,0.6111,0.5367,1.1069,0.509,0.6742,0.6149,0.5817,0.6347,0.592,0.7081,0.8759,0.8307,0.5216,0.5653,1.1187,0.4974,0.5819,0.4863,0.4979,0.8344,0.5465,0.6013,0.6333,0.5952,0.7979,0.9141,1.1971,0.3816,0.465,0.4976,0.8918,0.7316,0.6796,0.6826,0.5688,0.3583,0.6421,0.74,0.7393,0.5957,0.4752,0.5688,0.5123,0.5568,0.7266,0.6008,1.145,0.6649,0.5789,0.7041,0.7923,1.0799,0.6277,0.3207,0.6388,0.9313,0.7182,0.7531,1.3946,0.8577,1.6411,0.7867,1.1061,0.6676,0.6481,0.3469,0.4792,1.0357,1.0433,1.3837,1.3691,0.6535,1.1694,0.7349,0.6381,0.7081,0.439,0.625,0.7047,1.3157,0.9331,0.8861,0.9633,0.6103,1.2368,1.0703,1.0068,0.8203,0.9572,1.3203,0.7314,0.535,0.5392,0.9743,0.7217,0.6907,0.8116,0.6822,1.0591,0.7321,0.553,0.8218,0.398,0.4961,0.9257,0.6928,0.6904,0.9365,0.887,0.6927,1.5972,0.426,0.8655,1.0509,0.4874,1.2093,0.7034,1.0684,0.761,0.5619,1.0136,0.9766,1.5247,0.5278,0.79,0.6793,0.7147,0.7967,0.8251,0.9771,0.8112,0.8713,0.707,0.9288,0.8505,0.7428,0.6137,0.804,0.8956,0.4941,0.8059,0.9094,0.6212,0.54,0.9859,0.8807,1.141,0.7751,0.567,0.7964,0.4002,0.8019,0.8361,1.0214,0.4998,0.7831,0.9701,0.7766,1.295,1.2338,0.7783,0.8884,0.9645,0.6246,1.1798,0.7407,0.5565,0.9953,1.1735,1.0358,1.1844,0.6506,0.8845,1.3196,0.9059,0.9759,1.5337,1.0769,1.3576,0.9687,0.7699,0.6757,0.9622,0.6862,0.641,1.1306,0.9399,0.7498,1.2207,0.8948,0.9594,1.1228,1.0859,0.9708,1.1466,0.7774,1.0051,1.2198,0.8146,0.7733,1.2593,0.9189,1.4606,0.9351,1.468,1.2425,1.1675,0.5728,1.1745,1.3034,0.8002,0.7622,0.8783,1.4918,1.0821,0.9032,1.2033,1.7478,1.6507,0.7207,0.7036,0.4507,1.3361,0.5404,1.2498,1.3016,1.1252,0.6583,1.133,1.5488
-,-,-,Semi-durable goods (housing),0.0662,0.0984,0.1163,0.1101,0.1329,0.1095,0.1391,0.1039,0.0948,0.1151,0.1097,0.1211,0.0926,0.0623,0.1259,0.1316,0.1415,0.1682,0.1397,0.1263,0.1183,0.1443,0.1241,0.1597,0.0855,0.1569,0.1105,0.1505,0.1586,0.3296,0.1048,0.1238,0.2322,0.1718,0.1256,0.2375,0.0807,0.1781,0.0929,0.1241,0.2197,0.1834,0.1686,0.1677,0.1529,0.2349,0.3347,0.3978,0.0651,0.2411,0.1198,0.1858,0.5191,0.4343,0.1246,0.1677,0.1246,0.1388,0.2078,0.2231,0.0933,0.0973,0.1046,0.1922,0.379,0.1894,0.2449,0.1092,0.1253,0.1146,0.2098,0.1827,0.2603,0.0835,0.1781,0.1611,0.1917,0.2827,0.3684,0.1017,0.265,0.1194,0.1495,0.4813,0.0884,0.0825,0.1075,0.2318,0.1313,0.118,0.2057,0.129,0.2292,0.1748,0.1276,0.3355,0.2989,0.0674,0.0899,0.1094,0.2128,0.2242,0.2172,0.1013,0.1517,0.284,0.1584,0.2356,0.0782,0.109,0.0972,0.1857,0.1608,0.1147,0.1266,0.1076,0.1176,0.1359,0.1033,0.1746,0.0997,0.0846,0.0597,0.117,0.1307,0.1157,0.1465,0.2148,0.118,0.1183,0.1777,0.281,0.0747,0.0583,0.0908,0.2304,0.1937,0.1305,0.1071,0.0922,0.1552,0.2101,0.2706,0.2573,0.0756,0.0691,0.0885,0.1023,0.149,0.1924,0.1154,0.2402,0.132,0.1425,0.1019,0.1075,0.0903,0.0742,0.1433,0.1488,0.1434,0.141,0.0842,0.1121,0.1753,0.2157,0.4522,0.142,0.0707,0.0844,0.2067,0.1294,0.14,0.2427,0.1495,0.1145,0.1377,0.1764,0.1049,0.102,0.0652,0.0712,0.126,0.1025,0.2479,0.1321,0.1216,0.1078,0.117,0.1048,0.1467,0.1354,0.1086,0.0912,0.106,0.0958,0.1107,0.1224,0.1546,0.1039,0.0925,0.111,0.1573,0.1353,0.0756,0.0767,0.0732,0.1196,0.1774,0.2466,0.1279,0.1167,0.0949,0.1492,0.1244,0.0984,0.1105,0.0934,0.1016,0.1803,0.1916,0.1353,0.1217,0.1296,0.1095,0.1574,0.1349,0.1236,0.0776,0.0818,0.0718,0.1544,0.1595,0.1354,0.3257,0.1056,0.1168,0.1291,0.2637,0.1195,0.1386,0.1049,0.1509,0.1392,0.2345,0.1812,0.1742,0.2034,0.1315,0.1732,0.1528,0.1375,0.1001,0.1331,0.1459,0.2139,0.1896,0.1737,0.2017,0.1545,0.1745,0.2599,0.1285,0.146,0.2238,0.1082,0.0986,0.1271,0.1748,0.1809,0.2296,0.1297,0.1505,0.1594,0.17,0.1362,0.1293,0.1774,0.1129,0.2072,0.2863,0.1698,0.1338,0.1648,0.164,0.1301,0.1213,0.1156,0.1085,0.1394,0.1365,0.1187,0.2111,0.1794,0.1468,0.1388,0.1618,0.1301,0.2183,0.1951,0.0962,0.1291,0.0772,0.1114,0.1354,0.1181,0.1158,0.1115,0.1177,0.0886,0.1858
-,-,-,Service (housing),4.9993,5.71,5.1112,4.9565,5.859,6.1247,6.4858,5.5659,6.0727,6.0923,6.7863,6.5679,4.6165,5.7971,4.934,5.0347,6.6969,6.6571,6.2431,5.7678,5.8189,6.2057,5.8523,6.0352,4.6812,5.567,4.8338,5.6076,6.1565,6.4023,6.8027,5.8356,5.7798,6.3402,5.1988,5.8609,4.6131,5.4246,4.6472,5.6761,6.0925,6.7217,5.5551,6.3887,6.2211,6.3192,5.2494,6.0043,4.5629,5.1794,4.8483,5.3284,5.9207,6.1986,5.9081,5.1638,5.2122,5.4304,6.586,5.7397,4.5812,5.2065,4.5063,5.4442,6.3476,6.0947,5.8545,5.8309,5.7606,5.1248,6.5017,5.6586,4.8348,5.0175,4.9861,4.7956,5.3561,5.8464,5.4309,5.2967,5.2073,5.4022,5.3648,5.2493,4.5694,4.9156,5.2838,4.702,5.5182,5.676,5.175,4.8437,5.1196,5.4232,5.2836,5.4796,4.3027,4.513,4.1223,4.6245,4.7475,5.3531,5.7051,4.512,4.9575,5.1028,4.895,5.1265,4.8188,4.8345,4.4535,4.6099,5.2184,6.0612,5.5045,5.2809,4.9139,5.2935,5.4552,4.8111,4.887,5.0244,5.1551,5.8731,5.4258,6.6139,4.9948,5.5413,5.5704,4.87,6.232,5.4369,4.5434,5.6094,4.8489,5.2994,5.5779,6.0378,5.9222,6.1144,6.0946,5.8252,5.9208,5.5889,4.9159,5.4873,4.4974,4.4521,5.8553,6.5887,5.9207,5.2322,5.3602,5.3378,6.055,5.3768,4.3418,4.9713,5.0768,5.0949,5.398,5.4291,5.4565,5.757,5.3083,5.5409,5.4606,5.2913,4.8174,5.0227,4.5026,5.8261,4.6818,6.3499,5.4379,4.6621,4.8389,5.2571,4.8382,6.0314,4.6659,5.1093,4.6477,4.8742,5.5587,5.921,5.4316,5.3772,5.2499,5.9288,6.0552,5.2794,4.2118,4.4986,4.9281,4.2225,4.804,4.7863,5.6227,4.5687,4.7436,5.7118,5.2723,5.3873,3.8697,5.0989,5.246,4.6068,4.591,5.7533,5.3965,4.5719,5.0524,6.0936,4.726,4.3975,3.9023,4.4316,3.9687,4.5568,5.4002,5.671,5.3055,4.8639,5.187,5.4557,5.8141,5.1013,4.6402,4.6403,4.3347,4.3973,5.2509,5.1993,5.3422,4.8818,5.0441,5.1117,5.7787,4.2037,4.2232,4.6244,4.7137,5.1075,4.7636,5.4293,5.4212,5.3029,5.173,5.621,5.9784,5.2964,5.0187,4.9784,5.5281,5.3733,5.4511,5.6411,5.0577,5.2824,5.753,5.2469,5.4041,5.9066,5.2199,4.861,4.462,4.7539,5.1566,6.5803,6.1045,5.1387,5.0182,5.2918,6.2032,4.83,4.4738,4.5112,4.2032,4.1452,5.0495,6.6682,5.1381,5.0672,4.6747,5.5346,4.5403,4.7139,3.9044,4.8569,3.7658,4.3415,4.9268,5.096,5.5092,4.9962,4.5113,5.1014,5.0102,4.7837,5.3649,4.762,4.346,4.3255,5.104,5.3656,5.1663,4.7876,4.2801,4.7381,4.8577
-,-,-,Furniture and household goods (goods and services),3.1668,3.1679,3.296,2.8773,3.6543,3.9389,4.6331,3.5665,3.4477,3.5185,3.8574,4.5181,3.646,3.5431,3.8654,3.1688,3.3298,4.0615,4.7144,4.0397,3.3933,3.6306,3.8053,4.4296,3.1734,3.1833,3.199,3.0631,3.487,4.0176,4.1989,3.7311,3.3244,3.5772,4.0135,4.2276,3.0823,3.1391,3.2982,2.8984,3.4049,3.7516,4.2623,3.85,3.3149,3.3194,3.904,4.4158,3.1141,2.8394,3.1125,2.9568,3.4471,3.7905,4.1792,3.7501,3.0265,3.274,3.6354,4.0157,3.2931,2.7771,3.2371,2.6821,3.1273,3.8063,4.1308,3.5331,3.4038,3.7485,3.6622,4.1531,3.066,3.0551,3.0748,2.7845,3.0882,3.6119,4.2008,3.6623,3.126,3.3771,3.8507,4.1248,3.1224,2.8164,2.8278,2.9244,3.0989,3.709,3.9557,3.6925,3.2361,3.2759,3.7326,4.1116,2.8777,3.1077,2.9773,2.9337,3.1791,4.1124,4.3933,3.685,3.5472,3.3334,3.721,4.0021,3.1828,2.7349,3.0407,3.0482,3.4469,3.906,4.4128,4.0409,3.3878,3.3816,3.854,4.0647,3.2968,3.103,3.1792,3.034,3.0266,3.9907,4.6019,3.9105,3.5317,3.6756,4.1504,4.1822,3.1806,3.0825,3.2754,3.0384,3.6432,4.3825,4.6185,3.7602,3.5976,3.5476,3.8683,4.0899,3.1958,3.111,3.2932,2.8041,3.5761,4.1907,4.4148,3.809,3.7157,3.9347,3.7623,4.0268,3.1097,2.9817,2.9554,2.9755,3.5504,4.2536,4.6851,4.0735,3.5512,3.6773,3.8623,4.1476,3.2878,3.8697,5.0205,2.5978,3.2954,4.0907,4.3347,3.961,3.3471,3.2844,3.8309,4.0955,3.1072,3.1826,3.4127,3.0737,3.7443,4.1221,4.4703,4.1624,3.5639,3.6781,3.8453,4.4207,3.4142,2.9921,3.478,2.9452,3.8048,4.1572,4.9312,4.0237,3.8818,3.7842,3.7309,4.0407,3.657,3.2473,3.1798,3.1653,3.8688,4.0375,4.9521,4.1039,3.7038,3.498,4.3398,4.1623,3.4843,3.2148,3.4087,3.4459,3.6341,4.3218,4.7747,3.9709,3.6329,3.7149,4.2154,4.4504,3.528,3.3621,3.4675,3.1982,4.0083,4.5117,4.4315,4.5379,5.4433,3.4022,3.8552,4.1316,3.3015,3.711,3.6614,3.6223,5.0076,5.9971,5.758,5.4035,4.5201,4.7311,4.351,4.9066,4.2646,3.8443,3.8157,3.6075,4.4616,5.0195,5.3864,5.2423,3.9336,4.0004,4.3826,4.2685,4.0559,3.545,3.664,3.5664,4.4093,4.6333,4.9605,4.4866,4.5235,4.2435,4.3176,4.6831,3.7876,3.6001,3.7732,3.6704,4.419,4.1656,5.465,4.5091,4.0701,3.8997,4.779,4.4292,4.129,3.6071,3.8025,3.7086,4.0351,5.2437,5.3796,4.9905,4.1776,3.7987,4.1483,4.2052,3.6102,3.3007,3.8534,3.6998,4.1742,4.868,5.2876,4.4971,4.0285,3.8423,4.3915
-,-,-,Durable goods (furniture and household goods),1.3129,1.1608,1.2909,0.8978,1.388,1.5918,2.2093,1.3933,1.2835,1.1976,1.5524,1.8679,1.7099,1.5604,1.9026,1.1635,1.1776,1.534,2.386,1.7258,1.1459,1.3849,1.4837,1.7964,1.2873,1.2739,1.2794,1.0883,1.2176,1.6781,1.8603,1.5429,1.1824,1.384,1.6163,1.7224,1.1699,1.1115,1.3022,0.9947,1.1028,1.5442,1.8777,1.6296,1.2082,1.0098,1.6567,1.8608,1.2082,0.9252,1.1279,1.0132,1.2401,1.5134,1.9477,1.6983,1.049,1.1685,1.5392,1.5464,1.4073,0.9853,1.2889,0.8904,1.0589,1.6141,1.8388,1.4686,1.3018,1.4969,1.408,1.7202,1.2752,1.2015,1.2101,0.9397,1.0667,1.2545,1.8445,1.5184,1.0326,1.2895,1.627,1.5509,1.161,0.9514,0.987,1.0659,1.0528,1.3472,1.6195,1.5944,1.1558,1.1209,1.4478,1.6882,1.1122,1.1707,1.1127,1.0,1.0485,1.7826,1.9325,1.4824,1.2845,1.1602,1.4022,1.4372,1.3231,0.9435,1.0928,1.0041,1.23,1.5734,2.0124,1.7806,1.2259,1.1429,1.5951,1.4827,1.4042,1.1667,1.2288,1.075,0.8225,1.5982,2.1309,1.731,1.4639,1.4097,1.9176,1.7226,1.2978,1.0821,1.2213,1.0217,1.2203,1.6873,1.9472,1.4631,1.3492,1.2181,1.5156,1.5222,1.1553,1.1525,1.2638,0.8336,1.3289,1.742,1.9061,1.5243,1.3644,1.3872,1.4465,1.4685,1.1781,1.0992,0.9976,0.9991,1.1814,1.7415,2.2223,1.7734,1.3723,1.4126,1.4649,1.6843,1.3364,1.7741,2.4893,0.8741,0.9616,1.5231,1.8224,1.6287,1.1463,0.9789,1.4383,1.5658,1.1461,1.065,1.3197,1.0483,1.3036,1.5488,1.9867,1.7623,1.1976,1.3428,1.4473,1.7876,1.3265,0.9931,1.3214,0.9085,1.2635,1.5464,2.22,1.6002,1.53,1.2722,1.3487,1.4051,1.5549,1.2143,1.1244,1.0665,1.416,1.5841,2.3166,1.4926,1.2853,1.1419,1.6895,1.4518,1.2537,1.1991,1.2432,1.1602,1.1934,1.7538,2.1218,1.6784,1.2353,1.2917,1.6645,1.8583,1.3245,1.248,1.2481,1.0271,1.5493,1.9806,1.7946,2.0501,2.5249,1.1345,1.408,1.427,1.1603,1.196,1.1947,1.1011,1.8856,2.7395,2.6793,2.4027,1.7513,1.9188,1.5987,1.7936,1.6616,1.3341,1.4548,1.1922,1.7704,1.8776,2.3832,2.3995,1.2823,1.2656,1.5623,1.5015,1.6786,1.2812,1.3601,1.267,1.7696,1.8307,2.1079,1.7902,1.8431,1.6483,1.6744,1.8551,1.5647,1.4132,1.5731,1.37,1.7508,1.3751,2.4796,1.9116,1.5503,1.3614,1.8563,1.5365,1.5929,1.2295,1.3915,1.3355,1.4136,2.2019,2.3879,2.1685,1.5728,1.287,1.3207,1.3598,1.323,1.0864,1.4621,1.3162,1.5325,1.9758,2.3291,1.8259,1.5082,1.2034,1.615
-,-,-,Semi-durable goods (furniture and household goods),1.0542,1.0954,1.152,1.0717,1.1978,1.153,1.1952,1.0116,1.1091,1.2817,1.2745,1.5717,1.1249,1.1175,1.1135,1.0722,1.0611,1.1896,1.094,1.1674,1.1596,1.1863,1.342,1.5155,1.1044,0.9723,1.0542,1.0355,1.195,1.1557,1.1368,1.0509,1.0954,1.1728,1.3669,1.3779,1.0692,1.0779,1.071,0.9626,1.1554,1.0372,1.151,1.0804,0.9944,1.2043,1.2542,1.4377,1.087,0.9673,1.0615,0.9635,1.0808,1.0618,1.0446,0.9882,0.9658,1.0728,1.082,1.3392,1.1038,0.8876,1.0738,0.8753,1.0366,1.0028,1.0982,0.9682,1.0207,1.2137,1.2553,1.3772,1.0091,0.9521,0.989,0.9215,0.9301,1.0864,1.108,0.9662,0.9583,1.0438,1.1907,1.4172,1.0844,0.9444,0.9848,0.9233,0.9467,1.1226,1.0527,0.9769,0.9874,1.1152,1.1706,1.3336,0.9654,0.9713,0.9323,0.9604,0.9905,1.092,1.1017,1.0118,1.1122,1.0593,1.2193,1.3562,0.9813,0.848,0.9808,1.0377,0.9827,0.9869,1.0331,1.0032,0.9476,1.1067,1.1856,1.4046,0.9691,0.9339,0.9732,0.9457,1.052,1.004,1.0793,0.9497,0.9184,1.1864,1.1245,1.3064,1.0225,0.9425,0.9524,1.0036,1.1468,1.2859,1.2477,0.9978,1.03,1.1999,1.1839,1.375,1.1108,0.9755,1.1002,0.9621,1.0298,1.1063,1.1659,1.0345,1.1267,1.3288,1.2079,1.3386,1.0123,0.8926,0.9631,0.9508,1.0748,1.1031,1.114,1.0304,0.9833,1.0785,1.2252,1.281,1.0008,1.0333,1.204,0.7854,1.0888,1.1283,1.0942,0.9808,0.9679,1.1248,1.2431,1.3121,1.0585,1.0925,1.0627,0.9262,1.1556,1.1427,1.1288,1.1399,1.0433,1.1246,1.1469,1.3188,1.0812,0.8815,1.0525,0.9463,1.0716,1.0989,1.1918,1.0422,1.0175,1.2076,1.1519,1.3501,1.0743,0.9384,0.9995,0.9276,1.0673,0.9844,1.1662,1.1198,1.0629,1.0832,1.3423,1.3763,1.1798,0.887,1.0348,1.0668,1.0775,1.0678,1.1899,0.9881,1.0653,1.1112,1.2493,1.3199,1.1369,0.9545,1.0774,1.0195,1.0708,1.0073,1.1374,1.0829,1.1966,1.0316,1.1547,1.329,1.0088,1.0201,0.9917,0.8786,1.2491,1.4147,1.293,1.2733,1.2095,1.3573,1.2776,1.5222,1.2448,1.1131,1.1033,1.041,1.1129,1.2625,1.2443,1.151,1.1097,1.2699,1.3482,1.3392,1.1588,0.9163,1.0174,1.0187,1.0762,1.0972,1.1773,1.1177,1.089,1.1486,1.2093,1.376,1.0446,0.9074,0.9678,0.9763,1.0491,1.0673,1.2498,1.0131,0.9616,1.019,1.3157,1.3653,1.2243,0.9965,1.036,0.9617,1.0364,1.1602,1.236,1.1086,1.0317,0.995,1.2537,1.3096,0.9888,0.9105,1.0244,0.991,1.069,1.0937,1.2401,1.1243,0.9775,1.0936,1.2303
-,-,-,Non-durable goods (furniture and household goods),0.5122,0.6234,0.5967,0.6255,0.7438,0.8302,0.853,0.7742,0.7397,0.6921,0.7091,0.7509,0.5173,0.5737,0.5816,0.6276,0.7371,0.8691,0.8452,0.7822,0.7716,0.6969,0.6808,0.786,0.5317,0.6125,0.6244,0.6242,0.7723,0.8451,0.8223,0.7905,0.7457,0.6928,0.6734,0.7847,0.557,0.6744,0.663,0.6681,0.8201,0.8624,0.862,0.8088,0.7518,0.7753,0.6991,0.8074,0.5556,0.637,0.6045,0.6441,0.7601,0.8442,0.8281,0.7567,0.737,0.7163,0.6966,0.7878,0.5567,0.616,0.61,0.634,0.7593,0.8408,0.8553,0.7723,0.7371,0.7093,0.696,0.759,0.5563,0.6388,0.6194,0.6504,0.774,0.9045,0.8805,0.8015,0.7833,0.7214,0.7117,0.8268,0.6024,0.6434,0.6439,0.662,0.7772,0.9038,0.9162,0.8165,0.781,0.73,0.7591,0.7982,0.5593,0.6888,0.6776,0.6888,0.8392,0.9009,0.916,0.8432,0.8105,0.7725,0.7796,0.8541,0.6159,0.695,0.6998,0.7247,0.9022,0.9595,0.9492,0.8843,0.8722,0.7815,0.7705,0.831,0.632,0.6957,0.6588,0.705,0.8539,0.9624,0.9812,0.8747,0.8498,0.8026,0.7579,0.8388,0.6363,0.7481,0.8082,0.7349,0.9317,1.0511,1.0063,0.9067,0.9011,0.8085,0.8123,0.8702,0.6781,0.725,0.7027,0.7316,0.9079,0.9963,0.9806,0.9268,0.9092,0.8412,0.8113,0.8787,0.6766,0.7348,0.7477,0.7707,0.9389,1.0808,0.9941,0.9401,0.8846,0.8477,0.8578,0.8528,0.6992,0.8105,1.0589,0.6391,0.9344,1.0598,1.0685,0.9861,0.9214,0.8722,0.8681,0.9105,0.7021,0.7748,0.7696,0.8337,1.0135,1.0601,1.06,0.9806,0.9526,0.9363,0.9302,1.0067,0.7777,0.8644,0.8638,0.8586,1.1159,1.1425,1.1411,1.0588,1.0115,0.9977,0.9419,1.0098,0.7996,0.8644,0.8418,0.9178,1.0765,1.1016,1.1522,1.1045,1.0513,0.9644,0.963,1.0172,0.8094,0.8802,0.8927,0.9489,1.0714,1.1564,1.1313,1.0182,1.0469,1.0004,0.9824,1.0025,0.8426,0.9247,0.9173,0.9262,1.0568,1.198,1.1534,1.0883,1.4175,0.8932,0.9747,1.071,0.8995,1.2597,1.2012,1.3358,1.4614,1.4191,1.4241,1.3692,1.2636,1.134,1.1901,1.2473,1.1137,1.1242,1.0355,1.1042,1.3097,1.4265,1.3869,1.3805,1.2823,1.1667,1.1457,1.1595,1.0278,1.0997,1.0616,1.0653,1.2145,1.341,1.315,1.2332,1.2712,1.1382,1.1743,1.188,0.9766,1.0554,1.0305,1.0968,1.2701,1.3794,1.3733,1.2382,1.2528,1.1938,1.2205,1.226,1.0775,1.1152,1.1374,1.1446,1.2903,1.4451,1.3811,1.3547,1.3002,1.2164,1.2405,1.2276,1.0566,1.0695,1.1158,1.1123,1.2338,1.4166,1.3428,1.2794,1.2572,1.2227,1.2124
-,-,-,Services (furniture/household items),0.2874,0.2883,0.2565,0.2825,0.3247,0.3639,0.3758,0.3874,0.3157,0.3467,0.3214,0.3274,0.2939,0.2915,0.2677,0.3052,0.3543,0.4688,0.3892,0.3643,0.3162,0.3625,0.2987,0.332,0.25,0.3251,0.2409,0.3151,0.3021,0.3386,0.3795,0.3467,0.3009,0.3276,0.3569,0.3426,0.2862,0.2749,0.2622,0.273,0.3266,0.3075,0.3716,0.3308,0.3604,0.3296,0.294,0.3102,0.2632,0.3099,0.3189,0.336,0.3657,0.371,0.3592,0.3069,0.2748,0.3167,0.3176,0.3425,0.2257,0.2882,0.264,0.2825,0.2722,0.3482,0.3386,0.3243,0.3443,0.3285,0.3029,0.2968,0.2257,0.2628,0.2566,0.2733,0.317,0.3664,0.3674,0.3763,0.3514,0.3224,0.3214,0.33,0.2742,0.2768,0.2118,0.2733,0.3223,0.3354,0.3669,0.305,0.3123,0.3098,0.355,0.2918,0.2408,0.277,0.2547,0.2848,0.3013,0.3369,0.4427,0.3476,0.34,0.3413,0.3199,0.3546,0.2625,0.2481,0.2675,0.2817,0.332,0.3863,0.4178,0.3729,0.3417,0.3506,0.3027,0.3466,0.2912,0.3071,0.3184,0.3087,0.2982,0.426,0.4105,0.3549,0.2996,0.2766,0.3508,0.3141,0.2241,0.3098,0.2936,0.2786,0.3444,0.3578,0.4174,0.3925,0.3178,0.3211,0.3562,0.3225,0.2515,0.258,0.2268,0.2769,0.3091,0.3462,0.3622,0.3237,0.315,0.3771,0.297,0.341,0.2426,0.2548,0.2467,0.2549,0.3549,0.3277,0.3555,0.3292,0.311,0.3385,0.3144,0.3295,0.2515,0.2521,0.2684,0.2989,0.3106,0.379,0.3496,0.3654,0.3114,0.3084,0.2812,0.3075,0.2005,0.2503,0.2607,0.2656,0.272,0.37,0.2949,0.2796,0.37,0.2748,0.3209,0.3076,0.2292,0.2528,0.2403,0.2318,0.3538,0.3691,0.378,0.3224,0.3223,0.3068,0.2876,0.2757,0.2281,0.2306,0.2138,0.2534,0.3091,0.3676,0.3166,0.3871,0.3039,0.3083,0.3447,0.3169,0.2413,0.2481,0.238,0.27,0.2919,0.3441,0.3317,0.2862,0.2853,0.312,0.3192,0.2697,0.2241,0.2352,0.2247,0.2255,0.3313,0.3254,0.3465,0.3165,0.3044,0.3429,0.3182,0.3046,0.2333,0.2348,0.2738,0.3068,0.4115,0.4235,0.3616,0.3582,0.2953,0.321,0.2849,0.3435,0.2446,0.2733,0.2218,0.2704,0.2683,0.453,0.3724,0.3117,0.2593,0.2982,0.3263,0.2683,0.1908,0.2478,0.2249,0.2151,0.349,0.3644,0.36,0.3452,0.3203,0.308,0.2595,0.2636,0.2012,0.2241,0.2018,0.2273,0.3491,0.3437,0.3624,0.3462,0.3053,0.3252,0.3862,0.3013,0.2346,0.2658,0.2372,0.2668,0.2948,0.4365,0.3747,0.3583,0.2726,0.3002,0.3333,0.3083,0.2419,0.2348,0.2509,0.2803,0.3388,0.3815,0.3755,0.2675,0.2859,0.3226,0.3338
-,-,-,Clothing and footwear (goods/services),6.331,4.9542,5.4768,5.3771,6.0642,5.7602,5.6019,4.2407,4.486,5.7844,5.6669,5.3706,5.7032,4.5843,5.4097,5.1666,5.2896,5.6629,5.3814,3.9402,4.3656,5.4032,5.8567,5.4392,5.5206,4.2803,5.4737,5.1801,5.254,5.8616,5.0361,3.7722,4.2688,5.2235,5.8158,5.0246,5.4811,4.3644,5.2295,4.7602,5.1356,5.1357,4.9358,3.6145,4.0042,5.3187,5.4135,5.1651,5.4459,4.2234,5.1392,4.6451,5.1683,4.7894,4.9839,3.4897,3.8383,5.1905,5.0228,4.6918,5.2088,3.7165,4.6866,4.8609,4.8194,5.3496,4.9497,3.5447,3.5843,5.1002,5.5733,5.0436,4.9033,3.6553,4.5629,4.3705,4.9381,5.0003,4.876,3.5972,3.995,4.9367,5.3447,4.9959,5.2177,4.0607,4.7101,4.4698,4.9091,5.1845,4.7961,3.6087,3.708,4.812,5.3876,4.5077,4.7878,3.8782,4.7363,4.3387,4.8444,4.5026,4.826,3.6187,3.7831,4.6366,5.3697,4.3466,4.9496,3.5321,4.559,4.291,4.7119,4.5788,4.3725,3.2488,3.7263,4.4891,5.0583,4.7578,4.7137,3.8057,4.3292,3.7777,4.6043,4.4449,4.5511,3.1378,3.5182,4.6898,4.6648,4.17,4.5807,3.5611,3.9651,4.032,4.5959,4.539,4.5307,3.3829,3.451,4.8049,5.1366,4.4955,4.9243,3.4892,4.2177,4.0782,4.31,4.4424,4.459,3.1905,3.3663,4.5149,5.3132,4.5623,4.5086,3.5961,4.4031,4.0804,4.69,4.7796,4.3705,3.3125,3.4668,4.5339,5.2306,4.4741,5.2452,3.3112,4.544,3.9458,4.8701,4.7729,4.2081,3.5747,3.5233,4.3773,5.2749,4.6284,4.707,3.5079,4.3954,4.3587,4.6702,4.268,4.3249,3.3257,3.6856,4.2454,4.7748,4.1366,4.6296,3.2809,4.1135,4.0158,4.9917,4.3381,4.1961,3.1183,3.236,4.3112,4.607,4.0413,4.819,3.2604,4.3163,4.1463,4.3423,3.9475,4.3736,3.0205,3.2965,4.2171,4.7209,4.0738,4.535,3.2491,4.48,4.0671,4.1286,4.045,3.8908,2.966,3.3365,3.8293,4.6634,4.2382,4.265,3.2835,4.2959,3.8192,4.1303,4.0107,3.7219,3.0814,3.5199,3.6343,4.4668,3.9713,4.2427,3.0633,3.4071,1.9405,3.0871,3.9386,3.2443,2.6701,2.8029,3.742,3.7292,3.5774,3.2749,2.7526,3.3806,3.1975,3.1349,3.53,3.3458,2.4674,2.6189,3.4132,4.0909,3.6232,3.2693,2.4305,3.4342,3.4652,3.4621,3.3599,3.2024,2.4892,2.7025,3.805,3.6884,3.6704,3.3824,2.6332,3.5481,3.2688,3.438,3.3563,3.6083,2.4181,2.2677,3.491,4.3615,3.4975,3.6961,2.9321,3.5876,3.5969,3.454,3.6399,3.3682,2.5917,2.6812,3.0456,3.7473,3.5008,3.3284,2.5431,3.3667,3.4785,3.5206,3.3143,3.284,2.6648,2.4171,3.3085,3.8754
-,-,-,Semi-durable goods (clothing and footwear),6.0435,4.669,5.1214,4.8142,5.4293,5.2707,5.2506,3.9614,4.1794,5.3164,5.254,5.0718,5.4575,4.3242,5.0493,4.6134,4.8081,5.2141,5.0377,3.6975,4.0888,4.9717,5.4447,5.1361,5.21,4.0258,5.1011,4.6548,4.6978,5.4442,4.7137,3.5015,3.977,4.7884,5.4388,4.7373,5.2247,4.1346,4.934,4.2771,4.6251,4.7401,4.6352,3.3733,3.7494,4.9237,5.0408,4.8175,5.1816,3.9647,4.817,4.1411,4.7232,4.3862,4.6898,3.2651,3.5709,4.8219,4.6333,4.4048,4.9609,3.4426,4.3791,4.3795,4.3718,4.9408,4.6597,3.3299,3.3292,4.752,5.2027,4.7803,4.6654,3.4003,4.2891,3.9396,4.4578,4.6164,4.5835,3.3726,3.734,4.6204,4.9597,4.7182,4.9418,3.8381,4.4147,4.0508,4.4006,4.7964,4.5208,3.3729,3.4475,4.4716,5.0881,4.2569,4.5822,3.6189,4.4109,3.8939,4.388,4.1539,4.5126,3.4051,3.5209,4.3073,5.0449,4.0825,4.7389,3.3167,4.2648,3.8594,4.2889,4.1971,4.1038,3.0446,3.482,4.2,4.7278,4.5166,4.4769,3.6131,4.0776,3.4347,4.1498,4.0569,4.2556,2.9302,3.2971,4.4087,4.3643,3.9207,4.413,3.3337,3.7595,3.681,4.1864,4.1854,4.2672,3.1414,3.2247,4.5279,4.7998,4.2215,4.6753,3.3022,3.9501,3.6917,3.9057,4.0947,4.1914,3.0157,3.1507,4.2088,4.9731,4.3334,4.3456,3.4349,4.1481,3.7637,4.2728,4.4733,4.1468,3.0944,3.2513,4.267,4.9266,4.2209,5.0402,3.1552,4.2551,3.5937,4.4136,4.4452,3.9873,3.3521,3.3314,4.1174,4.9652,4.4313,4.5441,3.3132,4.1457,3.9187,4.2279,3.9936,4.112,3.1224,3.4818,3.9968,4.523,3.9481,4.4353,3.1226,3.8569,3.6577,4.5744,3.9938,3.9757,2.9341,3.0481,4.0477,4.2888,3.7995,4.6356,3.0735,4.0914,3.7837,3.9794,3.6592,4.149,2.7747,3.103,3.952,4.4397,3.8742,4.3614,3.065,4.1058,3.6772,3.8051,3.7472,3.6858,2.8101,3.1507,3.6113,4.4453,4.0304,4.0153,3.014,4.0634,3.4748,3.8189,3.7005,3.5264,2.9201,3.3309,3.4072,4.2595,3.8076,4.0317,2.8704,3.187,1.6889,2.7824,3.6975,3.057,2.5297,2.671,3.5632,3.5236,3.4183,3.1722,2.5985,3.1817,2.9494,2.8808,3.306,3.1919,2.3114,2.4176,3.2203,3.8913,3.4914,3.1591,2.3072,3.208,3.214,3.1475,3.072,2.9757,2.3278,2.5626,3.5738,3.5164,3.507,3.2442,2.494,3.3409,3.0273,3.1626,3.1501,3.3507,2.2878,2.1338,3.3185,4.1464,3.3224,3.5769,2.7913,3.378,3.241,3.205,3.4078,3.1698,2.432,2.5437,2.8213,3.5582,3.3516,3.2168,2.4144,3.1436,3.2022,3.2377,3.0804,3.0599,2.5075,2.2855,3.1567,3.715
-,-,-,Services (clothing and footwear),0.2878,0.2856,0.3555,0.5628,0.6352,0.4898,0.3513,0.279,0.3066,0.468,0.4129,0.2988,0.2457,0.2601,0.3607,0.5532,0.4814,0.4492,0.3437,0.243,0.2768,0.4315,0.4123,0.3031,0.3103,0.2545,0.3726,0.5253,0.5562,0.4174,0.3225,0.2711,0.2918,0.4351,0.377,0.2874,0.2564,0.2298,0.2958,0.4831,0.5105,0.3956,0.3006,0.2412,0.2548,0.395,0.3731,0.3477,0.2639,0.2587,0.3226,0.504,0.4451,0.4032,0.2941,0.2249,0.2674,0.3686,0.3895,0.287,0.2479,0.2742,0.3075,0.4811,0.4476,0.4092,0.2901,0.2148,0.2551,0.3485,0.3706,0.2633,0.2379,0.2554,0.2735,0.4308,0.4803,0.3839,0.2928,0.2249,0.261,0.3159,0.385,0.2777,0.2759,0.2225,0.2953,0.4191,0.5085,0.3881,0.2757,0.2358,0.2604,0.3404,0.2995,0.2508,0.2056,0.2596,0.3254,0.4448,0.4564,0.3486,0.3134,0.2136,0.2622,0.3297,0.3248,0.2641,0.2107,0.2154,0.2945,0.4315,0.4234,0.382,0.2687,0.2045,0.2443,0.2891,0.3308,0.2412,0.2367,0.1926,0.2516,0.343,0.4546,0.3881,0.2959,0.2073,0.2212,0.2811,0.3005,0.2492,0.1677,0.2274,0.2055,0.351,0.4095,0.3536,0.2632,0.2411,0.2267,0.2773,0.3365,0.2737,0.249,0.187,0.2676,0.3865,0.4043,0.3473,0.2676,0.1752,0.2156,0.3061,0.3401,0.2289,0.163,0.1611,0.2549,0.317,0.4172,0.3062,0.2234,0.2182,0.2155,0.267,0.3041,0.2533,0.205,0.1557,0.2889,0.3522,0.4565,0.3274,0.2208,0.2226,0.1922,0.2599,0.3097,0.1971,0.1628,0.195,0.2497,0.4403,0.442,0.2747,0.2129,0.2033,0.2041,0.2482,0.2518,0.1882,0.1943,0.1587,0.2566,0.3581,0.4169,0.3442,0.2205,0.1842,0.1879,0.2639,0.3186,0.2415,0.1833,0.1868,0.2249,0.3626,0.3628,0.2883,0.2246,0.2458,0.1931,0.2651,0.2816,0.1996,0.1736,0.1845,0.3741,0.3899,0.3235,0.2978,0.205,0.1559,0.1858,0.218,0.2181,0.2077,0.2497,0.2695,0.2325,0.3444,0.3114,0.3099,0.1955,0.1613,0.1886,0.2271,0.2073,0.1637,0.211,0.1928,0.22,0.2516,0.3043,0.2411,0.187,0.1404,0.1319,0.1788,0.2052,0.159,0.1027,0.1541,0.1988,0.2481,0.2544,0.224,0.1543,0.156,0.2013,0.1929,0.1996,0.1315,0.1101,0.1233,0.2265,0.2512,0.3146,0.2878,0.2268,0.1614,0.1399,0.2312,0.1721,0.1634,0.1382,0.1392,0.2072,0.2415,0.2754,0.2065,0.2577,0.1306,0.1343,0.1725,0.215,0.1751,0.1192,0.1404,0.2096,0.3559,0.2487,0.2318,0.1983,0.1597,0.1379,0.2243,0.1892,0.1492,0.1116,0.1291,0.2232,0.2763,0.2828,0.2342,0.2241,0.1577,0.1316,0.1519,0.1604
-,-,-,Health and medical care (goods/services),3.5337,4.0559,3.509,3.3557,3.6734,3.7662,3.6505,3.6004,3.3614,3.6841,3.9223,3.4095,3.4363,3.7767,3.8504,3.6059,4.06,4.0796,3.6025,3.5996,3.943,3.9028,4.1464,3.6328,3.8294,4.0909,3.9818,3.4535,3.8419,3.9164,3.7517,3.7284,3.5119,3.8693,4.1034,3.9271,4.1472,4.3947,3.9861,3.8997,4.2347,4.3275,4.423,3.946,4.503,4.0537,4.1686,3.9214,4.2327,4.2047,3.9517,3.7753,3.8725,4.4993,4.0741,3.8414,4.0169,4.2619,4.4558,3.7863,4.1076,4.5003,4.2517,4.231,4.2792,4.5729,4.4554,4.4186,4.3637,4.2286,4.8064,4.256,4.2645,4.5769,3.9582,3.7539,4.3052,4.8486,3.9107,4.3939,4.7981,4.4616,4.8901,4.4744,4.1606,4.5263,4.2212,3.9587,4.5653,4.9026,4.565,4.466,4.5039,4.4619,4.947,4.1278,4.1756,4.844,4.2286,4.0274,4.1016,4.2674,4.4285,4.3372,4.2426,4.2054,4.7907,3.9706,4.3913,4.5541,4.4306,3.8046,4.2055,4.876,4.5188,4.4602,4.7938,4.7246,5.0783,4.2863,4.2693,4.5313,3.9917,4.2897,4.1565,4.4735,4.6345,3.8451,4.4435,4.3704,4.7306,4.4357,4.4545,4.6823,4.6629,4.5492,4.345,4.6,4.6217,4.2538,4.6032,4.6767,4.8002,4.1313,4.1145,4.8299,4.5201,4.0269,4.2148,4.5039,4.8179,4.5187,4.6366,4.8787,4.8354,4.1721,4.1529,4.3984,4.3939,4.1139,4.446,4.8482,4.4873,4.376,4.5612,4.4025,4.8164,4.1913,4.0576,4.7523,4.4653,4.0332,4.2246,4.396,4.4314,4.414,4.3154,4.8794,5.0126,4.4163,4.3571,4.5431,4.278,4.15,4.1734,4.5337,4.5049,4.1407,4.3283,4.6668,4.9402,4.7116,4.6101,5.0809,4.741,4.3009,4.2278,4.9581,4.6928,4.721,4.4437,4.5006,4.8872,4.1355,4.3252,4.8453,4.3582,4.2392,4.302,4.9635,4.4016,4.3839,4.6904,4.7403,5.1265,4.6186,4.7735,4.8025,4.7037,4.3615,4.6,4.8382,4.6477,4.5517,4.3937,4.7728,4.8989,4.3794,4.5093,4.8335,4.5229,4.3827,4.3795,5.1191,5.0058,4.5298,5.0398,4.9083,5.303,4.8575,4.8333,5.2389,4.8399,4.8126,4.8894,5.3084,5.6539,5.4425,4.9329,5.5808,5.4302,4.8094,4.8532,5.2363,4.8702,4.6495,5.0327,5.7164,5.2146,5.1482,5.4778,5.2887,5.5016,4.7509,4.9069,5.0821,4.8294,4.5923,4.8174,5.5518,5.3142,5.4129,5.0851,5.2103,5.5353,4.8084,4.3713,4.9123,5.0352,4.808,4.8212,5.2289,5.0842,4.8642,5.0946,5.4008,5.4708,5.0477,5.041,5.3214,4.9788,4.7651,5.1201,5.3203,5.0775,5.0688,4.9527,5.2973,5.4396,5.0191,4.8697,4.8453,4.3755,4.476,4.707,5.59,5.4708,4.9488,5.2847,5.513,5.287
-,-,-,Durable goods (health care),0.3627,0.2935,0.311,0.2983,0.3127,0.2836,0.3666,0.281,0.2979,0.3571,0.2877,0.2401,0.2781,0.2629,0.2562,0.2339,0.2967,0.3038,0.3249,0.2893,0.2831,0.2657,0.2624,0.3264,0.2651,0.2168,0.3184,0.2589,0.2199,0.2443,0.267,0.2875,0.2935,0.2741,0.2466,0.2585,0.312,0.2879,0.2685,0.2514,0.3416,0.3335,0.3356,0.2782,0.3142,0.2472,0.2715,0.2539,0.2775,0.2232,0.3872,0.2534,0.286,0.3675,0.3288,0.2867,0.2878,0.2682,0.3131,0.2317,0.3008,0.3293,0.2659,0.2605,0.3286,0.2972,0.3141,0.3544,0.3748,0.2819,0.3184,0.296,0.2861,0.2531,0.3255,0.3033,0.2903,0.2749,0.3161,0.3496,0.4026,0.2922,0.2347,0.2769,0.2941,0.3124,0.2621,0.3024,0.2599,0.3286,0.3806,0.3118,0.308,0.2788,0.2567,0.2084,0.2879,0.3067,0.2819,0.2832,0.2881,0.277,0.3013,0.3225,0.3546,0.281,0.2669,0.2143,0.2591,0.2902,0.2424,0.2494,0.2945,0.3261,0.3469,0.2997,0.3313,0.2856,0.2335,0.2501,0.3477,0.3232,0.2594,0.3083,0.3213,0.2474,0.3477,0.2512,0.2891,0.2439,0.1974,0.2853,0.3337,0.301,0.223,0.295,0.2846,0.3217,0.301,0.3365,0.3478,0.2843,0.2706,0.2323,0.3101,0.2613,0.2271,0.3067,0.2647,0.2969,0.3449,0.2923,0.282,0.2428,0.2707,0.2722,0.3471,0.2264,0.2334,0.2425,0.2837,0.3693,0.2814,0.2775,0.3498,0.2738,0.2797,0.2924,0.276,0.2483,0.4004,0.1973,0.2472,0.3519,0.3122,0.3335,0.2736,0.2845,0.3547,0.2747,0.334,0.2526,0.256,0.2363,0.309,0.2274,0.3002,0.225,0.2796,0.2705,0.2946,0.2457,0.3036,0.2699,0.341,0.2476,0.2888,0.2647,0.2924,0.3456,0.2621,0.3054,0.244,0.2477,0.3384,0.2904,0.2964,0.2457,0.3218,0.308,0.2801,0.2868,0.324,0.2595,0.3007,0.2409,0.38,0.2402,0.2486,0.3291,0.3082,0.3045,0.3137,0.2681,0.2392,0.323,0.2943,0.3001,0.3226,0.3038,0.3482,0.2776,0.3094,0.3547,0.3628,0.2801,0.4291,0.3222,0.3146,0.2832,0.3409,0.3069,0.3059,0.1963,0.2567,0.3767,0.3852,0.3358,0.2842,0.3714,0.2411,0.2803,0.279,0.307,0.2973,0.2996,0.2829,0.3696,0.3246,0.3585,0.2944,0.3184,0.3011,0.2935,0.2943,0.3032,0.3105,0.3488,0.3153,0.3424,0.3666,0.3145,0.3402,0.3181,0.377,0.3112,0.2599,0.2759,0.2996,0.3026,0.2866,0.2936,0.3681,0.3377,0.2778,0.2884,0.2813,0.3305,0.3044,0.3248,0.3514,0.2684,0.28,0.3058,0.3451,0.3432,0.3396,0.2773,0.2802,0.3134,0.3178,0.3353,0.3352,0.2889,0.2907,0.3994,0.3494,0.3704,0.2873,0.2284,0.2679
-,-,-,Semi-durable goods (health care),0.1363,0.1524,0.1097,0.0853,0.1663,0.174,0.2236,0.1568,0.1137,0.1067,0.2309,0.215,0.0725,0.2308,0.17,0.1039,0.1921,0.144,0.1044,0.1207,0.0852,0.1659,0.176,0.1581,0.1478,0.0731,0.1377,0.0815,0.1456,0.2218,0.1162,0.1165,0.1198,0.1882,0.1051,0.1769,0.1707,0.1441,0.1662,0.1619,0.1832,0.1409,0.1964,0.1475,0.2398,0.1148,0.0853,0.1098,0.1709,0.1362,0.0931,0.1354,0.1937,0.211,0.1616,0.1721,0.1249,0.0879,0.1525,0.107,0.1016,0.199,0.2123,0.1601,0.0845,0.1197,0.1645,0.1694,0.1013,0.1419,0.1347,0.2156,0.1514,0.1344,0.1075,0.0898,0.1208,0.1492,0.0787,0.1428,0.1768,0.1985,0.1184,0.1839,0.1383,0.1261,0.0769,0.1714,0.1108,0.222,0.1368,0.1142,0.1855,0.0882,0.123,0.1197,0.1356,0.1305,0.1507,0.0795,0.1496,0.1426,0.2339,0.1065,0.2295,0.1801,0.1963,0.1249,0.1294,0.2026,0.1278,0.0849,0.1422,0.1432,0.1831,0.1206,0.1905,0.1637,0.0892,0.1438,0.1,0.1639,0.1316,0.3317,0.1065,0.196,0.1451,0.0852,0.1024,0.1148,0.2189,0.1318,0.1452,0.1139,0.1021,0.095,0.1992,0.1234,0.2253,0.1298,0.1581,0.1288,0.1437,0.0975,0.1483,0.3028,0.13,0.1255,0.2001,0.1453,0.174,0.1227,0.1792,0.215,0.1004,0.1192,0.0824,0.1477,0.1442,0.1354,0.1647,0.1607,0.1625,0.1363,0.2287,0.1101,0.0994,0.2694,0.1148,0.3139,0.2672,0.1148,0.1831,0.0924,0.1156,0.123,0.1838,0.1459,0.1395,0.1974,0.138,0.1359,0.0822,0.1105,0.1142,0.0804,0.2335,0.1601,0.1342,0.1728,0.1841,0.1508,0.0876,0.1853,0.1326,0.1615,0.0891,0.1255,0.1622,0.0897,0.1531,0.1511,0.1809,0.13,0.1214,0.221,0.1084,0.1264,0.0911,0.1124,0.1708,0.1088,0.1525,0.1297,0.2657,0.1394,0.1847,0.1092,0.1119,0.0812,0.15,0.1323,0.1867,0.1887,0.1191,0.1928,0.1196,0.164,0.1346,0.1254,0.0999,0.1531,0.1602,0.2506,0.1483,0.1083,0.2216,0.1394,0.1596,0.2225,0.0818,0.1524,0.1855,0.14,0.1321,0.2134,0.1469,0.1668,0.2272,0.1203,0.2346,0.1648,0.1729,0.1545,0.2005,0.1282,0.1815,0.1249,0.2081,0.183,0.2461,0.1546,0.2841,0.1743,0.1737,0.0973,0.112,0.1038,0.114,0.1968,0.2198,0.1742,0.2416,0.1228,0.1423,0.1237,0.0948,0.2134,0.1618,0.1399,0.1313,0.1709,0.1572,0.1269,0.1509,0.1354,0.2018,0.1278,0.1237,0.1076,0.1572,0.2838,0.1212,0.2172,0.1674,0.1946,0.1771,0.2348,0.1574,0.2005,0.163,0.2014,0.1498,0.1286,0.0845,0.217,0.1279,0.1682,0.1029,0.2848,0.1613
-,-,-,Non-durable goods (health care),1.1013,1.2375,1.1603,0.9962,1.0921,1.196,1.1284,1.1642,1.1556,1.1181,1.2078,1.1158,1.1832,1.2217,1.2789,1.1971,1.3211,1.3305,1.2675,1.1948,1.2047,1.239,1.1979,1.2341,1.1834,1.3639,1.2074,1.1036,1.2755,1.3178,1.262,1.2326,1.1753,1.2827,1.3036,1.2349,1.2486,1.4053,1.2431,1.1654,1.3243,1.4551,1.4092,1.3047,1.3205,1.4909,1.3105,1.3341,1.3954,1.3632,1.2233,1.3314,1.3205,1.2979,1.2689,1.3393,1.2585,1.2962,1.337,1.3239,1.3282,1.5906,1.4308,1.2855,1.3037,1.3637,1.4561,1.4408,1.2865,1.3753,1.3819,1.3604,1.2891,1.3355,1.2236,1.1708,1.2841,1.3346,1.2753,1.2876,1.2826,1.373,1.3455,1.3163,1.2591,1.3547,1.2495,1.1617,1.2236,1.2948,1.2626,1.2377,1.2933,1.2974,1.3701,1.1673,1.1965,1.4045,1.2241,1.1944,1.2036,1.2768,1.2997,1.2966,1.2881,1.3128,1.3229,1.309,1.4284,1.4133,1.34,1.2659,1.4913,1.4861,1.4701,1.5321,1.525,1.506,1.4389,1.3957,1.386,1.5236,1.3916,1.4294,1.5539,1.6152,1.6528,1.5063,1.5281,1.5705,1.5372,1.537,1.5412,1.622,1.6554,1.4718,1.5227,1.6839,1.6237,1.523,1.5692,1.5318,1.5584,1.5118,1.5431,1.6964,1.5143,1.4175,1.4845,1.6382,1.5779,1.5543,1.5493,1.6592,1.624,1.5788,1.535,1.6699,1.5182,1.4607,1.5097,1.5626,1.5841,1.5563,1.5166,1.5285,1.6434,1.5169,1.499,1.6065,1.5846,1.2852,1.4601,1.5235,1.5106,1.4756,1.4661,1.6311,1.6252,1.628,1.5864,1.6685,1.5196,1.4247,1.5127,1.6304,1.5773,1.4813,1.5585,1.6392,1.6427,1.6031,1.5457,1.7826,1.7149,1.5168,1.5918,1.7678,1.6331,1.7366,1.5521,1.619,1.6179,1.5884,1.6473,1.7039,1.657,1.5419,1.6354,1.7437,1.6025,1.6296,1.5989,1.582,1.6844,1.6945,1.7411,1.748,1.7176,1.4784,1.5485,1.6111,1.5749,1.436,1.5365,1.5933,1.6019,1.5899,1.6312,1.6941,1.5876,1.5515,1.5234,1.6379,1.6308,1.5547,1.8183,1.5929,1.69,1.6747,1.7362,2.0123,1.7573,2.1838,2.3467,2.0289,2.2136,2.2478,1.9121,1.9082,1.8955,1.8847,1.9809,1.9956,1.7372,1.7336,1.8309,1.9517,1.8979,1.9041,1.8756,1.8167,1.8377,1.708,1.7933,1.9726,1.7614,1.6233,1.745,1.7784,1.872,1.954,1.8135,1.7936,1.9857,1.8902,1.8164,1.8346,1.8027,1.7088,1.668,1.8124,1.8099,1.6974,1.7783,1.7197,1.8381,1.8102,1.8227,1.8051,1.7414,1.5117,1.6623,1.7313,1.7286,1.7523,1.7214,1.7337,1.7403,1.7755,1.8447,1.7807,1.6632,1.6616,1.56,1.701,1.7455,1.6119,1.7097,1.6691,1.8381
-,-,-,Service (health care),1.9333,2.3725,1.9276,1.9757,2.1023,2.1126,1.9321,1.9984,1.7939,2.1022,2.1959,1.8386,1.9028,2.0613,2.1453,2.0706,2.2504,2.3013,1.9061,1.9952,2.3696,2.2319,2.5098,1.9142,2.2331,2.437,2.3179,2.0095,2.2016,2.1325,2.1064,2.0921,1.923,2.1243,2.4481,2.2565,2.4159,2.5575,2.3082,2.3214,2.386,2.3977,2.4818,2.2155,2.6284,2.2008,2.5016,2.2234,2.3885,2.4821,2.2478,2.0553,2.0722,2.623,2.3148,2.0435,2.3457,2.6099,2.6528,2.1239,2.377,2.3814,2.3427,2.5245,2.5624,2.7922,2.5207,2.4543,2.6011,2.4298,2.9714,2.3841,2.5379,2.8539,2.3016,2.19,2.6099,3.0895,2.2406,2.6136,2.936,2.598,3.1917,2.6974,2.469,2.7331,2.633,2.3232,2.971,3.0572,2.785,2.8027,2.717,2.7975,3.1969,2.6323,2.5556,3.0022,2.5716,2.4703,2.4604,2.571,2.5935,2.6117,2.3707,2.4319,3.0046,2.3224,2.5741,2.6481,2.7202,2.2041,2.2775,2.9206,2.5186,2.5078,2.7469,2.7694,3.3167,2.4967,2.4356,2.521,2.2091,2.2207,2.1748,2.4149,2.4888,2.0027,2.5243,2.4413,2.7772,2.4819,2.434,2.645,2.6828,2.6873,2.3385,2.471,2.4721,2.2645,2.5277,2.7314,2.8274,2.29,2.1129,2.5689,2.6488,2.1772,2.2656,2.4236,2.7215,2.5493,2.6261,2.7618,2.8407,2.2019,2.1884,2.3547,2.4981,2.2758,2.4883,2.7556,2.4596,2.4058,2.466,2.4901,2.7938,2.1122,2.1678,2.5839,2.2134,2.4359,2.3341,2.4282,2.4931,2.4822,2.3919,2.8179,2.8933,2.3161,2.2985,2.4861,2.4202,2.3789,2.2372,2.5956,2.3942,2.2744,2.3557,2.5843,2.8192,2.712,2.6732,2.8431,2.5524,2.3751,2.2585,2.8001,2.6051,2.5491,2.4764,2.4252,2.844,2.1693,2.2181,2.63,2.2961,2.3252,2.2536,2.7991,2.3482,2.3587,2.6149,2.7695,2.8757,2.5438,2.468,2.7054,2.6256,2.4732,2.5929,2.7907,2.5721,2.659,2.4993,2.6636,2.8836,2.3254,2.4208,2.7102,2.4868,2.4006,2.3865,2.8763,2.8636,2.587,2.5704,2.8534,3.1388,2.6772,2.6747,2.7674,2.5909,2.2925,2.1534,2.6898,2.9082,2.6921,2.5094,3.1805,3.059,2.4796,2.4205,2.7792,2.6349,2.4883,2.7375,3.2703,2.7844,2.7025,3.0614,2.999,3.0787,2.575,2.6456,2.7093,2.646,2.5168,2.6432,3.2342,2.8562,2.9699,2.6893,2.9761,3.0306,2.4836,2.2003,2.5884,2.7712,2.6564,2.7356,2.952,2.7487,2.7019,2.8876,3.2572,3.1496,2.7792,2.7903,3.0836,2.7288,2.7012,3.0565,3.0663,2.8364,2.7786,2.7149,3.0515,3.2617,2.7298,2.5442,2.5276,2.2271,2.3969,2.772,3.2726,3.2483,2.798,3.1855,3.3307,3.0196
-,-,-,Transportation/communications (goods/services),10.1369,10.6794,11.6589,12.3349,11.6957,11.4965,12.4375,11.4819,12.2908,10.7806,12.3637,10.9448,10.4068,13.1833,12.7466,12.1074,11.1675,10.9951,12.9062,12.0407,11.6117,12.0473,12.8197,10.5376,11.6086,11.6682,13.0737,11.7051,11.5198,12.02,12.8166,11.7545,12.7543,11.9909,12.701,10.7796,11.6495,12.743,13.3986,12.9255,11.2929,12.7537,13.5261,12.7979,12.7293,12.3354,13.0674,10.4961,11.4683,13.9631,14.0308,13.7254,13.0279,12.065,13.377,13.1516,13.1056,12.6701,12.8468,11.684,12.2428,13.4086,14.3283,12.9318,12.9862,13.2503,12.1219,13.1896,14.0001,13.1563,12.7262,11.0566,11.9016,12.1495,12.4557,13.066,12.8032,13.1136,14.2405,13.5193,12.6273,13.3665,14.0518,11.5779,12.6302,12.8317,13.6094,12.6587,12.2971,12.471,14.0214,13.1079,13.1715,13.292,12.4153,11.8223,13.779,12.3117,12.8162,13.1364,13.0945,13.5332,14.1782,14.0307,13.9404,13.3748,13.3641,11.5922,11.612,13.9601,13.2191,12.0647,12.3504,13.8264,13.8899,13.458,13.7411,13.4967,13.0294,12.8623,13.1506,13.5739,14.7248,12.3592,13.8208,13.4448,14.6256,14.5827,14.0536,12.7306,12.9213,11.8909,13.1277,13.3044,14.0271,12.5725,12.6644,12.5237,12.7565,13.5234,12.9629,13.0159,13.4463,11.7368,12.8078,13.5245,14.5616,14.2786,13.9741,14.783,14.7563,14.2972,14.7991,14.2381,14.0307,12.8952,13.7149,15.1761,15.6007,13.8766,12.8939,13.6301,14.7408,13.7908,14.9698,15.4141,14.2338,13.8733,13.7459,14.8239,16.3086,13.8862,12.8374,14.2307,14.8459,13.856,16.6205,15.2617,14.8249,12.295,13.3012,14.9816,14.9783,14.6189,13.5864,14.0345,14.7142,14.1649,14.7399,13.9412,14.5282,11.4999,13.9195,14.9807,13.4767,13.8513,14.0593,13.5302,13.3252,13.4907,14.9203,13.7317,15.1424,12.6962,13.4876,14.43,14.7405,13.0254,14.9836,13.9474,14.4274,14.1888,14.5475,14.2895,15.0165,12.3195,13.5207,15.7334,15.196,13.0761,15.4031,14.6831,15.9012,15.9624,14.7696,14.8628,14.9057,12.8863,14.009,16.3764,15.2654,14.3005,14.9155,14.5762,15.8055,16.1042,15.2733,14.4924,15.022,13.3033,13.5521,15.5998,16.1632,14.5979,13.5896,13.7911,13.6888,15.1371,15.5149,13.7372,15.2204,12.1927,13.7832,14.4214,14.7676,15.2384,14.8227,13.4122,14.7417,14.1506,13.8041,14.1701,15.0807,12.6968,15.6796,14.5719,15.0709,13.8101,14.0375,13.9607,14.7673,14.6165,14.2719,13.8742,14.4572,12.4969,15.1204,14.601,15.4906,14.4875,12.7648,14.9003,14.5047,14.9553,16.4848,14.8854,14.0435,12.7826,14.0997,14.4504,16.069,12.9253,13.4303,14.4691,13.6019,12.2442,14.2994,14.7689,13.6895,12.8664,13.6059,14.9034,15.8234,13.0782,15.8812,15.2976,15.2479,13.5577,15.5883,13.8462,16.0205
-,-,-,Durable goods (transportation/communication),1.4324,1.8767,2.685,3.2752,2.1431,2.1714,2.8087,1.2926,2.9141,1.3015,2.2777,2.5907,1.178,3.7205,3.7054,2.68,1.3491,1.6469,3.0469,1.6236,2.0939,2.4053,2.6305,1.6506,2.1499,2.0418,3.4342,1.691,1.5262,2.4276,2.5863,1.2357,2.0977,1.9122,2.0406,1.3538,1.489,2.0978,3.2435,2.9069,1.3379,2.4912,3.148,2.0163,1.8745,1.9112,2.3157,0.8538,1.5939,3.6242,3.499,3.5031,2.4276,1.6141,2.7434,1.8232,1.9491,2.307,1.4961,2.0816,1.7614,2.6794,3.5715,2.6422,1.8527,2.0503,1.144,1.5258,2.4873,2.0497,1.1907,1.2506,1.4056,1.2241,2.015,2.3067,1.2286,2.0447,2.6286,1.6348,1.257,1.8531,2.0286,1.4629,1.7938,1.8368,2.8454,2.141,1.1305,1.7681,2.2199,1.4748,1.9698,1.724,0.4925,1.7741,2.3629,1.0401,1.7049,1.8642,2.1133,2.0858,2.5925,2.1878,1.6508,1.8559,1.4236,1.3823,1.437,2.8781,2.3104,1.5888,1.6236,2.3337,2.392,1.7847,2.1378,2.5574,1.3409,2.7213,2.4551,2.1975,3.4401,1.2787,2.3027,2.1585,3.0953,2.7209,2.5635,1.7176,1.331,1.5498,1.905,1.9004,2.4077,1.7391,1.149,1.5199,1.6876,1.5333,1.457,1.8105,1.603,1.4914,1.724,2.2863,3.4028,2.5167,2.2198,3.1029,2.777,2.4514,2.7386,2.1011,1.6251,2.0704,2.2652,3.2999,4.5555,2.2061,1.4039,2.2805,2.308,1.603,2.611,3.5184,2.3831,2.7491,2.4301,3.2793,4.8995,3.0525,1.0674,2.025,2.8581,1.5848,3.5287,3.2137,2.6828,1.5673,2.186,3.2473,3.4508,2.9253,1.8458,1.828,2.5832,1.8694,2.7505,2.2776,2.2165,1.3725,2.659,3.2468,2.2616,2.78,2.3788,1.6152,2.234,1.2098,2.7621,2.0244,2.9319,2.2544,1.8714,2.8598,2.7801,1.569,3.0711,2.0666,2.3937,1.8907,2.6886,2.5588,2.5959,1.5257,1.5402,3.4072,3.4684,1.3422,3.0945,2.8187,3.5778,3.2929,2.0157,1.8726,2.2228,1.7041,1.6123,3.6968,3.159,2.3893,2.0651,2.3577,3.0588,3.8788,2.2012,2.4861,2.7331,1.9755,1.7425,4.0436,4.3735,3.3409,2.5685,2.4169,2.3073,3.6069,3.6022,2.5043,3.1713,1.799,2.4619,3.0279,3.1246,3.5912,3.4245,1.8195,3.0511,2.2277,1.9314,2.7213,2.5604,1.5151,4.0771,3.0265,3.5914,2.8078,2.4739,2.1684,2.8246,2.7327,2.4712,2.3681,2.44,1.4141,3.8008,2.984,3.5535,2.7643,0.9824,3.2049,2.392,2.88,4.1368,3.3675,2.2083,2.0621,2.8228,3.1629,4.8947,1.7108,2.038,2.9232,1.9878,1.0891,2.701,3.6054,2.2659,2.6095,2.5078,3.5228,4.5568,1.8363,4.7206,3.6301,3.9883,2.2221,3.6948,2.7764,4.7896
-,-,-,Semi-durable goods (transportation/communication),0.331,0.3052,0.4598,0.4662,0.3753,0.4539,0.5167,0.3832,0.5188,0.3283,0.4648,0.6461,0.4717,0.4025,0.4169,0.373,0.3373,0.3615,0.4757,0.3375,0.4493,0.4204,0.4655,0.6045,0.3778,0.3733,0.596,0.4185,0.3922,0.3569,0.5125,0.3551,0.3757,0.4561,0.5441,0.6036,0.402,0.4493,0.5133,0.445,0.32,0.3452,0.4093,0.4466,0.3549,0.451,0.6539,0.7145,0.4046,0.464,0.4797,0.4226,0.4364,0.4689,0.5766,0.4059,0.4415,0.5768,0.5869,0.6515,0.5451,0.544,0.5358,0.526,0.4804,0.4253,0.4499,0.37,0.5181,0.5694,0.5335,0.7838,0.4222,0.4989,0.5224,0.5328,0.4714,0.4629,0.5241,0.405,0.3807,0.45,0.6289,0.7338,0.5188,0.4429,0.5683,0.4827,0.4045,0.5802,0.5922,0.3783,0.4679,0.4586,0.5791,0.7024,0.7443,0.5467,0.4626,0.543,0.4397,0.5022,0.612,0.6224,0.5468,0.4823,0.794,0.7368,0.4443,0.551,0.5356,0.5811,0.5106,0.6752,0.6398,0.5657,0.6308,0.6463,0.5935,0.879,0.6526,0.5824,0.6503,0.4883,0.5924,0.5924,0.7982,0.6034,0.5382,0.5883,0.697,0.9217,0.7428,0.5257,0.7338,0.565,0.5077,0.4153,0.4831,0.4893,0.5355,0.5525,0.7885,0.7946,0.6361,0.5746,0.8031,0.6809,0.6054,0.8384,0.6961,0.6268,0.7349,0.5407,0.7466,0.8833,0.6984,0.7777,0.8372,0.592,0.5312,0.6143,0.6438,0.5386,0.7025,0.9216,0.8442,0.9715,0.7089,0.7183,1.1527,0.6113,0.5015,0.6166,0.7039,0.5891,0.7252,0.7222,0.8574,0.9135,0.6045,0.6611,0.763,0.7362,0.648,0.51,0.6396,0.6162,0.5953,0.6962,0.8863,0.6457,0.6695,0.7521,0.6823,0.74,0.4921,0.6533,0.5531,0.5522,0.7057,0.598,0.8562,0.6983,0.5246,0.5889,0.783,0.6809,0.6472,0.689,0.7167,0.5465,0.5621,0.7081,1.0225,0.8263,0.7566,0.8686,0.7908,0.7166,0.7846,0.7835,0.6863,0.8599,0.6407,0.8358,0.8244,0.9418,0.7512,0.9483,0.894,0.786,0.677,0.7971,0.9447,0.7357,1.0392,0.6826,1.0173,1.0287,0.6971,0.9395,0.923,0.9189,0.6773,0.7717,0.855,0.8623,0.9338,0.8892,1.2109,0.9628,0.9736,0.8152,0.9781,1.1022,0.9023,0.7242,0.7172,0.731,0.8108,0.8319,1.1927,1.0224,1.0354,0.8601,1.0698,0.9205,0.6278,0.7671,0.9414,0.8725,0.8292,0.7822,1.2359,1.121,0.8895,0.9592,1.2012,1.0506,0.6445,1.0383,0.9647,0.8146,1.0397,0.9474,1.108,1.1068,0.8609,0.7968,0.9234,0.8149,0.776,1.0057,0.7486,0.6874,0.83,0.9241,1.1485,1.1445,0.7201,1.0158,1.0185,0.937,1.0706,0.8977,0.8446,0.815,0.997,0.831,1.355
-,-,-,Non-durable goods (transportation/communication),1.2519,1.3266,1.2542,1.219,1.4477,1.3755,1.3382,1.7255,1.5257,1.4279,1.4437,1.2499,1.3787,1.4287,1.3256,1.3529,1.4014,1.4553,1.4339,1.6947,1.5294,1.3813,1.4417,1.2785,1.3679,1.4407,1.248,1.2788,1.4663,1.4429,1.4121,1.7072,1.5385,1.4751,1.5619,1.3776,1.4833,1.5838,1.479,1.4505,1.6318,1.5545,1.5252,1.7947,1.6521,1.5273,1.5309,1.3726,1.4917,1.5376,1.4757,1.4312,1.6652,1.6481,1.7259,1.8531,1.7958,1.7369,1.7314,1.5079,1.5701,1.7063,1.5733,1.5448,1.8443,1.8623,1.8527,2.1793,2.024,1.9171,1.9168,1.6878,1.8546,1.8863,1.7964,1.7895,1.9941,1.9347,2.1243,2.4551,2.2511,2.0286,2.0703,1.8278,1.9459,1.9174,1.763,1.7361,1.9534,2.0193,2.1171,2.3592,2.2292,2.0708,2.1995,1.9265,2.1267,2.2456,2.0018,2.2195,2.2035,2.3383,2.5077,2.8136,2.6205,2.3533,2.1811,1.6155,1.6048,1.6306,1.5782,1.5205,1.7925,1.7245,1.8574,2.1188,1.9274,1.8385,1.8462,1.6858,1.8029,1.885,1.7935,1.8554,2.2119,2.0568,2.1723,2.2811,2.1132,1.9883,1.9144,1.7969,1.9108,2.0664,2.0332,1.9165,2.135,2.1132,2.2346,2.4953,2.2133,2.098,2.0744,1.9337,2.0313,2.0571,2.1074,2.0186,2.0881,2.0867,2.0078,2.2742,2.2388,2.0996,2.2095,1.9758,2.0323,2.1242,1.9528,1.94,2.1122,2.2367,2.2842,2.7016,2.4229,2.2049,2.2401,2.0348,2.0332,2.0948,2.0145,1.7588,2.3628,2.2479,2.3497,2.6754,2.345,2.1679,2.165,1.8645,1.7827,1.7517,1.6651,1.6194,1.9181,1.8891,1.9988,2.1439,1.8793,1.779,1.7693,1.5076,1.508,1.4764,1.4028,1.3681,1.5754,1.6014,1.6428,1.7964,1.6079,1.5828,1.605,1.5002,1.5796,1.555,1.603,1.5804,1.7141,1.6815,1.8023,1.9888,1.7347,1.7372,1.7778,1.7783,1.8488,1.8531,1.7943,1.7413,1.8976,1.9661,2.0901,2.2682,2.1624,2.0231,1.9808,1.8371,1.809,1.8799,1.8543,1.8201,1.9418,2.0128,1.8863,2.0717,1.8981,1.8043,1.8589,1.7714,1.7345,1.8367,1.6074,1.3284,1.3396,1.4004,1.5332,1.7524,1.6305,1.5393,1.5381,1.4828,1.5099,1.6241,1.5826,1.5031,1.642,1.7984,1.9876,2.0192,1.8409,1.9855,1.9417,1.8953,1.8245,1.9326,1.8105,1.8042,1.9945,2.0164,2.2106,2.2423,2.0324,2.0194,1.9203,1.9103,1.8184,1.9183,1.8024,1.7807,1.9861,1.9249,2.2166,2.4205,2.202,1.9641,1.9883,1.9104,1.9788,1.9649,1.9155,1.8162,1.9623,1.9801,2.0716,2.3073,2.0298,1.8452,1.9369,1.8441,1.94,2.013,1.9211,1.8768,1.9397,1.9037,2.0494,2.254,1.9841,1.8584,1.8015
-,-,-,Services (transportation/communication),7.1213,7.1708,7.2598,7.3745,7.73,7.4954,7.7735,8.0805,7.3319,7.723,8.1775,6.4578,7.3785,7.6316,7.2984,7.7015,8.0797,7.5314,7.9494,8.3849,7.5391,7.8403,8.2823,7.0037,7.7131,7.8121,7.7953,8.3169,8.1348,7.7926,8.3054,8.4568,8.7424,8.1475,8.5544,7.4446,8.2753,8.6121,8.1632,8.1229,8.0032,8.3629,8.4435,8.5403,8.8478,8.4463,8.5669,7.5551,7.9781,8.3375,8.5765,8.3687,8.4984,8.3339,8.3314,9.0693,8.9192,8.0494,9.0328,7.4429,8.3662,8.4789,8.648,8.2185,8.8092,8.9119,8.6758,9.1145,8.9708,8.6201,9.0852,7.3346,8.2188,8.5403,8.1216,8.437,9.1091,8.6709,8.9632,9.0244,8.7388,9.0345,9.3244,7.5534,8.3718,8.6346,8.4324,8.2992,8.8084,8.103,9.0923,8.8959,8.5049,9.0382,9.1442,7.4192,8.5448,8.4789,8.6465,8.5093,8.338,8.6068,8.4658,8.4069,9.1222,8.6832,8.9654,7.8578,8.1259,8.9008,8.7949,8.3744,8.4233,9.0926,9.0007,8.9888,9.0451,8.4545,9.2491,7.5762,8.2403,8.9086,8.8406,8.7368,8.7135,8.6371,8.5598,8.9777,8.8387,8.4367,8.9789,7.6225,8.5687,8.8124,8.8523,8.3518,8.8724,8.4749,8.3511,9.0054,8.7571,8.5545,8.9804,7.5174,8.4161,8.6065,8.2481,9.0625,9.0604,8.755,9.2755,8.9443,9.0868,9.4963,9.4498,7.9658,8.7189,8.9747,8.2552,9.1385,8.8467,8.4987,9.5048,8.9476,9.2329,8.7692,8.7664,8.1179,8.5741,8.7315,8.2419,8.4636,8.9057,9.3412,8.9342,9.0063,10.0219,9.1583,9.1194,7.9497,8.7277,9.3215,9.0998,9.3381,9.1749,9.8075,9.4926,9.5354,9.5148,9.1884,9.6561,7.9741,9.0827,9.5054,9.1296,8.9632,9.613,9.6603,8.895,9.9324,9.8447,9.5268,9.7494,8.243,9.5116,9.4259,9.5743,9.1951,9.5508,9.51,9.5151,9.7628,9.5624,9.2855,9.62,8.1892,9.3751,9.6045,9.1425,9.2763,9.6268,9.1148,9.547,9.5415,9.9509,10.131,9.8779,8.4034,9.8365,9.851,9.358,9.3048,10.2316,9.4087,9.9158,9.418,10.1348,9.5198,9.4129,8.5273,9.378,8.7799,9.259,9.0097,9.0042,9.2021,8.993,8.9155,9.3481,8.8043,9.3001,7.9478,8.8378,8.9542,9.0826,9.0419,8.8539,9.0701,8.9858,9.1724,9.2211,8.6313,9.386,8.2643,8.7425,8.7531,8.5995,8.2779,8.9417,9.0092,8.7907,8.7691,8.9392,8.7045,8.8614,8.0515,8.6118,8.7394,8.9334,8.8918,9.1519,8.7325,8.9314,8.8402,9.1056,8.6064,8.739,7.7034,8.4369,8.5258,8.3354,8.5838,8.654,8.56,8.7942,8.16,8.7386,8.3942,8.3382,7.2682,8.438,8.3515,8.327,8.4279,8.15,8.8661,8.3656,8.2665,8.9128,8.3804,8.0744
-,-,-,Education (goods/services),4.0475,4.9821,5.2809,7.1729,3.7308,3.15,3.4501,2.7475,5.4787,5.3843,3.9886,3.2961,4.1604,5.2809,5.4476,6.2428,3.9275,3.0152,3.3887,2.428,4.8867,5.4133,3.4585,2.6199,3.7717,4.6072,4.4691,7.42,3.9991,3.0871,3.2968,2.7655,4.7187,5.4661,3.8526,2.9762,4.0016,4.5876,4.6317,7.8518,3.8879,3.113,3.2747,2.5847,5.7689,5.8311,3.4653,2.8432,4.069,4.3174,4.9266,7.8669,3.6958,3.2307,3.4621,3.0894,5.5698,5.4334,3.6167,2.9881,4.1993,4.3982,4.7549,6.6023,3.6706,3.0165,3.2412,2.8954,5.3622,4.6534,3.6622,3.2875,3.9655,4.7807,4.8964,7.0489,3.9488,3.1497,3.3671,2.83,5.8318,5.3198,3.5215,2.8757,3.5862,4.5483,4.7553,8.1034,4.0443,3.1274,3.2363,2.7524,5.0802,5.6609,3.6583,2.7759,3.9251,4.4557,4.3501,7.8405,4.4074,3.2931,3.2849,2.52,5.2186,5.8188,3.3393,2.9877,4.1676,4.6951,4.6939,8.6231,4.1607,3.0097,3.2384,2.8223,5.172,5.6705,3.6781,3.1061,3.8569,4.4903,5.0717,7.5994,3.4042,2.702,2.9126,2.5743,4.5532,5.4761,3.2314,2.5871,3.7131,3.8532,4.4162,6.9374,3.9474,2.7979,3.1366,2.5393,5.8527,5.1053,4.0248,3.0365,3.5214,4.159,4.6952,7.8702,3.9154,2.8164,3.2623,2.3763,4.5368,5.2611,3.4331,2.7177,3.7881,4.373,4.1889,6.867,3.9127,2.6335,2.9581,2.5063,5.9717,5.0293,2.9051,2.5192,3.2514,3.8359,3.3705,7.4313,3.7213,2.6889,3.1617,2.4273,4.343,5.0471,3.1666,2.6303,3.526,3.5335,3.8652,6.6267,3.7653,3.0307,3.078,2.6999,5.165,4.5347,3.3096,2.7431,3.4067,4.1753,4.1799,8.2805,3.4762,2.6965,3.1108,2.6739,5.1569,4.4808,3.0198,3.1838,3.6541,4.5775,3.892,7.1419,3.3824,2.8348,2.7808,2.3159,5.0695,5.2405,3.158,2.8797,3.1739,3.7965,4.2642,7.3798,4.2153,3.1606,3.1296,2.7879,4.9636,5.8858,3.3988,3.082,3.6727,3.5586,4.4747,7.3133,4.3572,2.8861,3.2268,2.5543,4.9606,4.7924,2.6338,2.4638,3.0361,3.0883,3.6035,7.1954,3.6855,2.5214,3.0776,2.5782,4.6235,5.1184,3.2549,2.8599,3.2753,4.5866,4.4309,7.4541,4.1094,3.0175,2.7937,2.7839,5.7432,6.0944,3.2152,3.3738,2.9642,3.887,4.1571,7.9078,3.6314,2.7235,3.0679,2.7578,4.963,4.7056,2.7725,3.4192,2.5749,3.1273,3.4311,6.473,4.0608,2.5059,2.524,2.3874,4.5086,5.2001,2.492,3.184,3.5244,4.3588,3.7918,7.8158,4.3348,2.6099,2.635,2.2482,4.7694,4.3689,3.1592,3.0593,3.6302,4.0725,4.3708,7.4552,3.6943,2.4257,2.5918,2.3511,4.0189,4.4246,3.0887
-,-,-,Non-durable goods (education),0.0908,0.0757,0.328,0.2762,0.1384,0.0722,0.0732,0.0445,0.0742,0.0692,0.0764,0.0605,0.0631,0.0739,0.293,0.2603,0.1611,0.0696,0.0624,0.0453,0.0634,0.0769,0.0526,0.0506,0.1035,0.0665,0.3036,0.2651,0.1024,0.0591,0.0729,0.0432,0.0731,0.1,0.056,0.0538,0.0649,0.0865,0.3126,0.2834,0.0804,0.0473,0.0708,0.0466,0.0567,0.0444,0.0432,0.0419,0.0505,0.06,0.3254,0.2758,0.1097,0.0594,0.0552,0.0382,0.0576,0.0563,0.0393,0.0431,0.0493,0.0731,0.3025,0.2998,0.0903,0.0637,0.0455,0.0427,0.1138,0.0656,0.0462,0.0448,0.053,0.0542,0.2847,0.2394,0.0678,0.0623,0.066,0.05,0.082,0.0679,0.0555,0.0566,0.0465,0.0506,0.2459,0.2328,0.0812,0.0442,0.06,0.0348,0.0551,0.07,0.0453,0.0498,0.0468,0.1294,0.2732,0.2858,0.0555,0.045,0.0463,0.034,0.0501,0.0607,0.0358,0.0418,0.0501,0.0545,0.2733,0.2406,0.1583,0.0415,0.0645,0.0357,0.0743,0.0591,0.0386,0.0343,0.0483,0.0364,0.2744,0.2297,0.0652,0.034,0.0508,0.0256,0.0657,0.0731,0.0362,0.0361,0.047,0.0537,0.2446,0.2543,0.0887,0.038,0.05,0.0344,0.067,0.0991,0.0417,0.0463,0.0442,0.047,0.261,0.2212,0.0698,0.0419,0.0494,0.0259,0.06,0.0426,0.0245,0.0356,0.0398,0.047,0.2777,0.2086,0.0577,0.0341,0.0322,0.0253,0.0417,0.0513,0.0297,0.0311,0.0279,0.054,0.207,0.1834,0.0693,0.0282,0.0417,0.0276,0.0596,0.0485,0.041,0.028,0.0269,0.0486,0.2903,0.2163,0.0405,0.0279,0.0346,0.0319,0.0587,0.0414,0.0443,0.0311,0.0331,0.0319,0.2921,0.2321,0.0369,0.0306,0.0406,0.0253,0.0431,0.045,0.027,0.0336,0.0358,0.0288,0.2611,0.1514,0.0442,0.0435,0.0372,0.0289,0.0506,0.0368,0.0288,0.036,0.0235,0.0388,0.2251,0.1922,0.0387,0.0198,0.0293,0.0294,0.0564,0.0375,0.0253,0.0289,0.0331,0.0568,0.3146,0.1826,0.0638,0.0282,0.0319,0.0233,0.0522,0.0461,0.0362,0.024,0.023,0.0467,0.2755,0.1706,0.1186,0.0723,0.0431,0.0308,0.0585,0.042,0.0305,0.0286,0.0474,0.0582,0.2437,0.2149,0.0551,0.038,0.0448,0.0476,0.0498,0.0376,0.0249,0.0404,0.0327,0.0562,0.2897,0.1809,0.0647,0.0314,0.0343,0.0279,0.0623,0.0359,0.0238,0.0314,0.0335,0.0452,0.2874,0.1415,0.0381,0.0254,0.0373,0.0249,0.0399,0.0358,0.0303,0.0358,0.0383,0.064,0.2375,0.1443,0.0561,0.0566,0.0492,0.0239,0.0465,0.0271,0.0223,0.0298,0.0334,0.032,0.204,0.1443,0.0452,0.019,0.0343,0.0242,0.032,0.0345,0.0385
-,-,-,Service (education),3.9568,4.906,4.9529,6.897,3.5921,3.0778,3.3772,2.703,5.4045,5.3151,3.9126,3.2356,4.0976,5.207,5.1546,5.9826,3.7667,2.9456,3.3263,2.3827,4.8233,5.3364,3.4059,2.5693,3.6682,4.541,4.1655,7.1549,3.8967,3.0277,3.2236,2.7223,4.6455,5.3661,3.7963,2.922,3.9366,4.5012,4.3194,7.5684,3.8075,3.0657,3.2042,2.5377,5.7122,5.7867,3.4221,2.8013,4.0186,4.257,4.6009,7.5914,3.5861,3.1714,3.4066,3.0512,5.5119,5.3771,3.5771,2.9449,4.1503,4.3248,4.4524,6.3025,3.5803,2.9528,3.1958,2.8527,5.2484,4.5878,3.6156,3.2427,3.9125,4.7269,4.6118,6.8095,3.881,3.0873,3.3011,2.78,5.7498,5.2516,3.4664,2.8188,3.54,4.4973,4.5095,7.8706,3.9627,3.0832,3.1763,2.7176,5.0254,5.5909,3.613,2.7262,3.8783,4.3263,4.0769,7.5547,4.3519,3.2481,3.2386,2.486,5.1685,5.7581,3.3035,2.9456,4.1175,4.6406,4.4203,8.3828,4.0024,2.9682,3.1739,2.7869,5.0976,5.6114,3.6395,3.0714,3.8086,4.4539,4.7973,7.3698,3.339,2.6681,2.8615,2.5487,4.4871,5.4027,3.1952,2.551,3.6661,3.7996,4.1716,6.6834,3.859,2.7599,3.0866,2.5052,5.7857,5.0062,3.9835,2.9901,3.4773,4.1119,4.4342,7.649,3.8456,2.7745,3.2133,2.3504,4.4769,5.2189,3.4087,2.6824,3.7486,4.326,3.9116,6.6587,3.8549,2.5993,2.9259,2.481,5.9296,4.9781,2.8754,2.4881,3.2235,3.7819,3.1635,7.2479,3.6517,2.6606,3.1199,2.3993,4.2834,4.999,3.1259,2.6023,3.4991,3.4849,3.5752,6.4104,3.7244,3.0028,3.0435,2.6683,5.1066,4.4936,3.2653,2.712,3.3733,4.1435,3.8878,8.0484,3.4393,2.6655,3.0698,2.6486,5.1138,4.4357,2.9928,3.1505,3.6183,4.5483,3.6309,6.9905,3.3382,2.7913,2.7432,2.287,5.0189,5.2038,3.1295,2.8433,3.1505,3.7573,4.0391,7.1876,4.1769,3.1408,3.1007,2.7585,4.9072,5.8486,3.3739,3.0531,3.6393,3.5018,4.1597,7.1307,4.2931,2.8575,3.1949,2.531,4.9084,4.7463,2.5975,2.4398,3.0132,3.0416,3.328,7.0248,3.5668,2.4487,3.0345,2.5474,4.5645,5.076,3.2244,2.8314,3.2279,4.528,4.1875,7.2388,4.0543,2.9798,2.7489,2.7363,5.6934,6.0568,3.1903,3.3338,2.9315,3.8307,3.8674,7.7268,3.5667,2.6921,3.0335,2.7299,4.9004,4.6694,2.7488,3.3882,2.5414,3.0821,3.1436,6.3317,4.0228,2.4805,2.4867,2.3625,4.4687,5.1644,2.4616,3.1479,3.4861,4.2949,3.5543,7.6716,4.2786,2.5533,2.5858,2.2243,4.7232,4.3418,3.1369,3.0292,3.5968,4.0405,4.1668,7.3113,3.649,2.4068,2.5575,2.3269,3.9866,4.3901,3.0502
-,-,-,Educational entertainment (goods/services),10.2322,10.2307,10.7383,10.1844,10.9617,10.6209,10.8699,12.5138,9.9316,10.3004,9.9918,10.4159,9.9961,9.9126,10.4366,10.956,10.9384,11.1007,10.9346,12.3178,10.2517,9.5399,10.3561,10.7276,10.2434,10.289,10.1084,10.5787,11.1584,10.0305,10.8889,11.8445,10.1241,10.504,10.4235,10.5407,9.8512,10.2133,9.9905,9.9427,10.5975,10.1555,10.8787,11.7221,9.8061,10.4222,10.361,10.6464,9.795,10.4687,10.045,10.6713,11.485,10.6102,10.7922,12.5281,10.3258,10.2559,10.3493,10.9564,9.7374,10.3422,10.4665,10.2849,10.8367,10.8858,11.116,12.0112,10.7369,10.7384,10.4622,10.4941,9.6043,10.6103,10.4184,10.6609,11.4935,10.4439,10.4513,11.3675,10.5808,10.9409,10.8011,10.9872,10.0573,10.7482,10.4174,10.6312,11.7041,10.9232,11.0211,12.2695,10.6705,10.4753,10.7405,11.3016,9.8042,10.6661,10.7731,11.1527,11.4963,11.3899,11.266,12.0857,11.4301,10.6746,11.0731,11.4284,10.4656,10.7888,10.749,11.0244,11.4969,10.9148,11.4786,12.662,11.5727,10.5695,11.5372,11.4586,10.4286,11.1084,11.3069,10.7265,11.9937,11.6147,11.1973,12.5044,11.0696,11.6518,12.9048,11.4004,9.8755,10.9416,9.9623,10.4687,10.864,11.2593,11.7681,11.7323,10.6837,10.5012,10.2557,10.6855,9.6269,10.1402,10.385,10.3226,11.2101,10.3703,10.416,11.4849,10.2818,10.2826,10.2604,10.5849,9.6129,10.194,9.9729,10.4921,10.9588,11.0197,10.789,11.6766,10.1221,10.0325,10.3478,10.3213,9.9939,9.3395,10.4755,10.9277,11.4793,10.6235,10.4455,11.4981,10.4318,9.974,10.5712,10.154,9.2894,9.4736,10.1011,10.0509,10.8758,10.5579,11.035,11.6065,10.4918,10.2128,10.4908,10.36,9.2749,9.6755,10.4168,10.2053,10.9659,10.937,11.0168,11.8366,10.684,10.4553,10.3353,9.8955,9.5965,9.6756,10.6158,10.3542,10.7106,10.6446,10.5839,11.8158,10.2726,9.6828,10.1636,10.3083,9.6123,9.5703,10.2666,10.0367,10.5813,9.8853,10.1536,11.0308,10.0928,9.6603,9.9943,10.4698,9.9131,9.7986,10.028,10.5793,10.7577,10.7645,10.3244,11.3908,10.2825,9.8466,10.7273,10.9854,9.8108,9.4198,8.554,7.884,8.0649,8.6628,8.945,9.1308,8.9779,9.3366,9.3568,9.5344,8.3709,8.3854,9.0897,8.8738,9.0204,9.1388,9.2387,9.4341,8.624,9.2608,9.4488,9.5749,8.2074,8.7849,9.1587,9.3921,9.7867,9.8517,9.7104,10.6306,9.373,9.5498,9.8284,9.6137,9.4346,9.3643,10.1596,10.1747,10.5403,9.9904,10.0207,11.3815,9.582,10.0111,10.5663,10.2085,9.56,9.6313,10.0752,9.4919,10.028,10.2429,10.6946,10.9467,9.8179,9.9915,10.4159,9.9891,9.1241,9.7256,10.152,10.1174,10.537,9.9178,10.0146,11.9098,10.1206,10.1596,10.2373
-,-,-,Durable goods (educational entertainment),1.3445,1.0411,1.2629,0.862,0.8157,0.9743,1.1939,0.8971,0.9614,0.9108,1.0264,1.3806,1.1515,1.1134,1.3371,1.0166,0.7338,1.3071,1.0848,0.9726,1.0061,0.7469,0.8368,1.4994,1.1382,1.1906,1.1584,0.9212,0.7895,0.8773,0.7922,0.8133,1.0954,0.9154,1.1569,1.0558,1.0344,0.9186,0.9439,0.922,0.7508,0.9241,1.0471,0.8462,0.805,0.8454,0.8242,1.1795,0.9974,0.9052,1.0267,0.9712,1.0328,0.8078,1.0522,0.9021,0.8991,0.6715,0.8937,1.2368,1.2173,0.8564,1.1775,1.0804,0.7184,0.926,1.1389,1.0017,0.9467,1.0908,1.0116,1.4225,1.2043,1.2393,1.3828,0.9736,1.0657,0.829,0.9301,0.8186,0.9297,0.9125,1.044,1.3348,1.1242,0.9004,1.2661,0.8511,1.0054,1.0884,1.3802,1.1803,1.0535,0.8873,0.9914,1.6152,1.15,1.1036,1.1777,1.0991,1.0249,1.0998,1.1546,1.1355,1.1346,0.9002,1.1501,1.4262,1.3251,1.1434,1.5485,0.9924,1.1386,1.076,1.434,1.3946,1.3172,0.9232,1.7272,1.8719,1.5001,1.3417,2.0385,1.1533,1.3551,1.221,1.3128,1.3819,1.4003,1.8857,3.2694,1.5052,1.2476,1.1902,1.5149,1.0251,0.9415,1.2426,1.4758,0.7369,0.9359,0.7202,0.7603,0.944,0.8576,0.6097,0.9446,0.7233,0.5057,0.5126,0.5429,0.6136,0.5782,0.451,0.6191,0.7217,0.722,0.5666,0.7271,0.639,0.4349,0.5308,0.4551,0.4384,0.5857,0.5601,0.5995,0.8235,0.6982,0.7584,1.3389,0.7986,0.6267,0.5891,0.4884,0.4831,0.5014,0.5257,0.7821,0.5563,0.601,0.5602,0.7324,0.6124,0.5251,0.5178,0.5733,0.4719,0.4345,0.4076,0.5639,0.6514,0.5872,0.4307,0.675,0.6217,0.6249,0.6139,0.6631,0.4115,0.6091,0.4274,0.6129,0.6289,0.6897,0.7102,0.9663,0.491,0.6091,0.5019,0.6275,0.4795,0.4736,0.4617,0.4161,0.5649,0.5333,0.4894,0.7499,0.6202,0.5005,0.4095,0.5311,0.5077,0.6093,0.6009,0.5309,0.7586,0.55,0.5099,0.8507,0.6173,0.5779,0.6252,0.5423,0.5389,0.8968,0.5796,0.8032,0.9525,0.9994,0.6389,0.9144,0.8771,0.7861,0.9624,1.0296,0.673,0.7104,0.7037,0.7043,1.0228,0.8915,0.751,1.2189,0.8726,0.8745,0.8398,0.9675,0.7433,0.764,0.6504,0.6866,0.5968,0.7057,0.6635,1.186,0.6844,0.5979,0.6541,0.6186,0.4856,0.6655,0.5621,0.84,0.6818,0.8033,0.5308,1.0155,0.7605,0.5827,0.5335,0.5072,0.644,0.723,0.6027,0.6023,0.7107,0.8433,0.6553,0.968,0.5748,0.4839,0.4578,0.85,0.4878,0.7629,0.5693,0.8294,0.7631,0.7014,0.7249,1.2163,0.7777,0.6188,0.787,0.6765,0.6376,0.6738,0.7762,0.661
-,-,-,Semi-durable goods (educational entertainment),1.4934,1.3545,1.5059,1.4248,1.1881,1.15,1.1532,1.0258,1.129,1.229,1.2216,1.672,1.5114,1.2292,1.4139,1.4392,1.12,1.248,1.2538,1.01,1.1131,1.0626,1.2912,1.6644,1.437,1.2644,1.3881,1.4768,1.2084,1.1571,1.1394,1.0533,1.0033,1.1781,1.2389,1.7415,1.334,1.2952,1.3221,1.2949,1.1314,1.0893,1.142,0.9994,0.9882,1.1326,1.2159,1.6637,1.3396,1.2923,1.2475,1.3219,1.0775,1.1551,1.105,1.0921,1.0707,1.0741,1.1998,1.7483,1.4165,1.1663,1.1884,1.1839,1.0876,1.0824,1.2145,1.0255,1.1543,1.0558,1.2563,1.6772,1.3139,1.1176,1.2312,1.3056,1.2081,1.0911,1.1405,0.9911,1.1025,1.1005,1.3296,1.8251,1.4409,1.322,1.2948,1.2791,1.153,1.1711,1.1943,1.0303,1.0389,0.9943,1.1883,1.6621,1.2894,1.2595,1.273,1.3714,1.1012,1.1736,1.1908,1.0953,1.1232,1.0449,1.2839,1.7521,1.4391,1.1445,1.2151,1.2822,1.3414,1.129,1.1551,1.1297,1.0613,1.048,1.167,1.6553,1.4761,1.236,1.1657,1.197,1.1528,1.0149,1.1722,1.0315,1.0528,1.0357,1.1509,1.6532,1.2621,1.0936,1.1603,1.1458,1.1001,1.0952,1.1277,0.9791,0.9551,1.0448,1.1656,1.6834,1.2641,1.0091,1.2799,1.2035,1.1028,1.0285,0.9877,0.9314,1.0075,0.9696,1.0995,1.6882,1.2761,1.1652,1.1911,1.1489,1.1064,1.0601,1.1059,1.0272,0.9192,0.9739,1.2538,1.539,1.2812,1.1515,1.2708,0.9989,1.1709,1.0176,1.0514,0.9868,0.94,0.9637,1.1071,1.5345,1.2503,1.0195,1.2513,1.455,1.3815,1.1986,1.2475,1.1052,1.0995,1.193,1.2069,1.6053,1.2222,1.1276,1.248,1.3031,1.3508,1.2476,1.2216,1.1005,1.0666,1.0601,1.1416,1.5194,1.2176,1.0693,1.2439,1.3439,1.2708,1.1953,1.0949,1.0838,1.0272,1.062,1.2042,1.6197,1.2137,0.9484,1.3863,1.2869,1.3523,1.1631,1.1684,1.0373,1.0207,1.1013,1.1988,1.6248,1.3143,1.1333,1.2853,1.3844,1.2463,1.2493,1.1311,1.0215,1.1809,1.0559,1.3377,1.5511,1.24,1.1283,1.3083,1.1156,1.4352,1.3822,1.2889,1.2379,1.1417,1.1538,1.3167,1.6996,1.2392,1.2692,1.3986,1.4775,1.2809,1.3216,1.2155,1.1964,1.0984,1.1922,1.2468,1.5835,1.1734,1.0958,1.2595,1.2706,1.2625,1.1972,1.1685,1.0539,1.1356,1.2191,1.2852,1.5031,1.2422,1.0797,1.2435,1.2353,1.3493,1.251,1.1642,1.066,0.9937,1.1474,1.4074,1.4773,1.1245,1.098,1.2529,1.1232,1.1583,1.1485,1.1962,0.9768,1.0838,1.0189,1.2324,1.4066,1.0464,0.9869,1.1594,1.2879,1.2348,1.1624,1.0893,1.1256,1.0847,1.2262,1.2818
-,-,-,Non-durable goods (educational and recreational),2.202,2.3711,2.4915,2.5409,2.9271,2.5026,2.3527,2.5917,2.5029,2.5046,2.5614,2.7636,2.1401,2.3327,2.3918,2.7048,3.0741,2.6404,2.336,2.6895,2.6795,2.4423,2.5952,2.8069,2.3121,2.4762,2.6025,2.7327,3.1243,2.7351,2.4026,2.7508,2.5963,2.5434,2.6092,2.8775,2.281,2.4703,2.5413,2.6473,3.0905,2.6414,2.5036,2.7279,2.6267,2.6108,2.6919,2.848,2.2654,2.4365,2.5533,2.5928,2.9694,2.588,2.368,2.6516,2.5928,2.4515,2.5875,2.8292,2.1155,2.2353,2.3865,2.4572,2.7858,2.4859,2.3426,2.4825,2.4599,2.3525,2.47,2.5795,2.0362,2.282,2.367,2.3815,2.7698,2.4578,2.3679,2.5167,2.5773,2.3967,2.485,2.7091,2.1122,2.2749,2.3625,2.4298,2.7057,2.369,2.3972,2.4038,2.452,2.2937,2.5068,2.6417,2.025,2.2587,2.4392,2.4004,2.7585,2.4199,2.2858,2.5536,2.4478,2.391,2.4213,2.6628,2.113,2.259,2.4092,2.586,2.8627,2.4741,2.3085,2.5882,2.5217,2.4014,2.4124,2.6349,2.0804,2.2197,2.346,2.4277,2.7968,2.3747,2.3682,2.4492,2.3703,2.3268,2.3307,2.6498,2.0585,2.2439,2.3669,2.4713,2.7629,2.4127,2.2311,2.4737,2.4536,2.2934,2.394,2.642,2.1118,2.1467,2.2518,2.3358,2.721,2.3757,2.2228,2.413,2.4563,2.2228,2.352,2.5951,2.0181,2.1563,2.2836,2.3346,2.6165,2.3621,2.2387,2.4262,2.3873,2.1904,2.3349,2.483,1.9807,2.0251,2.1775,2.2635,2.8208,2.3524,2.2473,2.4922,2.4122,2.2327,2.3577,2.5183,1.9169,2.0585,1.9844,2.0248,2.2449,2.0167,2.018,2.2418,2.2559,2.0457,2.1704,2.5608,1.9222,2.061,2.0991,2.0501,2.294,2.1289,2.0215,2.2458,2.1129,2.0549,2.0912,2.4105,1.9603,1.9333,2.0249,2.0177,2.2448,2.0104,1.9176,2.231,2.144,1.9454,2.0746,2.388,1.8629,1.8892,2.0433,1.9576,2.156,1.9265,1.8713,2.1017,2.1174,1.9225,1.9983,2.2781,1.7706,1.8792,1.9633,1.8576,2.0608,1.9308,1.962,2.0919,2.0249,1.9981,2.0268,2.4497,1.7899,1.8724,2.0653,2.1234,2.499,1.9653,2.0963,2.2134,2.1989,1.9855,2.0264,2.3749,1.9824,2.0099,2.0261,1.9074,2.1625,1.9721,2.0474,2.2184,2.1153,1.9341,2.0131,2.2052,1.8016,1.8718,2.0253,1.9395,2.1155,1.9792,2.0269,2.0778,2.0043,1.8849,1.9595,2.2468,1.7454,1.8765,1.9261,1.9061,2.2123,1.8864,1.9163,2.0821,2.0232,1.8889,2.0323,2.2466,1.7805,1.8141,1.8766,1.834,2.0236,1.9285,1.8018,2.0525,1.8985,1.751,2.0056,2.1237,1.7046,1.8165,1.8159,1.7577,1.865,1.7744,1.79,2.0193,1.8518,1.8728,1.9969
-,-,-,Service (educational entertainment),5.1918,5.4641,5.478,5.3568,6.0305,5.9937,6.1704,7.9992,5.3384,5.6557,5.1817,4.5996,5.1927,5.2374,5.294,5.7954,6.0104,5.9055,6.26,7.6456,5.453,5.2877,5.6332,4.7569,5.3561,5.3575,4.9594,5.448,6.0359,5.2614,6.5547,7.2272,5.4292,5.8674,5.4181,4.866,5.202,5.5292,5.1832,5.0785,5.6245,5.5008,6.1859,7.1486,5.3858,5.8338,5.6291,4.9554,5.1923,5.8347,5.2175,5.7854,6.4058,6.0594,6.267,7.8825,5.7632,6.0584,5.6681,5.1417,4.9883,6.0839,5.7141,5.5634,6.2444,6.3912,6.4201,7.5016,6.1764,6.2393,5.7242,4.815,5.0499,5.9714,5.4377,5.9999,6.4499,6.0661,6.0131,7.0414,5.9708,6.5315,5.9425,5.1182,5.3799,6.2508,5.494,6.0712,6.84,6.295,6.0494,7.6552,6.1262,6.3,6.054,5.3826,5.3401,6.0444,5.8829,6.282,6.6113,6.6966,6.6348,7.3013,6.7249,6.3388,6.2175,5.587,5.5885,6.2414,5.5765,6.1637,6.1545,6.2358,6.581,7.5499,6.6724,6.1972,6.2309,5.2964,5.3721,6.3106,5.757,5.9484,6.689,7.0045,6.3437,7.6421,6.2462,6.4039,6.1539,5.5923,5.3072,6.4139,4.9202,5.8265,6.0596,6.5089,6.9331,7.543,6.339,6.4428,5.9354,5.4164,5.3934,6.3751,5.9087,6.06,6.8806,6.4534,6.663,7.527,6.2399,6.6392,6.1902,5.5799,5.5964,6.3059,5.771,6.3696,6.8015,7.066,6.9896,7.7851,6.23,6.3081,6.1593,5.4758,6.0339,5.4045,5.6881,6.8667,6.8604,6.6641,6.658,7.5357,6.5782,6.2524,6.3242,5.5445,5.5215,5.8351,6.133,5.9591,6.7248,6.8252,7.1961,7.7876,6.7019,6.5669,6.55,5.5424,5.5436,6.0562,6.395,6.2304,6.6963,6.9462,7.1105,8.0789,6.8958,6.913,6.4896,5.3365,5.7289,5.9629,6.3808,6.5016,6.586,6.9371,6.9435,8.0215,6.6279,6.2134,6.4695,5.7357,6.0027,6.2433,6.087,6.1717,6.5725,6.3858,6.5829,7.3841,6.3453,6.0356,6.2667,5.808,6.2785,6.2762,5.9287,6.7199,6.8727,6.9589,6.689,7.7384,6.1798,6.213,6.56,6.0321,5.7812,5.7803,4.2661,3.7679,3.3442,4.353,4.5302,5.0065,4.9273,5.4937,5.3097,4.437,4.2579,4.3553,4.4461,4.6163,4.7025,5.0053,5.008,5.2761,4.6463,5.4845,5.502,5.1894,4.5267,5.1542,4.6879,5.4977,5.8112,6.0209,5.896,7.0134,5.568,5.8838,5.7434,5.182,5.6437,5.8774,5.9746,6.2727,6.3964,6.3195,6.4326,7.5897,5.8416,6.3721,6.5244,5.7739,5.8114,6.0643,5.9775,5.9601,6.3618,6.708,6.847,7.4296,6.073,6.6523,6.3485,5.6954,5.6716,6.1974,5.9605,6.2941,6.8181,6.1939,6.4587,8.1273,6.5103,6.2844,6.2977
-,-,-,Miscellaneous expenses (goods/services),6.1872,6.468,6.7648,6.0845,6.303,6.6498,5.8751,6.3308,6.3335,6.4552,6.2542,5.7936,6.4193,5.8295,6.4761,6.2648,7.0129,6.3264,6.5483,6.2405,6.4091,6.7151,6.8498,5.462,6.5058,6.8873,6.7722,6.1534,6.7925,6.96,7.5094,6.7764,8.0813,7.1271,6.9129,6.1617,6.2049,6.5236,7.1553,6.2481,7.2385,7.0004,6.4045,6.9369,7.0431,6.3412,7.8429,6.8015,7.0796,6.6497,7.4364,6.1887,6.8852,7.33,6.8717,7.0096,6.9297,7.4628,7.2219,6.6896,7.1601,7.7175,7.3071,7.2444,7.2557,7.2073,7.6037,7.903,7.2498,8.1277,7.5694,6.5566,7.2022,7.3258,6.8202,6.938,7.2581,7.7372,7.77,7.6299,7.2201,7.3062,7.0929,6.729,7.1265,8.3717,7.9238,7.6578,8.2464,8.2844,8.1229,8.0109,7.5204,7.3728,7.7278,6.9699,7.878,7.6468,8.2319,7.209,7.4168,8.0085,8.3341,7.7505,7.7059,7.7779,7.4764,6.9147,7.8905,8.0186,8.127,7.2929,7.5883,8.1955,8.1974,7.7269,7.837,7.7592,8.4849,7.5164,7.4257,7.6584,8.2387,7.3451,7.7406,8.3608,8.204,8.147,8.6964,7.4438,8.0289,7.784,7.743,7.7747,8.111,7.9464,8.2069,8.4704,8.0501,8.0849,8.1586,7.6721,8.1301,7.7926,7.7344,8.1757,7.9084,7.5576,8.4339,8.1379,8.285,8.758,8.0853,7.7699,8.1856,7.7387,7.8959,7.9631,8.1944,8.2462,8.5867,8.5714,8.552,8.3855,8.7452,8.056,8.0863,7.7752,7.8884,8.4149,8.8113,7.4151,7.9636,8.49,9.017,8.7614,8.7027,8.6545,7.8153,7.8234,8.1691,7.734,8.4262,7.8082,8.2606,8.2813,8.3848,8.4034,8.0497,8.3863,7.9995,7.6502,8.1164,7.8503,8.0408,7.6551,8.2167,9.2158,8.5249,8.3959,8.7789,8.3313,8.5262,8.0125,8.2815,8.5135,7.6555,7.9259,8.446,8.9851,9.229,8.709,8.7038,8.1521,8.225,8.1845,8.1318,8.0519,7.6921,7.7293,7.7652,8.2921,8.5413,8.9329,8.7303,7.9874,8.5717,8.3187,8.2323,8.2162,7.9234,7.3628,8.323,8.6333,8.6371,8.5348,8.4093,8.1721,8.3708,8.0179,8.7264,8.233,8.6242,7.6433,8.151,9.1571,9.0304,8.9546,8.2305,8.5204,8.726,8.7493,8.9427,7.9992,8.8948,8.4257,9.4701,8.6839,9.3276,8.9466,8.9131,7.8888,8.4843,8.3318,8.7359,8.7945,8.5175,7.8802,8.8798,8.9427,9.3602,9.295,8.6662,8.8968,8.8321,9.085,8.6217,8.3394,7.9915,8.0099,8.6289,8.9684,8.8998,8.6076,9.06,7.9788,8.8195,8.2785,8.5143,8.2878,8.2792,8.3134,8.7077,8.8469,8.7399,8.6811,8.7595,9.0289,8.143,8.8426,8.1546,8.83,8.1805,7.6852,8.0358,8.5225,8.7126,8.8242,9.6255,8.5808,8.0524
-,-,-,Durable goods (miscellaneous expenses),0.2574,0.2515,0.3,0.173,0.1465,0.215,0.2028,0.419,0.2027,0.1931,0.1501,0.247,0.3095,0.3037,0.3613,0.2976,0.2604,0.1325,0.2193,0.2179,0.2521,0.2006,0.1909,0.1606,0.1828,0.1002,0.2845,0.2186,0.2743,0.2229,0.5958,0.3437,0.3988,0.4364,0.2885,0.1553,0.2032,0.1038,0.2942,0.1469,0.3625,0.278,0.2605,0.5518,0.5165,0.3093,0.3396,0.174,0.1653,0.126,0.2332,0.0857,0.2047,0.4678,0.2022,0.3116,0.2534,0.127,0.1296,0.1771,0.1923,0.5778,0.1954,0.3341,0.1352,0.1373,0.6727,0.4874,0.2197,0.2589,0.2264,0.2153,0.1439,0.1336,0.179,0.2551,0.1674,0.2165,0.2884,0.2855,0.2317,0.1547,0.204,0.1892,0.1582,0.3223,0.1607,0.229,0.1657,0.2741,0.3775,0.3236,0.172,0.2135,0.3709,0.1265,0.2714,0.2915,0.224,0.1223,0.1076,0.2249,0.3325,0.2706,0.2,0.3842,0.2026,0.151,0.2196,0.1842,0.2598,0.11,0.1285,0.1612,0.3364,0.2196,0.1963,0.1067,0.3702,0.3602,0.1428,0.1597,0.135,0.1583,0.1136,0.2145,0.2776,0.3722,0.1623,0.1677,0.2561,0.4284,0.1604,0.2404,0.2264,0.1244,0.0985,0.1896,0.1743,0.323,0.4178,0.1709,0.2333,0.4398,0.1611,0.1169,0.3044,0.095,0.2074,0.1905,0.2654,0.2664,0.117,0.1302,0.2845,0.2777,0.1609,0.1164,0.2252,0.2569,0.3379,0.1644,0.4554,0.2867,0.259,0.4362,0.3262,0.5044,0.1192,0.2175,0.3054,0.1556,0.1264,0.158,0.5173,0.2623,0.3063,0.1587,0.1092,0.2028,0.2077,0.1325,0.5044,0.2526,0.4793,0.1556,0.4942,0.3019,0.1404,0.1172,0.1431,0.1841,0.126,0.1238,0.22,0.1544,0.1544,0.4796,0.1712,0.2779,0.2134,0.1192,0.2322,0.2415,0.1357,0.1193,0.1598,0.0953,0.1855,0.1905,0.4284,0.2483,0.3765,0.151,0.1824,0.2067,0.1191,0.2071,0.1169,0.1253,0.1347,0.21,0.2135,0.2605,0.2971,0.1429,0.1583,0.5552,0.1205,0.2846,0.1413,0.1318,0.2041,0.2593,0.5253,0.3081,0.2232,0.275,0.1987,0.1736,0.1804,0.1218,0.2012,0.0858,0.1004,0.3814,0.1742,0.224,0.1371,0.1185,0.1977,0.1927,0.2271,0.1893,0.1711,0.1016,0.1857,0.2324,0.5028,0.4155,0.1538,0.1362,0.2476,0.1753,0.295,0.1264,0.2281,0.1241,0.2193,0.1712,0.4798,0.3314,0.3028,0.2574,0.2172,0.2255,0.1343,0.1029,0.1308,0.1092,0.3739,0.1764,0.3234,0.3449,0.1555,0.1381,0.3064,0.1894,0.2349,0.1526,0.1892,0.0977,0.1392,0.2193,0.2073,0.2951,0.2407,0.1455,0.1756,0.1639,0.1807,0.1009,0.2432,0.1787,0.1322,0.2004,0.2378,0.2758,0.1497,0.1408,0.1212
-,-,-,Semi-durable goods (miscellaneous expenses),0.6666,0.8508,0.8397,0.6609,0.7522,0.7415,0.6674,0.7426,0.6028,0.5792,0.5755,0.6615,0.6792,0.7324,0.707,0.6016,0.6559,0.7813,0.737,0.6467,0.7335,0.7675,0.6693,0.5581,0.8129,0.683,0.767,0.6895,0.7734,0.7688,0.7551,0.6222,0.6814,0.7108,0.5645,0.6319,0.6236,0.7705,0.7678,0.5897,0.6867,0.7195,0.6256,0.6213,0.8916,0.5988,0.686,0.6447,0.7651,0.6188,0.7246,0.6619,0.7588,0.711,0.5875,0.6643,0.5524,0.7234,0.5733,0.5514,0.6904,0.6189,0.812,0.6683,0.6768,0.7662,0.7189,0.7743,0.608,0.7396,0.696,0.5824,0.7291,0.6054,0.7391,0.6223,0.6919,0.6296,0.7926,0.7464,0.6475,0.7577,0.4985,0.5898,0.7265,0.7281,0.855,0.6895,0.8301,0.8194,0.8055,0.6232,0.603,0.5862,0.652,0.5957,0.7607,0.8027,0.6699,0.5906,0.7722,0.6785,0.6331,0.5973,0.738,0.5163,0.6342,0.5724,0.7792,0.7957,0.6415,0.6359,0.7127,0.6154,0.6605,0.5578,0.6788,0.6814,0.6164,0.636,0.7101,0.5847,0.6997,0.5543,0.7449,0.6785,0.6573,0.6552,0.548,0.7104,0.5482,0.6529,0.7289,0.5464,0.5725,0.5602,0.6424,0.6226,0.6624,0.651,0.6766,0.6173,0.677,0.6029,0.6686,0.5951,0.6915,0.6892,0.6373,0.689,0.682,0.6258,0.6708,0.6952,0.6195,0.5828,0.6278,0.6184,0.7347,0.6012,0.6644,0.7071,0.8375,0.6893,0.7499,0.6481,0.655,0.7051,0.7773,0.701,0.8207,0.4908,0.5707,0.7178,0.7617,0.6859,0.7285,0.7326,0.72,0.633,0.718,0.6588,0.7101,0.5847,0.6351,0.5833,0.7131,0.7079,0.7331,0.6169,0.6364,0.5159,0.7189,0.5827,0.6544,0.6485,0.5997,0.6785,0.8725,0.6669,0.575,0.6653,0.5667,0.5689,0.665,0.6288,0.7364,0.6823,0.679,0.6451,0.6898,0.6963,0.7474,0.5706,0.5278,0.6655,0.6679,0.593,0.6337,0.5359,0.6143,0.652,0.6885,0.7337,0.5452,0.6037,0.5501,0.5676,0.6914,0.6076,0.7411,0.5821,0.6643,0.7151,0.6447,0.6628,0.661,0.5474,0.6493,0.6326,0.8852,0.6179,0.5181,0.3243,0.3282,0.783,0.7606,0.7657,0.5833,0.6296,0.5992,0.5213,0.49,0.4864,0.6695,0.577,0.475,0.5321,0.6507,0.4793,0.5959,0.4465,0.5501,0.732,0.532,0.508,0.6112,0.5202,0.6896,0.5753,0.6551,0.6225,0.5733,0.5815,0.6148,0.5617,0.6551,0.4989,0.6408,0.5903,0.6549,0.671,0.6723,0.6334,0.6623,0.5606,0.7061,0.6318,0.6312,0.6678,0.7731,0.5819,0.9655,0.6309,0.839,0.632,0.7022,0.6517,0.5739,0.5677,0.5273,0.6313,0.65,0.6122,0.6543,0.6892,0.6847,0.837,0.7012,0.8003,0.5085
-,-,-,Non-durable goods (miscellaneous expenses),1.3071,1.4763,1.46,1.3505,1.5225,1.5979,1.529,1.431,1.4714,1.5133,1.4855,1.4573,1.3224,1.4311,1.3336,1.3639,1.4833,1.5287,1.5125,1.3727,1.5487,1.4752,1.516,1.5091,1.3233,1.5368,1.4505,1.4802,1.5793,1.6118,1.5417,1.5379,1.4786,1.5187,1.5685,1.4606,1.337,1.4685,1.4898,1.3895,1.5872,1.8434,1.4489,1.4166,1.5005,1.593,1.5247,1.5044,1.3798,1.5071,1.4328,1.3293,1.4865,1.583,1.5772,1.4662,1.5677,1.5256,1.5232,1.4906,1.4119,1.4522,1.3876,1.4098,1.6401,1.6993,1.6888,1.5377,1.6422,1.5892,1.7193,1.6173,1.4178,1.4435,1.3978,1.4361,1.5723,1.8289,1.434,1.5526,1.638,1.563,1.6315,1.5583,1.4693,1.5446,1.4775,1.4622,1.6073,1.6743,1.5952,1.59,1.5633,1.6075,1.6437,1.5879,1.3333,1.622,1.4992,1.4999,1.709,1.6446,1.7274,1.5813,1.6412,1.6405,1.6386,1.6289,1.4717,1.5456,1.5489,1.4944,1.6993,1.691,1.7034,1.6517,1.6513,1.6818,1.6615,1.681,1.4922,1.6388,1.531,1.5274,1.7341,1.6959,1.7383,1.6458,2.1982,1.5183,1.6421,1.692,1.4893,1.6975,1.6101,1.5388,1.7454,1.8585,1.884,1.7542,1.801,1.7808,1.7943,1.7173,1.5636,1.6423,1.6229,1.592,1.7228,1.795,1.7748,1.7159,1.8159,1.8105,1.7533,1.836,1.599,1.7404,1.6403,1.646,1.8341,1.874,1.87,1.7699,1.7133,1.7418,1.8019,1.6338,1.5134,1.6425,2.1445,1.2878,1.5928,1.7416,1.7796,1.7195,1.78,1.7472,1.7936,1.7195,1.5598,1.6225,1.6553,1.5771,1.7561,1.8135,1.8052,1.6692,1.7327,1.795,1.7748,1.8086,1.6404,1.7048,1.7548,1.5785,1.8309,1.8917,1.86,1.7862,1.7198,1.7357,1.7338,1.7492,1.6125,1.687,1.5815,1.5652,1.7477,1.7805,1.8378,1.799,1.7771,1.6891,1.6935,1.7364,1.5461,1.6558,1.5865,1.6323,1.797,1.8827,1.9048,1.7687,1.932,1.7352,1.8193,1.7763,1.6133,1.6982,1.7535,1.7351,1.8222,1.9745,1.9047,1.8206,2.3492,1.6037,1.8234,1.8844,1.7164,1.9096,1.8986,1.8946,2.0606,2.1443,2.0697,1.9435,2.0588,1.7548,1.8438,1.9803,1.8569,1.9691,1.8244,1.7788,1.9355,2.1046,2.115,2.0226,2.1466,1.7873,1.9554,1.8928,1.747,1.8058,1.748,1.7737,1.9233,2.0828,2.0311,1.9502,2.015,1.8691,1.9829,1.9825,1.7106,1.7865,1.7662,1.7976,1.9212,2.0995,2.0793,1.9488,1.991,1.9197,2.012,2.0072,1.8617,1.9123,1.8239,1.7156,1.9137,2.088,2.0878,1.9433,1.9805,1.8926,1.9924,1.8901,1.7521,1.8189,1.8745,1.7297,1.8906,2.0195,2.0308,1.9677,1.9425,1.9901,2.0036
-,-,-,Service (miscellaneous expenses),3.9561,3.8897,4.1653,3.9001,3.8822,4.0951,3.4759,3.7378,4.0569,4.1696,4.0428,3.4281,4.1083,3.3623,4.074,4.0015,4.6133,3.8839,4.0795,4.0033,3.8747,4.2718,4.4736,3.2344,4.1868,4.5673,4.2699,3.7651,4.1659,4.3569,4.6167,4.2726,5.5223,4.4611,4.4915,3.9139,4.0411,4.1804,4.6034,4.1216,4.6021,4.1595,4.0695,4.3469,4.1345,3.8401,5.2923,4.4785,4.7694,4.3978,5.0458,4.1119,4.4355,4.5682,4.5044,4.5675,4.5567,5.0864,4.9961,4.4705,4.8655,5.0682,4.9118,4.8319,4.8035,4.6042,4.5229,5.1036,4.7795,5.54,4.9277,4.1416,4.9118,5.1437,4.5042,4.6246,4.8269,5.0622,5.2551,5.0451,4.7029,4.8308,4.7589,4.3917,4.7721,5.7768,5.4302,5.2767,5.6433,5.5163,5.3444,5.4737,5.1821,4.9656,5.0612,4.6592,5.5128,4.931,5.8388,4.9962,4.8277,5.4605,5.6411,5.3013,5.1266,5.2366,5.001,4.5623,5.42,5.4931,5.6769,5.0526,5.0478,5.728,5.4967,5.2978,5.3102,5.2893,5.8373,4.8392,5.0809,5.2752,5.873,5.1051,5.1479,5.7719,5.5308,5.4735,5.7883,5.0478,5.5825,5.0106,5.3643,5.2904,5.702,5.7226,5.721,5.8001,5.3298,5.3566,5.2631,5.1036,5.4256,5.0326,5.3415,5.8214,5.2893,5.1814,5.8664,5.4631,5.5631,6.1503,5.4817,5.1341,5.5283,5.0422,5.5082,5.4879,5.5942,5.7418,5.75,5.8255,5.3891,5.64,6.0233,5.2299,5.3032,4.9316,5.4785,5.8539,5.5407,5.4809,5.6737,5.8723,5.9581,6.0938,5.8879,6.0164,5.1925,5.2683,5.684,5.3205,5.5564,5.3937,5.3901,5.729,5.3724,5.7244,5.4431,5.8576,5.4448,5.1418,5.6311,5.4394,5.4113,5.2737,5.6315,6.1656,5.6213,5.6652,6.2702,5.8107,5.993,5.453,5.8682,6.0784,5.1775,5.5831,5.8335,6.3694,6.2733,5.9653,5.8028,5.7415,5.8217,5.5762,5.7987,5.5957,5.355,5.4354,5.2192,5.547,5.7349,6.1696,5.9564,5.5056,6.044,5.4192,5.8071,5.6258,5.2879,4.9137,5.6321,5.6847,5.5627,5.743,5.1762,5.746,5.6994,5.3273,5.9445,5.5837,6.0062,5.3381,5.6615,5.848,6.0259,6.0215,5.4513,6.0175,6.0854,6.0548,6.3688,5.3543,6.2295,5.9683,6.8735,5.8148,6.0592,6.0291,6.0168,5.5189,5.7308,5.5314,6.1619,6.3539,5.9301,5.4622,6.0475,6.1134,6.1942,6.3909,5.7751,6.1888,6.0168,6.3152,6.1221,5.9516,5.4537,5.5125,5.679,6.0219,5.825,5.6808,6.2512,5.3604,5.795,5.4501,5.7868,5.5551,5.4933,5.918,5.6894,5.9088,5.6058,5.8107,5.8362,6.3387,5.401,6.2209,5.6949,6.2789,5.4131,5.1643,5.359,5.613,5.7597,5.7434,6.8321,5.6493,5.4191
-,-,-,Adjusted total number of households,237.8537,253.0047,219.3004,219.1049,237.8062,246.3994,224.5473,236.2644,247.1525,236.896,246.6326,187.1551,237.2106,249.3258,214.9825,229.3314,243.1482,255.1406,232.1402,240.9572,256.4733,237.9365,246.1796,201.39,237.1609,264.5899,219.078,225.9877,247.8169,250.157,229.4736,242.6965,245.643,238.1892,251.3568,203.8649,243.5284,268.735,226.1143,230.9394,253.2653,249.4492,240.7275,240.7585,252.9553,242.8702,251.457,204.8642,241.5936,255.5107,225.9315,223.4443,242.5328,256.8781,240.0736,241.16,254.5549,244.3867,251.7592,209.5492,239.5959,265.788,226.8197,227.8549,244.8349,254.9901,245.6613,239.661,251.4019,241.1486,254.8845,208.6294,244.7153,267.4862,229.7897,229.9138,246.233,256.1711,245.9573,246.1048,262.8257,243.604,253.9726,210.8092,242.4381,263.5064,229.2225,227.2217,244.9427,255.8836,246.1167,242.3237,254.8137,241.5639,253.9001,204.3908,231.9996,260.4252,229.7474,231.0076,248.7794,254.0261,239.9221,245.6319,253.9148,244.7932,250.0302,210.8319,243.1811,265.8707,227.443,230.519,247.0914,254.4015,247.1562,241.9851,254.1031,244.6685,247.1244,208.3637,241.1335,269.4624,220.0881,234.8161,251.0562,254.7086,246.7701,239.8795,255.6773,244.8912,248.1011,215.7658,244.0837,271.0291,242.2021,241.8032,256.3241,266.4445,253.0056,251.1776,262.1895,247.5702,258.2501,215.0256,249.0944,262.9695,231.582,232.8755,244.139,260.3502,247.8494,245.5918,263.2913,247.1872,256.6449,215.8769,243.2178,262.0308,221.8559,230.2843,248.355,260.1523,244.914,245.9799,249.0523,240.2703,249.5096,208.4699,234.373,261.0536,201.4127,230.0406,255.6967,253.9303,246.7689,244.9543,250.8655,238.8452,245.7154,207.1876,237.3397,258.6989,216.2552,228.4046,239.191,254.6361,243.5467,234.1302,248.4111,241.2527,249.1093,213.6768,241.8873,251.8022,225.5945,227.2823,240.4851,259.0104,243.3478,244.9678,253.2587,239.8091,249.5835,212.1794,241.8974,258.992,226.3498,227.6631,237.9215,250.5577,241.2383,240.3699,250.7872,238.3294,242.9577,208.9975,232.3714,253.097,223.0359,228.1597,238.7171,250.8117,237.1753,229.8522,247.5997,231.0197,238.1923,203.0671,225.4187,245.9455,215.5804,221.1868,221.0252,239.7429,229.9397,223.1835,219.549,235.8071,236.1853,204.453,228.361,241.224,223.9889,243.8512,259.0075,238.0823,243.8806,235.1777,240.8429,229.1061,233.0955,206.3351,242.4705,257.1168,209.1821,215.0819,230.179,248.4857,241.1953,241.9081,242.8452,228.0454,231.7985,202.4782,222.9315,248.6903,208.7707,210.4171,222.5582,230.9948,224.048,219.9835,226.6923,213.4826,222.0016,193.4456,210.0664,232.6453,202.1838,208.3415,220.3032,228.943,224.0228,215.077,222.4463,208.2693,218.9449,190.3948,216.5228,223.5261,195.9161,199.0808,214.5012,221.6471,213.7785,209.0098,215.9732,203.0835,209.9419,175.7096,202.4525,212.9245,182.2272,189.6023,195.1896,208.5969,201.333,195.857,202.7687,200.0554,195.3214
-,-,-,Educational and entertainment expenses,10.9838,11.0447,11.7537,11.1723,12.4852,11.7535,12.1946,14.0855,11.0259,11.4902,11.2447,11.2967,10.9122,10.4945,11.3898,12.0135,12.2119,12.3742,12.1435,13.781,11.4317,10.6356,11.4878,11.6703,11.1031,11.0451,11.3491,11.5533,12.3298,11.3124,12.1084,13.4229,11.3302,11.548,11.5628,11.2576,10.7771,11.1651,10.9627,10.7248,11.7623,11.2884,12.0505,13.2002,10.8568,11.5678,11.4056,11.6007,10.594,11.324,11.2586,11.781,12.6285,11.8014,12.2009,13.9388,11.5685,11.4113,11.4004,11.9386,10.6227,11.0904,11.6061,11.354,12.1643,12.2946,12.4588,13.2964,11.9134,11.8919,11.4882,11.3733,10.4247,11.2305,11.3333,11.6731,12.6649,11.4766,11.7012,12.8948,11.6291,12.0631,11.9183,11.7583,10.8901,11.3806,11.4596,11.576,12.7923,11.9571,12.2264,13.5298,11.6817,11.5181,11.8871,12.0898,10.481,11.2545,11.8324,12.2001,12.5764,12.3709,12.2705,13.3448,12.5444,11.7305,12.173,12.2397,11.1769,11.3789,11.621,11.8153,12.6743,12.0738,12.7018,13.9938,12.6715,11.5661,12.627,12.0283,11.1415,11.8451,12.1688,11.6558,12.9352,12.6281,12.3085,13.828,12.0439,12.6054,13.8245,12.0481,10.7583,11.6863,10.9058,11.1878,11.8779,12.3059,12.7215,13.1209,11.6722,11.3223,11.1883,11.3719,10.2414,10.8869,11.3178,11.3155,12.2618,11.4977,11.5018,12.7274,11.3601,11.2905,11.3711,11.2685,10.4346,10.6875,10.826,11.4629,12.0177,12.0953,12.0232,12.9564,11.0726,10.9352,11.4911,11.1188,10.6759,9.9805,11.1466,11.7703,12.6122,11.4043,11.5822,12.8773,11.4088,10.8858,11.5267,10.8728,9.9687,10.1313,10.985,10.9115,11.9951,11.7557,12.0419,12.8316,11.3296,11.2284,11.4071,11.093,9.9081,10.2886,11.247,11.0937,11.9421,11.9139,12.0992,13.1296,11.7109,11.3594,11.1923,10.6199,10.5913,10.217,11.6103,11.2639,11.703,11.6725,11.5599,13.1264,11.3173,10.4616,11.1086,10.9565,10.3389,10.1843,11.0869,10.8742,11.5553,10.8638,11.0623,12.3242,11.1699,10.6258,10.9045,11.2351,10.7611,10.5249,10.9544,11.6416,11.8418,11.7498,11.4177,12.7437,11.2535,10.8084,11.6417,11.7552,10.6441,10.0764,8.7142,7.9997,8.3153,8.8714,9.2305,9.2557,9.3666,9.7831,9.7098,9.6706,8.3362,8.5446,9.3486,9.024,9.2296,9.4193,9.7471,9.8021,8.86,9.7867,9.9737,10.0427,8.5173,8.712,9.5658,9.9156,10.421,10.5542,10.5684,11.3358,10.2249,10.2491,10.5715,10.3534,10.2169,9.8974,11.2026,11.0137,11.4854,10.7837,11.0437,12.5627,10.4291,10.7546,11.5819,10.8492,10.2803,10.4724,10.8891,10.3466,11.0826,11.0863,11.7189,11.8893,10.716,10.8636,11.3042,10.5537,9.887,10.2506,10.9972,10.9399,11.4033,11.0362,10.8769,13.029,11.0958,11.1926,11.1611
-,-,-,Durable goods (culture and entertainment related expenses),1.2635,1.0046,1.2668,0.9273,1.087,1.057,1.2638,0.9768,1.1077,0.9987,1.1654,1.4705,1.0951,1.0776,1.3507,1.0841,0.8297,1.4095,1.2057,1.0474,1.1223,0.8114,1.0775,1.613,1.1438,1.1489,1.221,0.9693,0.883,1.0752,0.8904,0.9063,1.1638,0.9968,1.2766,1.2369,1.0578,0.9194,0.9051,0.9341,0.8242,1.0187,1.1364,0.9286,0.8707,0.9691,0.8767,1.2811,0.9589,0.9255,1.0494,1.0301,1.1028,0.882,1.1301,0.9832,0.9802,0.7746,0.9433,1.3763,1.2272,0.7951,1.1853,1.1178,0.7955,1.1461,1.205,1.0678,1.0158,1.1974,1.0772,1.4598,1.1876,1.2379,1.409,1.0471,1.1324,0.8895,0.9807,0.9189,0.9986,0.9797,1.1182,1.3796,1.104,0.8759,1.2859,0.9005,1.0715,1.1558,1.4203,1.2323,1.1302,0.9684,1.0734,1.6754,1.0748,1.1087,1.1882,1.1516,1.0901,1.1701,1.2126,1.1794,1.2714,1.001,1.1743,1.4713,1.2901,1.1288,1.4977,1.0528,1.2951,1.2437,1.4877,1.428,1.3706,0.9771,1.8466,1.9225,1.5062,1.3693,2.0351,1.1883,1.3822,1.281,1.3787,1.402,1.4374,1.9065,3.3102,1.5498,1.2327,1.1891,1.4991,1.0405,1.0038,1.3164,1.5237,0.7939,0.9963,0.7272,0.798,0.9586,0.8311,0.5936,0.9693,0.7581,0.538,0.6082,0.5987,0.7226,0.6254,0.4957,0.6652,0.7463,0.6932,0.5819,0.736,0.6863,0.4958,0.6091,0.5267,0.4809,0.6014,0.6007,0.6246,0.8671,0.6891,0.7453,1.3166,0.8099,0.675,0.5737,0.5715,0.5281,0.5425,0.5399,0.806,0.5774,0.5838,0.5617,0.7353,0.6243,0.5443,0.5941,0.5933,0.4966,0.4604,0.4292,0.5507,0.8858,0.6723,0.4233,0.673,0.6335,0.6451,0.6246,0.7419,0.4505,0.6331,0.4699,0.635,0.7244,0.8548,0.6576,0.9361,0.5184,0.6352,0.5301,0.644,0.5337,0.4944,0.4914,0.4323,0.6056,0.5554,0.477,0.7586,0.6456,0.5329,0.4416,0.5558,0.5303,0.6318,0.613,0.5622,0.7787,0.5463,0.4867,0.8465,0.6568,0.6102,0.6573,0.5715,0.6088,0.8875,0.5957,0.8215,1.0209,1.0429,0.6241,0.913,0.8749,0.7809,0.9624,1.0277,0.6705,0.7322,0.7277,0.7707,1.0368,0.8411,0.7451,1.2247,0.8657,0.8923,0.8414,0.9824,0.7981,0.7734,0.6695,0.7122,0.6169,0.7179,0.6662,1.1694,0.775,0.5916,0.658,0.7017,0.5049,0.6722,0.5792,0.8544,0.747,0.8281,0.5404,1.2914,0.7645,0.6123,0.5451,0.525,0.6594,0.7206,0.6355,0.6357,0.732,0.845,0.665,0.9752,0.5972,0.5111,0.4682,0.8466,0.4992,0.7807,0.5824,0.826,0.7665,0.7279,0.7211,1.2248,0.786,0.6195,0.7992,0.687,0.6472,0.6985,0.7987,0.6724
-,-,-,Other educational and entertainment related expenses,9.7203,10.0401,10.4866,10.245,11.3982,10.6965,10.9311,13.1087,9.9178,10.4918,10.0793,9.8264,9.817,9.4168,10.0391,10.9294,11.3822,10.9647,10.9378,12.7337,10.3094,9.8242,10.4103,10.0572,9.9597,9.8963,10.1277,10.584,11.4468,10.2371,11.2176,12.5166,10.1664,10.5512,10.2862,10.0207,9.719,10.2458,10.0576,9.7907,10.938,10.2693,10.9144,12.2716,9.9861,10.5987,10.5289,10.3196,9.6351,10.3985,10.2092,10.7508,11.5254,10.9194,11.0708,12.9556,10.5883,10.6367,10.457,10.5623,9.3955,10.2953,10.4205,10.2365,11.3688,11.1482,11.2537,12.2289,10.8976,10.6945,10.411,9.9132,9.2371,9.9927,9.9244,10.6261,11.5325,10.5871,10.7208,11.9762,10.6305,11.0834,10.8,10.3784,9.7861,10.5044,10.1737,10.6755,11.7211,10.8013,10.8061,12.2975,10.5515,10.5497,10.8133,10.4144,9.4059,10.1459,10.6442,11.0481,11.4862,11.2012,11.0579,12.1654,11.273,10.7295,10.999,10.7684,9.8864,10.2498,10.1233,10.7626,11.3792,10.8304,11.2145,12.5658,11.3009,10.589,10.7804,10.1057,9.6352,10.4758,10.1337,10.4675,11.553,11.3471,10.9298,12.426,10.6069,10.6985,10.514,10.4986,9.5255,10.4972,9.4066,10.1474,10.8742,10.9896,11.1978,12.327,10.6759,10.5951,10.3899,10.4133,9.4104,10.2933,10.3485,10.5574,11.7234,10.8895,10.9028,12.0048,10.7347,10.7948,10.706,10.5225,9.7413,10.1056,10.09,10.7766,11.5219,11.4866,11.4964,12.4755,10.4713,10.3345,10.8665,10.2517,9.9869,9.2348,9.83,10.9604,11.9372,10.8306,11.011,12.3492,10.8663,10.3459,10.7203,10.2951,9.385,9.5696,10.2497,10.2872,11.4508,11.1613,11.4486,12.335,10.8691,10.7992,10.8567,10.2073,9.2358,9.8653,10.574,10.4603,11.2974,11.2896,11.3573,12.679,11.0778,10.8894,10.5572,9.8958,9.7368,9.5594,10.6742,10.7455,11.0681,11.1428,10.9159,12.5928,10.8228,9.9702,10.6763,10.3509,9.7838,9.7073,10.3283,10.2289,11.0225,10.4222,10.5068,11.7939,10.5381,10.0129,10.3423,10.4564,10.2148,10.0379,10.1079,10.9847,11.2316,11.0928,10.8462,12.1349,10.366,10.2127,10.8202,10.7343,9.6012,9.4519,7.8011,7.1252,7.5344,7.9091,8.2028,8.5852,8.6344,9.0555,8.9391,8.6338,7.4951,7.7991,8.124,8.1583,8.3373,8.5775,8.7647,9.004,8.0865,9.1175,9.2615,9.4261,7.7995,8.0458,8.3964,9.1406,9.8291,9.8962,9.8664,10.831,9.5527,9.6699,9.7168,9.6064,9.3888,9.357,9.9112,10.2492,10.873,10.239,10.5184,11.9037,9.7085,10.1188,10.9465,10.1172,9.4353,9.8071,9.9139,9.7494,10.5715,10.6181,10.8723,11.3901,9.9353,10.2812,10.4779,9.7872,9.1594,9.5291,9.7724,10.1539,10.7835,10.2373,10.1899,12.3821,10.3973,10.3939,10.4887
-,-,-,reading,1.3901,1.5778,1.4487,1.3577,1.4635,1.4504,1.3946,1.4333,1.4427,1.4884,1.5191,1.3326,1.3648,1.5087,1.4298,1.4298,1.4996,1.4864,1.3998,1.4596,1.485,1.4713,1.5048,1.4141,1.4573,1.6568,1.5146,1.5348,1.6245,1.5797,1.4831,1.5412,1.5276,1.546,1.5896,1.4799,1.4655,1.6348,1.5458,1.4378,1.591,1.5469,1.5157,1.4738,1.5488,1.5323,1.5993,1.4864,1.4432,1.5861,1.4887,1.4702,1.5452,1.5495,1.4801,1.5057,1.62,1.5266,1.599,1.514,1.4619,1.6152,1.515,1.4488,1.5417,1.5345,1.5463,1.4894,1.5381,1.5316,1.6237,1.4306,1.4354,1.5415,1.4667,1.406,1.5371,1.5216,1.4976,1.4694,1.6142,1.4951,1.5389,1.4327,1.4156,1.5328,1.4185,1.4116,1.4828,1.4748,1.4765,1.4245,1.5143,1.4465,1.5196,1.382,1.3646,1.5307,1.4423,1.3824,1.4681,1.4598,1.4388,1.4405,1.4757,1.4854,1.5079,1.417,1.3807,1.5069,1.4636,1.4024,1.4678,1.4929,1.468,1.4489,1.4713,1.4695,1.4743,1.4138,1.3702,1.4703,1.43,1.414,1.4684,1.4601,1.4313,1.384,1.4305,1.4243,1.4218,1.3789,1.397,1.4767,1.4018,1.3669,1.4586,1.4638,1.3926,1.395,1.4933,1.4198,1.5126,1.3533,1.3782,1.4418,1.3645,1.3085,1.3897,1.4214,1.3805,1.3467,1.4372,1.3675,1.4351,1.3877,1.3256,1.4028,1.2993,1.3072,1.3638,1.393,1.3855,1.3462,1.3363,1.3142,1.3604,1.2768,1.2448,1.3439,1.1866,1.2865,1.396,1.3637,1.3322,1.3239,1.3513,1.321,1.3683,1.2787,1.2589,1.3455,1.2586,1.2753,1.2617,1.3218,1.316,1.2725,1.3051,1.3098,1.3554,1.298,1.2467,1.3285,1.2566,1.2291,1.2841,1.3425,1.2706,1.2839,1.2961,1.253,1.2908,1.2515,1.243,1.3052,1.211,1.201,1.2316,1.2496,1.1838,1.2108,1.2712,1.2076,1.2644,1.2149,1.1771,1.21,1.1729,1.1272,1.1905,1.2072,1.1408,1.1505,1.2146,1.1712,1.2254,1.1273,1.1072,1.189,1.1291,1.0573,1.1808,1.1976,1.1655,1.1514,1.1144,1.1842,1.196,1.1644,1.1098,1.1717,1.1652,1.2108,1.2896,1.1907,1.2184,1.1612,1.2051,1.1633,1.1958,1.2124,1.2272,1.2593,1.2056,1.1729,1.1567,1.2152,1.1789,1.1769,1.1907,1.1433,1.1363,1.1198,1.0994,1.2032,1.0411,1.0216,1.0546,1.0745,1.0757,1.0577,1.0616,1.0322,1.0796,1.0569,1.039,1.0944,0.9905,0.9981,1.0355,1.0721,1.0567,1.0298,1.01,1.0001,1.0881,1.0667,1.0502,1.0698,0.9727,0.9467,0.972,0.984,1.0312,0.9789,0.9953,0.9309,1.004,0.9554,0.9728,0.9907,0.9203,0.8925,0.8849,0.9434,0.9326,0.9169,0.9185,0.9284,0.9292
-,-,-,Listening/viewing,0.6618,0.7565,0.5895,0.7367,0.7136,0.9165,0.6013,0.96,0.7006,0.8037,0.6929,0.685,0.6743,0.8032,0.586,0.7752,0.7701,0.8865,0.7316,0.9922,0.7166,0.8451,0.7375,0.8099,0.8106,0.9189,0.6877,0.899,0.8271,0.8907,0.7213,1.0007,0.7393,0.8456,0.7478,0.8127,0.7649,0.8684,0.6898,0.9264,0.8302,1.0592,0.7079,1.0533,0.7105,0.9084,0.6881,0.8755,0.621,1.0456,0.5983,1.0796,0.6691,1.1806,0.6526,1.1735,0.6952,1.0347,0.7099,0.9223,0.6977,1.0499,0.7068,1.0172,0.7789,1.1834,0.7141,1.0993,0.7052,0.9585,0.6777,0.8662,0.7209,0.942,0.6584,1.0116,0.7507,1.127,0.7061,1.1291,0.7486,1.0082,0.7198,0.9042,0.7346,1.0672,0.6707,1.0264,0.8321,1.1679,0.7708,1.1762,0.7493,0.9714,0.7637,0.9446,0.7875,1.0416,0.7186,1.1609,0.8222,1.2144,0.7712,1.232,0.7952,1.0861,0.7929,0.933,0.7432,1.0855,0.7307,1.1464,0.8675,1.1997,0.8205,1.2379,0.7896,1.0879,0.8141,1.0039,0.7786,1.1728,0.7656,1.1387,0.9084,1.3819,0.8434,1.2186,0.8156,1.1411,0.7758,1.0134,0.7604,1.1477,0.6882,1.1417,0.8437,1.2212,0.8384,1.3049,0.7855,1.1733,0.805,1.022,0.7629,1.2006,0.7632,1.0396,0.9183,1.2249,0.9227,1.2565,0.9434,1.11,0.9212,1.0289,0.8601,1.1361,0.8717,1.0999,0.908,1.2174,0.9137,1.2672,0.8771,1.0579,0.9061,0.979,0.821,1.1046,0.7373,1.2282,1.021,1.2273,0.8998,1.2682,0.9538,1.0888,0.9234,1.0028,0.9084,1.0793,0.8489,1.1532,0.9454,1.2522,0.9734,1.2385,0.93,1.1165,0.8724,1.03,0.904,1.1806,0.9146,1.1972,1.0244,1.3574,0.9767,1.3085,0.9921,1.1803,0.9382,1.0544,0.8856,1.1744,0.8901,1.2314,1.0327,1.3449,1.0344,1.3299,0.9959,1.1634,0.9233,1.0793,0.9306,1.131,0.9149,1.1958,1.0082,1.2644,0.9817,1.2784,0.9415,1.1288,0.8906,1.0712,0.8868,1.2569,0.8468,1.0909,1.0346,1.3464,0.9832,1.2884,0.9135,1.1635,0.9348,1.0558,0.9019,1.1588,0.7614,1.1167,0.8075,1.1472,0.8078,1.1232,0.7967,1.1802,0.8787,1.0184,0.8567,1.0972,0.7921,1.0151,0.8076,1.1883,0.8961,1.1788,0.7814,1.1029,0.9245,1.0277,0.7863,1.1001,0.7977,1.1215,0.9323,1.2735,0.9011,1.2532,0.8765,1.0798,0.8823,1.0417,0.8344,1.1833,0.8355,1.2277,1.0103,1.2201,0.9601,1.2338,0.9012,1.057,0.8361,0.9377,0.8816,1.0591,0.7693,1.0322,0.8825,1.1015,0.8566,1.1325,0.8907,1.0225,0.8277,0.9605,0.8281,1.1074,0.7423,1.0383,0.9485,1.1848,0.9444,1.2405,0.9066,1.0232,0.8436
-,-,-,trip,2.8667,3.1163,3.6527,3.1115,3.8066,3.3943,4.4508,6.0063,3.1215,3.4512,3.0026,2.4717,3.0047,2.6919,3.3006,3.42,3.5962,3.5958,4.1951,5.6534,3.2732,3.0584,3.0841,2.3987,3.0398,2.6466,3.0786,2.9045,3.3648,2.8733,4.4552,5.1696,3.2076,3.4388,2.9565,2.2414,2.9089,3.0212,3.0518,2.3753,3.04,2.7483,3.8688,4.9781,2.9701,3.231,3.2187,2.5006,2.897,2.9047,3.2447,3.0563,3.8138,3.0205,3.9737,5.3116,3.4042,3.3195,2.8144,2.5367,2.5101,3.062,3.5853,2.762,3.5742,3.2024,3.9662,4.8087,3.5975,3.4127,3.0765,2.243,2.5776,2.9783,3.1205,3.1495,3.6777,2.9748,3.5833,4.5476,3.16,3.6377,3.2196,2.4531,2.7419,2.9044,3.1786,3.0899,3.7366,3.1331,3.5089,4.8531,3.2933,3.3668,3.1831,2.5146,2.5208,2.7086,3.4131,3.1703,3.4422,3.2534,3.8506,4.4382,3.6918,3.2216,3.2476,2.5328,2.6606,2.748,2.8859,2.7414,3.075,2.7853,3.7099,4.4929,3.7173,3.005,3.2057,2.0403,2.4075,2.9552,3.0591,2.5394,3.2424,3.4182,3.437,4.8053,3.1652,3.1489,3.11,2.2948,2.5454,2.9272,2.5152,2.3318,2.844,2.9947,3.7397,4.3953,3.358,2.9922,2.8461,2.3019,2.2425,2.7384,3.127,2.7356,3.6807,3.0418,3.5479,4.4718,3.0337,3.3271,3.2447,2.4222,2.6532,2.6639,3.0228,3.1063,3.5238,3.4218,4.1003,4.676,3.0863,3.0429,3.28,2.4669,3.0437,2.2088,3.0697,3.2918,3.3797,2.8718,3.5577,4.66,3.209,3.0245,3.2247,2.4446,2.4982,2.4839,3.1891,2.5466,3.42,3.2466,3.8475,4.6954,3.2919,3.2068,3.3992,2.1571,2.4017,2.4476,3.2417,2.701,2.922,2.8701,3.6495,4.7985,3.4026,3.1923,2.9393,2.0877,2.549,2.3645,3.4403,2.6266,3.1478,3.0628,3.5294,4.6426,3.3631,2.6185,3.035,2.3091,2.7235,2.6508,2.8148,2.4986,3.1076,2.6958,3.1286,4.2591,3.1046,2.6812,2.9035,2.5471,3.1224,2.4595,3.0597,3.2417,3.232,2.9727,3.4931,4.5095,2.932,2.6878,3.1223,2.5867,2.5417,2.1793,0.9216,0.2202,0.3166,0.6365,0.9367,1.0106,1.2851,1.6042,1.5478,0.7473,0.642,0.6679,1.0575,0.7922,0.9133,0.9251,1.2704,1.1919,0.8368,1.6121,1.863,1.7213,1.3308,0.9376,1.4675,1.7297,2.0606,2.0243,2.4121,3.0296,2.2883,2.2765,2.2088,1.8539,2.4748,1.9804,2.6724,2.5858,2.7374,2.4569,3.0326,4.1404,2.5331,2.6807,3.0538,2.1887,2.4514,2.5148,2.9208,2.4143,2.8733,2.9129,3.6153,3.7807,2.5587,2.8684,2.9958,2.2772,2.5258,2.4378,2.9511,2.6385,3.3149,2.7849,2.9955,4.507,3.1242,2.9462,3.0518
-,-,-,sports,0.9692,0.7569,0.9012,0.9333,0.9547,0.8886,0.8595,0.8061,0.8362,0.9609,0.875,0.8129,0.8876,0.7617,0.9323,1.0697,0.9239,1.0274,0.9384,0.7452,0.7821,0.7754,0.9507,0.7785,0.8502,0.7335,0.8324,0.9312,0.8515,0.8634,0.7799,0.7099,0.7504,0.8768,0.8201,0.7194,0.7458,0.7139,0.7709,0.8798,0.8946,0.7836,0.8226,0.7258,0.7317,0.828,0.8045,0.7094,0.8079,0.7406,0.8085,0.8569,0.9261,0.929,0.9306,0.745,0.7587,0.7972,0.8419,0.7435,0.8671,0.6538,0.7575,0.8476,0.9673,0.8972,0.8905,0.7707,0.7767,0.8529,0.8819,0.6858,0.8649,0.7138,0.7225,0.9301,0.9065,0.9023,0.9181,0.8015,0.8393,0.9064,0.9888,0.7825,0.8706,0.8113,0.9105,0.9514,0.9702,0.9847,0.908,0.8185,0.7309,0.8101,0.8528,0.7007,0.8556,0.7418,0.9387,0.9875,0.9544,0.9601,0.9555,0.8913,0.8979,0.8806,1.0247,0.7998,0.9614,0.8213,0.9396,0.9842,1.064,0.9761,0.9285,0.9894,0.8679,0.8666,0.8966,0.7411,0.8413,0.6322,0.7728,0.849,0.9743,0.8188,0.9713,0.8604,0.8385,0.8865,0.8371,0.8137,0.7888,0.7159,0.7753,0.9055,0.9248,0.8687,0.8927,0.9007,0.7722,0.9068,0.9831,0.801,0.8961,0.7112,0.884,1.025,0.9982,0.9262,0.9047,0.8163,0.9059,0.8377,0.8485,0.7079,0.831,0.8262,0.9239,0.9659,1.0451,1.0567,0.9696,0.9103,0.8418,1.0004,0.9726,0.8118,0.8749,0.7367,0.9391,0.9598,1.1344,0.9612,0.9158,0.8528,0.9232,0.8687,0.8577,0.8069,0.8705,0.7416,0.9119,0.9641,1.1811,0.9946,1.0504,0.9572,0.954,1.069,0.9335,0.7818,0.8474,0.7925,0.9771,1.1118,1.2234,1.1734,1.053,0.9695,1.0067,0.9636,1.0072,0.7715,0.9597,0.7696,0.8931,0.9641,1.056,0.9777,0.9964,0.9154,0.8962,0.9358,0.9529,0.8089,0.9382,0.7458,1.0729,1.0393,1.1379,1.0219,0.9993,0.8209,0.8184,0.9119,0.9931,0.9166,1.0299,0.897,1.0741,1.145,1.0931,1.1178,0.9822,0.929,0.9927,1.0105,1.0751,0.964,0.9886,0.8965,0.9384,0.5576,0.6757,0.9178,0.9393,0.8844,0.9134,0.9594,0.9709,0.8486,0.8127,0.8013,0.8638,0.8975,0.9019,0.9048,0.8976,0.86,0.8537,0.9798,0.9414,0.906,0.8051,0.7216,0.8901,0.9024,1.0199,1.069,0.9901,0.9577,0.9,1.0664,1.0659,0.9835,0.9266,0.8438,1.0778,1.0278,1.1475,1.0575,1.0552,1.0322,0.9252,1.1024,1.2394,1.0798,0.9555,0.8861,0.9407,0.9818,1.0616,1.0691,1.0288,0.8979,0.9876,1.2334,1.0301,0.9293,0.8801,0.7714,0.9934,1.0801,1.0007,0.9143,0.9608,0.9561,0.9469,1.002,1.0957
-,-,-,Monthly fee,1.0468,1.1453,1.0428,1.1239,1.0552,1.2102,0.9912,0.8755,1.1256,1.1284,1.0318,0.7869,1.1628,1.048,1.1159,1.1114,1.0388,1.125,1.0323,0.8999,1.1607,1.0453,1.0979,0.9243,0.9652,1.162,1.0785,1.0811,1.1053,1.068,1.0016,0.8588,1.0967,1.0286,1.0615,0.8736,1.0558,1.12,1.0782,1.0766,1.0593,1.0862,1.0657,0.8783,1.0626,1.1693,0.9896,0.8552,0.9978,1.0986,1.0922,1.1622,1.0788,1.2625,1.1156,1.0128,1.1244,1.0627,1.0594,0.8642,1.0012,1.0921,1.0027,1.0609,0.9514,1.338,1.0361,0.8044,1.1272,1.0275,1.0003,0.9168,0.9592,1.0998,1.0002,1.0036,0.9602,1.0167,0.9582,0.8206,1.0359,0.9736,0.9924,0.8288,1.0635,1.1241,1.0231,1.0153,1.049,1.004,1.0129,0.8479,1.111,0.9873,0.9854,0.7848,0.9657,0.9879,0.954,0.9717,1.0176,0.9973,0.9207,0.7766,1.1449,0.9465,0.9826,0.8131,0.9981,1.0483,1.0326,1.0299,0.9165,1.0655,1.0243,0.8478,1.0425,1.0042,1.003,0.8663,1.002,1.0511,1.0322,1.076,1.0195,1.0919,1.0253,0.782,1.084,0.9366,0.963,0.844,1.0239,1.122,0.9712,1.0189,1.0378,1.0308,1.0302,0.8585,1.0222,0.9783,0.9436,0.8446,1.0264,1.1484,1.0213,1.0412,0.9559,1.0793,0.9757,0.8558,1.117,1.0435,1.0154,0.9008,0.9667,1.0336,0.984,1.0806,0.9311,1.0634,0.936,0.9176,1.0581,0.9089,0.8846,0.8223,0.9149,0.9475,0.8948,0.9906,0.9731,1.0561,0.9743,0.8156,1.0813,0.9606,0.9487,0.8725,0.9077,1.0292,1.0482,0.9858,0.9423,1.0839,0.9513,0.8446,0.9923,0.9993,0.9207,0.8261,0.8876,0.9423,0.996,0.9758,0.9509,1.1038,0.9767,0.8598,1.1325,0.9356,0.947,0.811,0.9816,0.9941,0.9492,1.2422,0.8482,1.0644,0.9384,0.834,0.9844,0.9725,1.043,0.8695,0.9631,0.9755,1.0311,1.0118,0.9374,0.9752,0.9312,0.8089,1.0823,0.9394,0.902,0.8747,0.8699,0.9991,0.9299,0.9673,0.9887,1.051,0.9221,0.8271,1.0302,0.9511,0.9305,0.7847,0.9221,0.962,0.7002,0.5285,0.3543,0.6551,0.837,0.7393,0.9056,0.9361,0.7854,0.7013,0.7025,0.6817,0.705,0.7793,0.8333,0.8721,0.9428,0.7955,0.8251,0.8543,0.7819,0.6687,0.6981,0.943,0.7817,0.8236,0.8085,0.8679,0.8517,0.8397,0.9516,0.8416,0.875,0.715,0.7867,0.8346,0.8051,0.8153,0.731,0.8598,0.8043,0.7201,0.7973,0.7901,0.8166,0.7963,0.7973,0.8961,0.855,0.7162,0.7554,0.8676,0.8108,0.7681,0.8598,0.8083,0.7451,0.7064,0.7181,0.7659,0.752,0.801,0.7305,0.7281,0.7419,0.822,0.7638,0.7387,0.633
-,-,-,Membership fee/social fee,0.5042,0.4958,0.4458,0.5631,0.5454,0.5325,0.4797,0.4484,0.4375,0.4496,0.4506,0.4094,0.4422,0.4678,0.4213,0.5447,0.5201,0.531,0.4458,0.4195,0.4698,0.406,0.4269,0.4076,0.4108,0.4841,0.4574,0.5552,0.5247,0.502,0.4412,0.3886,0.4174,0.4105,0.4296,0.4228,0.4198,0.4227,0.448,0.4827,0.4851,0.4819,0.4133,0.3467,0.4063,0.394,0.4435,0.4057,0.4059,0.4605,0.4322,0.4982,0.4684,0.4661,0.4322,0.4149,0.4106,0.4424,0.41,0.4241,0.4223,0.4479,0.409,0.5207,0.5085,0.4493,0.4342,0.3809,0.3793,0.3715,0.3805,0.3468,0.3859,0.3686,0.3514,0.4791,0.3964,0.4266,0.3889,0.3294,0.3584,0.3814,0.3564,0.3206,0.3518,0.3677,0.3425,0.4346,0.3966,0.4223,0.3498,0.2925,0.3411,0.3357,0.3949,0.3637,0.3799,0.3799,0.3705,0.4303,0.4227,0.4132,0.3777,0.3349,0.3361,0.353,0.3515,0.3727,0.34,0.374,0.3782,0.4577,0.3968,0.4123,0.3834,0.366,0.3652,0.3384,0.3607,0.3353,0.3532,0.3875,0.3497,0.445,0.4211,0.4304,0.3639,0.3122,0.3628,0.3552,0.3357,0.3339,0.3548,0.3792,0.335,0.4163,0.4005,0.3958,0.3946,0.3092,0.313,0.3512,0.3226,0.3652,0.367,0.3842,0.3512,0.4342,0.3567,0.4025,0.3759,0.3003,0.3326,0.3047,0.3284,0.3281,0.3534,0.3335,0.3182,0.411,0.3853,0.3886,0.36,0.273,0.2946,0.29,0.2966,0.3047,0.3336,0.2989,0.2513,0.3902,0.3253,0.3475,0.355,0.2786,0.291,0.2991,0.3154,0.3081,0.2833,0.3332,0.3224,0.3777,0.39,0.3681,0.3505,0.2476,0.2756,0.2893,0.3026,0.2803,0.2655,0.3003,0.2878,0.3712,0.3183,0.3408,0.3071,0.2609,0.2864,0.2621,0.2728,0.259,0.2786,0.2659,0.2705,0.3403,0.2614,0.3002,0.269,0.2554,0.2626,0.2521,0.2827,0.2598,0.2544,0.2688,0.2609,0.322,0.2812,0.321,0.2781,0.2513,0.2894,0.2624,0.2918,0.294,0.2808,0.2997,0.2687,0.353,0.2918,0.3355,0.3,0.2386,0.2668,0.2539,0.2784,0.2676,0.2681,0.2594,0.2361,0.2803,0.2762,0.3036,0.2686,0.233,0.249,0.2518,0.2468,0.2448,0.2547,0.2044,0.1808,0.2226,0.2021,0.2467,0.2357,0.2111,0.2307,0.2213,0.2209,0.2238,0.189,0.2075,0.1943,0.2213,0.1978,0.2178,0.2054,0.1797,0.1858,0.1963,0.206,0.2021,0.236,0.2046,0.1771,0.2353,0.207,0.2584,0.2091,0.1671,0.1707,0.1934,0.1819,0.2097,0.1865,0.1865,0.192,0.2135,0.1963,0.22,0.1939,0.1795,0.2025,0.1756,0.1804,0.1622,0.2137,0.1725,0.1633,0.1993,0.1797,0.2078,0.1711,0.1714,0.1715,0.1789,0.1712
-,-,-,Other educational entertainment,2.2812,2.1915,2.4059,2.4186,2.859,2.3041,2.1542,2.5791,2.2536,2.2093,2.5072,3.3277,2.2806,2.1355,2.2532,2.5786,3.0335,2.3125,2.1947,2.5639,2.4221,2.2228,2.6091,3.3242,2.4258,2.2941,2.4787,2.6784,3.1493,2.4597,2.3355,2.8482,2.4277,2.405,2.6815,3.4707,2.3583,2.4647,2.4729,2.6118,3.0379,2.5636,2.5205,2.8156,2.5558,2.5357,2.7848,3.4865,2.4622,2.5625,2.5449,2.6278,3.0244,2.5117,2.4857,2.7921,2.5756,2.4536,3.0229,3.5571,2.4359,2.3748,2.4445,2.5789,3.0468,2.5433,2.6665,2.8749,2.7732,2.5398,2.7704,3.4242,2.2935,2.3491,2.6048,2.6461,3.3035,2.6177,2.6679,2.8789,2.8745,2.6814,2.9842,3.6565,2.608,2.6972,2.6298,2.7461,3.2534,2.6149,2.7792,2.8848,2.8119,2.6315,3.1138,3.724,2.5321,2.7554,2.8074,2.9453,3.3586,2.903,2.7433,3.0523,2.9314,2.7567,3.0917,3.9003,2.8023,2.6653,2.6925,3.0003,3.5916,2.8982,2.8796,3.1828,3.0468,2.8173,3.0263,3.7048,2.8823,2.8071,2.7238,3.005,3.5185,2.7454,2.8576,3.0635,2.9103,2.8059,3.0706,3.8201,2.6553,2.7286,2.7194,2.9666,3.3651,3.015,2.9099,3.1637,2.9317,2.7734,2.9767,3.7253,2.7373,2.6686,2.8367,2.9734,3.4243,2.7934,2.795,2.9573,2.9647,2.8047,2.9126,3.7466,2.7508,2.7087,2.6704,2.8057,3.3648,2.9452,2.8315,3.0849,2.9769,2.7202,3.1662,3.5906,2.7536,2.5944,2.7515,2.8133,3.708,3.0034,2.9755,3.1497,3.0568,2.7833,3.082,3.5813,2.6576,2.5569,2.6705,2.9842,3.3104,2.8941,2.9597,3.0791,3.1202,2.8081,3.0728,3.834,2.6828,2.8735,2.8997,2.8745,3.5735,3.1015,3.1237,3.1979,2.9616,3.1026,3.1619,3.6607,2.8394,2.686,3.0204,3.1399,3.4905,3.1428,2.9649,3.4043,3.0495,2.8204,3.1749,3.809,2.797,2.7254,3.0608,3.0339,3.3604,2.9368,3.0467,3.2245,3.0873,2.9181,3.1362,3.6253,2.9175,2.9366,2.7998,3.1301,3.4108,3.0717,3.0001,3.1911,3.1167,2.9621,3.2831,3.9113,2.869,2.8241,3.0782,3.211,3.814,3.0574,3.1952,3.4336,3.2794,2.9601,3.3137,3.8609,2.9993,3.0873,3.3196,3.2789,3.5223,3.2253,3.3432,3.5895,3.3678,3.2039,3.3931,3.7584,2.8909,2.9323,3.224,3.3201,3.7555,3.3693,3.4303,3.5134,3.2893,3.1771,3.3985,3.7536,3.0917,3.2162,3.3524,3.3596,4.0043,3.3142,3.4003,3.5799,3.3714,3.295,3.7306,3.8383,3.1126,3.1951,3.2638,3.4449,3.8305,3.4629,3.3355,3.6523,3.44,3.2421,3.6949,3.7963,3.0207,3.2835,3.25,3.5043,3.7243,3.474,3.4436,3.7678,3.5658,3.5764,3.764
-,-,-,Consumption expenditure (reposted),100.0,100.0,100.0,100.0,100.0,100.0,100.0,100.0,100.0,100.0,100.0,100.0,100.0,100.0,100.0,100.0,100.0,100.0,100.0,100.0,100.0,100.0,100.0,100.0,100.0,100.0,100.0,100.0,100.0,100.0,100.0,100.0,100.0,100.0,100.0,100.0,100.0,100.0,100.0,100.0,100.0,100.0,100.0,100.0,100.0,100.0,100.0,100.0,100.0,100.0,100.0,100.0,100.0,100.0,100.0,100.0,100.0,100.0,100.0,100.0,100.0,100.0,100.0,100.0,100.0,100.0,100.0,100.0,100.0,100.0,100.0,100.0,100.0,100.0,100.0,100.0,100.0,100.0,100.0,100.0,100.0,100.0,100.0,100.0,100.0,100.0,100.0,100.0,100.0,100.0,100.0,100.0,100.0,100.0,100.0,100.0,100.0,100.0,100.0,100.0,100.0,100.0,100.0,100.0,100.0,100.0,100.0,100.0,100.0,100.0,100.0,100.0,100.0,100.0,100.0,100.0,100.0,100.0,100.0,100.0,100.0,100.0,100.0,100.0,100.0,100.0,100.0,100.0,100.0,100.0,100.0,100.0,100.0,100.0,100.0,100.0,100.0,100.0,100.0,100.0,100.0,100.0,100.0,100.0,100.0,100.0,100.0,100.0,100.0,100.0,100.0,100.0,100.0,100.0,100.0,100.0,100.0,100.0,100.0,100.0,100.0,100.0,100.0,100.0,100.0,100.0,100.0,100.0,100.0,100.0,100.0,100.0,100.0,100.0,100.0,100.0,100.0,100.0,100.0,100.0,100.0,100.0,100.0,100.0,100.0,100.0,100.0,100.0,100.0,100.0,100.0,100.0,100.0,100.0,100.0,100.0,100.0,100.0,100.0,100.0,100.0,100.0,100.0,100.0,100.0,100.0,100.0,100.0,100.0,100.0,100.0,100.0,100.0,100.0,100.0,100.0,100.0,100.0,100.0,100.0,100.0,100.0,100.0,100.0,100.0,100.0,100.0,100.0,100.0,100.0,100.0,100.0,100.0,100.0,100.0,100.0,100.0,100.0,100.0,100.0,100.0,100.0,100.0,100.0,100.0,100.0,100.0,100.0,100.0,100.0,100.0,100.0,100.0,100.0,100.0,100.0,100.0,100.0,100.0,100.0,100.0,100.0,100.0,100.0,100.0,100.0,100.0,100.0,100.0,100.0,100.0,100.0,100.0,100.0,100.0,100.0,100.0,100.0,100.0,100.0,100.0,100.0,100.0,100.0,100.0,100.0,100.0,100.0,100.0,100.0,100.0,100.0,100.0,100.0,100.0,100.0,100.0,100.0,100.0,100.0,100.0,100.0,100.0,100.0,100.0,100.0,100.0,100.0,100.0,100.0,100.0
-,-,-,basic expenditure,59.5476,58.5025,55.5262,51.7308,57.4117,57.0402,55.3948,57.8503,56.2986,56.4987,57.4789,58.4157,61.0164,57.5397,54.2552,54.2396,58.0367,57.0452,55.8779,59.1271,57.7541,56.1032,57.7271,60.7062,60.561,60.042,55.4008,53.7364,59.1637,58.0405,56.4281,59.8582,57.1035,56.2886,59.4298,61.465,61.9749,60.9979,57.3189,54.1685,59.3564,58.8177,58.0041,58.4899,57.6985,57.2626,58.2408,61.1692,60.7146,59.6502,56.584,52.9612,57.8433,58.5484,56.2951,59.3249,57.2417,56.8317,59.1774,60.6221,57.8838,57.9985,54.5593,53.1314,56.2974,56.8926,58.0471,59.923,55.9759,55.4613,58.8294,60.0041,59.1157,58.7422,56.5272,52.5416,57.7682,58.244,56.3124,59.5648,56.6272,56.0875,57.5673,61.8857,58.8966,58.4922,56.3883,52.5938,57.1785,58.2974,57.0342,59.0552,56.2068,55.7232,58.9476,61.0137,58.2504,59.0638,56.9517,53.4556,56.2712,57.7132,56.9559,59.4781,55.7113,56.4956,58.3129,60.8218,59.031,58.1836,56.8353,52.9291,56.5941,57.0851,56.9402,58.6689,55.7973,55.3645,58.0919,59.4101,56.1343,55.3723,52.6643,52.511,55.1113,56.0403,54.3684,56.7632,54.3024,53.2907,56.4459,58.3818,56.6791,57.0245,56.7194,53.2641,56.4334,56.6215,55.9362,58.7895,54.775,54.2767,55.4025,58.7982,57.7136,57.2343,54.5233,51.0744,55.587,55.896,55.259,56.8904,54.8812,53.4292,54.9512,58.1627,56.5638,54.9886,53.9403,51.5944,56.1374,55.4239,54.8141,57.8814,54.1629,53.3783,56.1045,58.159,56.4587,56.7559,53.4873,51.9936,56.4023,55.9934,55.2871,57.6037,54.4578,53.1141,55.0574,58.959,60.3663,60.306,56.9093,54.3717,57.8547,59.6109,58.139,58.99,56.7163,57.4477,57.9438,61.8054,59.7136,59.2107,57.5541,53.0591,57.6013,59.6916,58.7042,59.4374,56.4239,56.998,57.598,60.7674,59.3044,59.0196,57.0621,55.1974,57.0668,59.0981,58.6711,59.411,56.8396,55.8585,57.5225,60.7129,60.1561,59.1497,56.3954,54.6548,56.352,58.5561,57.7588,57.9337,56.8136,55.7043,56.5476,59.2111,58.7177,57.3144,55.6031,52.374,56.6322,58.4047,57.0709,57.3795,55.3377,56.9222,57.4911,59.3067,58.4571,58.1037,58.3138,59.5046,62.0966,60.5183,60.1749,61.4,58.0461,57.3695,57.9033,62.8554,62.2968,60.4292,58.1995,54.6367,58.3428,61.954,60.3474,62.2143,59.4483,56.4178,58.1824,61.4339,61.0443,62.2947,58.6752,54.7732,58.3043,61.0185,60.3113,60.2751,58.729,57.0351,58.8805,61.6813,60.27,61.232,58.1715,55.9038,59.15,60.1626,59.5927,59.9449,57.7872,56.3439,57.991,60.0116,59.593,58.7691,56.0354,54.7194,58.2455,59.162,59.181,61.9799,57.7477,57.2934,58.1295,60.9294,60.0951,58.7802,55.2922,54.1998,54.7622,58.3439,57.8163,57.1465,55.6307,56.357,55.6297
-,-,-,selective spending,40.452,41.4975,44.4738,48.2692,42.5883,42.9595,44.6052,42.1497,43.7014,43.5013,42.5211,41.5843,38.9839,42.4603,45.7448,45.7604,41.9629,42.9545,44.1221,40.8729,42.2459,43.8968,42.2729,39.2938,39.439,39.958,44.5992,46.2633,40.8367,41.9595,43.5719,40.1418,42.8965,43.7114,40.5702,38.5352,38.0248,39.0021,42.6811,45.8315,40.6436,41.1823,41.9959,41.5104,42.3015,42.7374,41.7592,38.8311,39.285,40.3498,43.416,47.0388,42.1567,41.4516,43.7046,40.6754,42.7586,43.1683,40.823,39.3779,42.1159,42.0015,45.4407,46.8686,43.7023,43.1074,41.9529,40.077,44.0241,44.5387,41.1706,39.9959,40.8843,41.2578,43.4728,47.4584,42.2318,41.756,43.6876,40.4352,43.3728,43.9128,42.4327,38.1143,41.1034,41.5082,43.6113,47.4062,42.8212,41.7026,42.9658,40.9448,43.7932,44.2771,41.0524,38.9866,41.7496,40.9365,43.0483,46.5447,43.7292,42.2868,43.0438,40.5215,44.2887,43.5044,41.6871,39.1782,40.9693,41.8168,43.1647,47.0706,43.4059,42.9153,43.0601,41.3311,44.2027,44.6355,41.9081,40.5896,43.8657,44.6277,47.3354,47.489,44.8887,43.9597,45.6316,43.2365,45.6976,46.7093,43.5541,41.6182,43.3209,42.9755,43.2802,46.7359,43.5666,43.3785,44.0642,41.2105,45.2254,45.7233,44.5975,41.2015,42.2864,42.7657,45.4764,48.9253,44.413,44.104,44.7406,43.1096,45.1188,46.5708,45.0484,41.837,43.4362,45.0114,46.0593,48.4056,43.8626,44.5761,45.1859,42.1186,45.8371,46.6217,43.8955,41.841,43.5416,43.2441,46.5127,48.0064,43.5977,44.0066,44.7129,42.3963,45.5422,46.8859,44.9426,41.041,39.634,39.694,43.0907,45.628,42.1453,40.3891,41.8607,41.0103,43.2837,42.5523,42.0562,38.1946,40.2864,40.789,42.4459,46.9412,42.3987,40.3084,41.2958,40.5626,43.5761,43.002,42.402,39.2326,40.6956,40.9804,42.9382,44.8026,42.9332,40.9019,41.3289,40.589,43.1604,44.1415,42.4771,39.2867,39.8439,40.8503,43.6049,45.3452,43.648,41.4439,42.2412,42.0663,43.1864,44.2957,43.452,40.7889,41.282,42.686,44.3969,47.626,43.3678,41.5953,42.9295,42.6205,44.6627,43.0774,42.5089,40.6933,41.5433,41.8963,41.6862,40.4957,37.9034,39.4817,39.8255,38.5997,41.9539,42.6302,42.0967,37.1449,37.7035,39.5708,41.8005,45.3633,41.6569,38.046,39.6526,37.7857,40.5517,43.5822,41.8176,38.5664,38.9557,37.7053,41.3245,45.2268,41.6957,38.9815,39.6887,39.7249,41.271,42.9652,41.1192,38.3184,39.7303,38.768,41.8288,44.0962,40.85,39.8374,40.407,40.0551,42.2128,43.6561,42.009,39.9884,40.4067,41.2309,43.9643,45.2806,41.7545,40.838,40.819,38.0201,42.252,42.7066,41.8705,39.0709,39.9049,41.2198,44.708,45.8002,45.2378,41.6561,42.1837,42.8535,44.3693,43.6433,44.3699
